crash_id,crash_datetime,crash_date,hour,month,year,day_of_week,latitude,longitude,severity,contains_fatality_words,contains_pedestrian_words,contains_motorcycle_words,contains_matatu_words,road_user_type,n_crash_reports
1,2018-06-06 20:39:00,2018-06-06,20,6,2018,Wednesday,-1.2631315,36.7642835,Non-Fatal,0,0,0,0,Other,1
2,2018-06-30 13:36:00,2018-06-30,13,6,2018,Saturday,-1.295135,36.821932,Non-Fatal,0,0,0,0,Other,1
3,2018-05-26 07:42:00,2018-05-26,7,5,2018,Saturday,-1.3718555,36.9204565,Fatal,1,0,0,0,Other,1
4,2018-05-26 07:52:00,2018-05-26,7,5,2018,Saturday,-1.209945,36.83323,Non-Fatal,0,0,0,0,Other,1
5,2018-05-26 15:42:00,2018-05-26,15,5,2018,Saturday,-1.215468,36.850638,Non-Fatal,0,0,0,0,Other,1
6,2018-05-26 18:21:00,2018-05-26,18,5,2018,Saturday,-1.2451285,36.8673795,Non-Fatal,0,0,0,0,Other,1
7,2018-05-26 20:15:00,2018-05-26,20,5,2018,Saturday,-1.389695,36.938026,Non-Fatal,0,0,0,0,Other,1
8,2018-05-27 14:03:00,2018-05-27,14,5,2018,Sunday,-1.234781,36.8728705,Non-Fatal,0,0,0,0,Other,1
9,2018-05-27 14:04:00,2018-05-27,14,5,2018,Sunday,-1.258537,36.91659,Fatal,1,0,1,0,Motorcycle,1
10,2018-05-27 14:49:00,2018-05-27,14,5,2018,Sunday,-1.067963,37.051213,Non-Fatal,0,0,0,1,Matatu,1
11,2018-05-27 17:00:00,2018-05-27,17,5,2018,Sunday,-1.260797,36.712915,Non-Fatal,0,0,1,0,Motorcycle,1
12,2018-05-28 06:20:00,2018-05-28,6,5,2018,Monday,-1.216927,36.8941755,Non-Fatal,0,0,0,0,Other,1
13,2018-05-28 06:55:00,2018-05-28,6,5,2018,Monday,-1.220387,36.89118,Non-Fatal,0,0,0,0,Other,1
14,2018-05-28 19:42:00,2018-05-28,19,5,2018,Monday,-1.396656,36.941388,Non-Fatal,0,0,0,1,Matatu,1
15,2018-05-29 16:33:00,2018-05-29,16,5,2018,Tuesday,-1.3195655,36.8385065,Non-Fatal,0,0,0,0,Other,1
16,2018-05-29 16:44:00,2018-05-29,16,5,2018,Tuesday,-1.304899,36.82478,Non-Fatal,0,0,0,0,Other,1
17,2018-05-29 17:18:00,2018-05-29,17,5,2018,Tuesday,-1.249479,36.846988,Non-Fatal,0,0,0,0,Other,1
18,2018-05-29 18:32:00,2018-05-29,18,5,2018,Tuesday,-1.506574,37.095385,Non-Fatal,0,0,0,0,Other,1
19,2018-05-30 06:35:00,2018-05-30,6,5,2018,Wednesday,-1.25021,36.820718,Non-Fatal,0,0,0,1,Matatu,1
20,2018-05-30 10:22:00,2018-05-30,10,5,2018,Wednesday,-1.225951,36.839095,Non-Fatal,0,0,0,0,Other,1
21,2018-05-30 17:29:00,2018-05-30,17,5,2018,Wednesday,-1.274802,36.812039,Non-Fatal,0,0,0,0,Other,1
22,2018-05-30 19:07:00,2018-05-30,19,5,2018,Wednesday,-1.262799,36.879031,Non-Fatal,0,0,0,0,Other,1
23,2018-05-31 08:51:00,2018-05-31,8,5,2018,Thursday,-1.2642666,36.74699,Non-Fatal,0,0,0,0,Other,1
24,2018-05-31 13:30:00,2018-05-31,13,5,2018,Thursday,-1.052522,37.094317,Fatal,1,0,1,0,Motorcycle,1
25,2018-05-31 17:32:00,2018-05-31,17,5,2018,Thursday,-1.292827,36.7745175,Non-Fatal,0,0,0,0,Other,1
26,2018-05-31 17:42:00,2018-05-31,17,5,2018,Thursday,-1.298367,36.802168,Non-Fatal,0,0,0,0,Other,1
27,2018-05-31 20:02:00,2018-05-31,20,5,2018,Thursday,-1.300398,36.773832,Non-Fatal,0,0,0,0,Other,1
28,2018-05-31 20:20:00,2018-05-31,20,5,2018,Thursday,-1.124653,37.003037,Non-Fatal,0,0,0,0,Other,1
29,2018-05-31 22:46:00,2018-05-31,22,5,2018,Thursday,-1.261998,36.84,Non-Fatal,0,0,0,0,Other,1
30,2018-05-31 22:57:00,2018-05-31,22,5,2018,Thursday,-1.256093,36.855982,Non-Fatal,0,0,0,0,Other,1
31,2018-06-01 06:50:00,2018-06-01,6,6,2018,Friday,-1.3632275,36.7648435,Non-Fatal,0,0,0,0,Other,1
32,2018-06-01 09:33:00,2018-06-01,9,6,2018,Friday,-0.983177,36.632307,Non-Fatal,0,0,0,0,Other,1
33,2018-06-01 11:47:00,2018-06-01,11,6,2018,Friday,-1.296993,36.875598,Non-Fatal,0,0,0,0,Other,1
34,2018-06-01 11:59:00,2018-06-01,11,6,2018,Friday,-0.940662,36.620393,Non-Fatal,0,0,0,0,Other,1
35,2018-06-01 12:01:00,2018-06-01,12,6,2018,Friday,-0.804494,36.531555,Non-Fatal,0,0,0,0,Other,1
36,2018-06-01 16:13:00,2018-06-01,16,6,2018,Friday,-1.2881165,36.818796,Non-Fatal,0,1,0,0,Pedestrian,1
37,2018-06-01 18:39:00,2018-06-01,18,6,2018,Friday,-1.296362,36.883496,Non-Fatal,0,0,0,0,Other,1
38,2018-06-02 07:46:00,2018-06-02,7,6,2018,Saturday,-1.2666115,36.8344265,Non-Fatal,0,0,0,1,Matatu,1
39,2018-06-02 12:37:00,2018-06-02,12,6,2018,Saturday,-1.275757,36.8228905,Non-Fatal,0,0,0,0,Other,1
40,2018-06-02 16:45:00,2018-06-02,16,6,2018,Saturday,0.491426,35.27037,Non-Fatal,0,0,0,0,Other,1
41,2018-06-02 19:14:00,2018-06-02,19,6,2018,Saturday,-1.207233,36.911888,Non-Fatal,0,0,0,0,Other,1
42,2018-06-02 19:51:00,2018-06-02,19,6,2018,Saturday,-1.213711,36.899673,Non-Fatal,0,0,0,0,Other,1
43,2018-06-02 21:04:00,2018-06-02,21,6,2018,Saturday,-1.220088,36.892,Non-Fatal,0,0,0,0,Other,1
44,2018-06-03 00:25:00,2018-06-03,0,6,2018,Sunday,-1.289163,36.811719,Non-Fatal,0,0,0,0,Other,1
45,2018-06-03 06:29:00,2018-06-03,6,6,2018,Sunday,-1.3442335,36.666157,Non-Fatal,0,0,0,1,Matatu,1
46,2018-06-03 14:13:00,2018-06-03,14,6,2018,Sunday,-1.288932,36.839907,Non-Fatal,0,0,0,0,Other,1
47,2018-06-03 18:14:00,2018-06-03,18,6,2018,Sunday,-1.2693285,36.805776,Non-Fatal,0,0,0,0,Other,1
48,2018-06-03 20:14:00,2018-06-03,20,6,2018,Sunday,-1.364719,36.911405,Non-Fatal,0,0,0,0,Other,1
49,2018-06-03 22:15:00,2018-06-03,22,6,2018,Sunday,-1.097772,36.627076,Non-Fatal,0,0,0,0,Other,1
50,2018-06-04 01:54:00,2018-06-04,1,6,2018,Monday,-1.355691,36.657324,Non-Fatal,0,0,0,0,Other,1
51,2018-06-04 01:55:00,2018-06-04,1,6,2018,Monday,-1.217267,36.8929095,Non-Fatal,0,0,0,0,Other,1
52,2018-06-04 05:45:00,2018-06-04,5,6,2018,Monday,-1.396243,36.745543,Non-Fatal,0,0,0,0,Other,1
53,2018-06-04 06:54:00,2018-06-04,6,6,2018,Monday,-1.29374,36.795907,Non-Fatal,0,0,1,0,Motorcycle,1
54,2018-06-04 11:32:00,2018-06-04,11,6,2018,Monday,-1.2612255,36.8739765,Non-Fatal,0,0,0,1,Matatu,1
55,2018-06-04 12:23:00,2018-06-04,12,6,2018,Monday,-1.148514,36.961087,Non-Fatal,0,0,0,0,Other,1
56,2018-06-04 14:29:00,2018-06-04,14,6,2018,Monday,-1.278919,36.784299,Non-Fatal,0,0,0,0,Other,1
57,2018-06-04 15:23:00,2018-06-04,15,6,2018,Monday,-1.12422,37.003608,Non-Fatal,0,0,0,0,Other,1
58,2018-06-04 17:45:00,2018-06-04,17,6,2018,Monday,-1.266667,36.834423,Non-Fatal,0,0,0,0,Other,1
59,2018-06-05 07:36:00,2018-06-05,7,6,2018,Tuesday,-1.324801,36.8481885,Non-Fatal,0,0,0,0,Other,1
60,2018-06-05 11:50:00,2018-06-05,11,6,2018,Tuesday,-1.153175,36.961002,Non-Fatal,0,0,0,0,Other,1
61,2018-06-05 15:26:00,2018-06-05,15,6,2018,Tuesday,-1.3249405,36.848489,Non-Fatal,0,0,0,0,Other,1
62,2018-06-05 17:06:00,2018-06-05,17,6,2018,Tuesday,-1.280817,36.816967,Non-Fatal,0,0,0,0,Other,1
63,2018-06-05 18:59:00,2018-06-05,18,6,2018,Tuesday,-1.297165,36.875237,Non-Fatal,0,0,0,0,Other,1
64,2018-06-05 19:13:00,2018-06-05,19,6,2018,Tuesday,-1.210473,36.7894545,Non-Fatal,0,0,0,0,Other,1
65,2018-06-05 20:23:00,2018-06-05,20,6,2018,Tuesday,-1.245244,36.7695612,Non-Fatal,0,0,0,0,Other,1
66,2018-06-05 21:26:00,2018-06-05,21,6,2018,Tuesday,-1.287058,36.836512,Non-Fatal,0,0,0,0,Other,1
67,2018-06-05 23:10:00,2018-06-05,23,6,2018,Tuesday,-1.181702,36.9373895,Fatal,1,0,0,0,Other,1
68,2018-06-06 03:33:00,2018-06-06,3,6,2018,Wednesday,-1.2631,36.979394,Non-Fatal,0,0,0,0,Other,1
69,2018-06-06 07:08:00,2018-06-06,7,6,2018,Wednesday,-1.2198175,36.8911125,Non-Fatal,0,0,0,0,Other,1
70,2018-06-06 09:17:00,2018-06-06,9,6,2018,Wednesday,-1.264737,36.802079,Non-Fatal,0,0,0,1,Matatu,1
71,2018-06-06 21:13:00,2018-06-06,21,6,2018,Wednesday,-1.406897,36.947256,Non-Fatal,0,0,0,0,Other,1
72,2018-06-06 21:58:00,2018-06-06,21,6,2018,Wednesday,-1.411171,36.951006,Non-Fatal,0,0,0,0,Other,1
73,2018-06-07 05:43:00,2018-06-07,5,6,2018,Thursday,-1.285105,36.883902,Non-Fatal,0,0,0,0,Other,1
74,2018-06-07 05:55:00,2018-06-07,5,6,2018,Thursday,-1.203801,36.916523,Non-Fatal,0,0,0,0,Other,1
75,2018-06-07 06:31:00,2018-06-07,6,6,2018,Thursday,-1.260699,36.716544,Non-Fatal,0,0,0,0,Other,1
76,2018-06-07 06:50:00,2018-06-07,6,6,2018,Thursday,-1.278127,36.8214565,Non-Fatal,0,0,0,0,Other,1
77,2018-06-07 08:12:00,2018-06-07,8,6,2018,Thursday,-1.364719,36.911405,Non-Fatal,0,0,0,0,Other,1
78,2018-06-07 08:15:00,2018-06-07,8,6,2018,Thursday,-1.3339635,36.779085,Non-Fatal,0,0,0,0,Other,1
79,2018-06-07 14:46:00,2018-06-07,14,6,2018,Thursday,-1.300187,36.7743565,Non-Fatal,0,0,0,0,Other,1
80,2018-06-07 14:48:00,2018-06-07,14,6,2018,Thursday,-1.227037,36.882905,Non-Fatal,0,0,0,0,Other,1
81,2018-06-07 16:29:00,2018-06-07,16,6,2018,Thursday,-1.372598,36.920491,Non-Fatal,0,0,0,0,Other,1
82,2018-06-07 18:52:00,2018-06-07,18,6,2018,Thursday,-1.190474,36.739465,Non-Fatal,0,0,0,0,Other,1
83,2018-06-07 21:28:00,2018-06-07,21,6,2018,Thursday,-1.136438,36.97028,Non-Fatal,0,0,0,0,Other,1
84,2018-06-08 05:17:00,2018-06-08,5,6,2018,Friday,-1.525206,37.121076,Non-Fatal,0,0,0,0,Other,1
85,2018-06-08 06:41:00,2018-06-08,6,6,2018,Friday,-1.343014,36.765581,Non-Fatal,0,0,0,0,Other,1
86,2018-06-08 07:06:00,2018-06-08,7,6,2018,Friday,-1.332986,36.80054,Non-Fatal,0,0,0,0,Other,1
87,2018-06-08 07:28:00,2018-06-08,7,6,2018,Friday,-1.039962,37.068619,Non-Fatal,0,0,0,1,Matatu,1
88,2018-06-08 07:29:00,2018-06-08,7,6,2018,Friday,-1.317394,36.812597,Non-Fatal,0,0,0,0,Other,1
89,2018-06-08 07:44:00,2018-06-08,7,6,2018,Friday,-1.328397,36.800541,Non-Fatal,0,0,0,0,Other,1
90,2018-06-08 10:43:00,2018-06-08,10,6,2018,Friday,-1.260901,36.71664,Non-Fatal,0,0,0,0,Other,1
91,2018-06-08 11:28:00,2018-06-08,11,6,2018,Friday,-1.272665,36.808979,Non-Fatal,0,0,0,0,Other,1
92,2018-06-08 13:05:00,2018-06-08,13,6,2018,Friday,-1.27496,36.818027,Non-Fatal,0,0,0,0,Other,1
93,2018-06-08 15:30:00,2018-06-08,15,6,2018,Friday,-1.492577,37.055126,Non-Fatal,0,0,0,0,Other,1
94,2018-06-09 08:12:00,2018-06-09,8,6,2018,Saturday,-1.299726,36.824457,Non-Fatal,0,0,0,1,Matatu,1
95,2018-06-09 08:38:00,2018-06-09,8,6,2018,Saturday,-1.305172,36.754582,Non-Fatal,0,0,0,0,Other,1
96,2018-06-09 10:54:00,2018-06-09,10,6,2018,Saturday,-1.292437,36.805122,Non-Fatal,0,0,1,0,Motorcycle,1
97,2018-06-09 11:56:00,2018-06-09,11,6,2018,Saturday,-1.252175,36.959263,Non-Fatal,0,0,0,0,Other,1
98,2018-06-09 19:59:00,2018-06-09,19,6,2018,Saturday,-1.274917,36.823408,Non-Fatal,0,0,0,0,Other,1
99,2018-06-09 20:15:00,2018-06-09,20,6,2018,Saturday,-1.307371,36.889824,Non-Fatal,0,1,0,0,Pedestrian,1
100,2018-06-09 20:36:00,2018-06-09,20,6,2018,Saturday,-1.3228495,36.8990795,Non-Fatal,0,0,0,0,Other,1
101,2018-06-09 22:34:00,2018-06-09,22,6,2018,Saturday,-1.259203,36.842383,Non-Fatal,0,0,0,0,Other,1
102,2018-06-10 02:34:00,2018-06-10,2,6,2018,Sunday,-1.1711185,36.9725295,Fatal,1,0,0,0,Other,1
103,2018-06-10 12:21:00,2018-06-10,12,6,2018,Sunday,-1.300044,36.7872145,Non-Fatal,0,1,0,0,Pedestrian,1
104,2018-06-10 18:02:00,2018-06-10,18,6,2018,Sunday,-1.206032,36.914291,Non-Fatal,0,0,0,0,Other,1
105,2018-06-10 18:10:00,2018-06-10,18,6,2018,Sunday,-1.210347,36.90942,Non-Fatal,0,0,0,0,Other,1
106,2018-06-10 18:24:00,2018-06-10,18,6,2018,Sunday,-1.215691,36.895632,Non-Fatal,0,0,0,0,Other,1
107,2018-06-10 18:59:00,2018-06-10,18,6,2018,Sunday,-1.131297,36.982169,Non-Fatal,0,0,0,0,Other,1
108,2018-06-11 09:12:00,2018-06-11,9,6,2018,Monday,-1.259459,36.844829,Non-Fatal,0,1,0,0,Pedestrian,1
109,2018-06-11 14:35:00,2018-06-11,14,6,2018,Monday,-1.2967465,36.8760185,Non-Fatal,0,0,1,1,Matatu,1
110,2018-06-11 18:48:00,2018-06-11,18,6,2018,Monday,-1.259999,36.895915,Non-Fatal,0,0,0,0,Other,1
111,2018-06-12 07:35:00,2018-06-12,7,6,2018,Tuesday,-1.263123,36.838843,Non-Fatal,0,0,0,0,Other,1
112,2018-06-12 08:06:00,2018-06-12,8,6,2018,Tuesday,-1.299826,36.824192,Non-Fatal,0,0,0,0,Other,1
113,2018-06-12 14:38:00,2018-06-12,14,6,2018,Tuesday,-1.297632,36.869754,Non-Fatal,0,0,1,0,Motorcycle,1
114,2018-06-12 18:47:00,2018-06-12,18,6,2018,Tuesday,-1.2515222,36.93756,Non-Fatal,0,0,0,0,Other,1
115,2018-06-12 19:24:00,2018-06-12,19,6,2018,Tuesday,-1.292918,36.820308,Non-Fatal,0,0,0,0,Other,1
116,2018-06-12 20:43:00,2018-06-12,20,6,2018,Tuesday,-1.177645,36.915433,Non-Fatal,0,0,0,0,Other,1
117,2018-06-13 06:06:00,2018-06-13,6,6,2018,Wednesday,-1.285249,36.819619,Non-Fatal,0,0,0,0,Other,1
118,2018-06-13 06:32:00,2018-06-13,6,6,2018,Wednesday,-1.3291645,36.870969,Non-Fatal,0,0,0,1,Matatu,1
119,2018-06-13 06:36:00,2018-06-13,6,6,2018,Wednesday,-1.20004,36.920365,Non-Fatal,0,0,0,0,Other,1
120,2018-06-13 15:44:00,2018-06-13,15,6,2018,Wednesday,-1.32681,36.852673,Non-Fatal,0,0,1,0,Motorcycle,1
121,2018-06-13 16:47:00,2018-06-13,16,6,2018,Wednesday,-1.1217925,37.0067835,Non-Fatal,0,0,0,0,Other,1
122,2018-06-13 17:22:00,2018-06-13,17,6,2018,Wednesday,-1.130442,36.982174,Non-Fatal,0,0,0,0,Other,1
123,2018-06-13 19:43:00,2018-06-13,19,6,2018,Wednesday,-1.2854,36.828469,Non-Fatal,0,0,0,0,Other,1
124,2018-06-13 19:44:00,2018-06-13,19,6,2018,Wednesday,-1.244617,36.867234,Non-Fatal,0,0,0,0,Other,1
125,2018-06-14 06:59:00,2018-06-14,6,6,2018,Thursday,-1.2893585,36.785387,Non-Fatal,0,0,0,0,Other,1
126,2018-06-14 08:55:00,2018-06-14,8,6,2018,Thursday,-1.2942895,36.8506075,Fatal,1,0,0,0,Other,1
127,2018-06-14 09:50:00,2018-06-14,9,6,2018,Thursday,-0.792679,36.52482,Non-Fatal,0,0,0,0,Other,1
128,2018-06-14 10:32:00,2018-06-14,10,6,2018,Thursday,-1.2925405,36.789615,Non-Fatal,0,0,0,0,Other,1
129,2018-06-14 14:58:00,2018-06-14,14,6,2018,Thursday,-1.2261085,36.8831795,Non-Fatal,0,0,0,0,Other,1
130,2018-06-14 16:40:00,2018-06-14,16,6,2018,Thursday,-1.291011,36.82333,Non-Fatal,0,0,0,0,Other,1
131,2018-06-14 17:50:00,2018-06-14,17,6,2018,Thursday,-1.248458,36.8633035,Non-Fatal,0,0,0,0,Other,1
132,2018-06-15 19:51:00,2018-06-15,19,6,2018,Friday,-1.234399,36.99005,Non-Fatal,0,0,0,0,Other,1
133,2018-06-17 09:34:00,2018-06-17,9,6,2018,Sunday,-1.3193655,36.838268,Non-Fatal,0,0,0,0,Other,1
134,2018-06-17 23:27:00,2018-06-17,23,6,2018,Sunday,-1.296765,36.876709,Non-Fatal,0,0,1,0,Motorcycle,1
135,2018-06-19 16:45:00,2018-06-19,16,6,2018,Tuesday,-1.3042055,36.839078,Non-Fatal,0,0,1,0,Motorcycle,1
136,2018-06-19 17:17:00,2018-06-19,17,6,2018,Tuesday,-1.204089,36.9165105,Non-Fatal,0,0,0,0,Other,1
137,2018-06-19 18:08:00,2018-06-19,18,6,2018,Tuesday,-1.266943,36.809149,Non-Fatal,0,0,0,0,Other,1
138,2018-06-19 19:36:00,2018-06-19,19,6,2018,Tuesday,-1.172129,36.947516,Non-Fatal,0,0,0,0,Other,1
139,2018-06-19 20:10:00,2018-06-19,20,6,2018,Tuesday,-1.181013,36.9382305,Non-Fatal,0,1,0,0,Pedestrian,1
140,2018-06-20 07:34:00,2018-06-20,7,6,2018,Wednesday,-1.295375,36.8864,Non-Fatal,0,0,0,0,Other,1
141,2018-06-20 07:47:00,2018-06-20,7,6,2018,Wednesday,-1.269846,36.807199,Non-Fatal,0,0,0,0,Other,1
142,2018-06-20 10:45:00,2018-06-20,10,6,2018,Wednesday,-1.326041,36.7937735,Non-Fatal,0,0,0,0,Other,1
143,2018-06-20 16:04:00,2018-06-20,16,6,2018,Wednesday,-1.372631,36.9215365,Non-Fatal,0,0,0,0,Other,1
144,2018-06-20 19:21:00,2018-06-20,19,6,2018,Wednesday,-1.2861805,36.8338935,Non-Fatal,0,0,0,1,Matatu,1
145,2018-06-20 19:40:00,2018-06-20,19,6,2018,Wednesday,-1.204089,36.9165105,Non-Fatal,0,0,0,0,Other,1
146,2018-06-21 06:14:00,2018-06-21,6,6,2018,Thursday,-1.295375,36.8864,Non-Fatal,0,0,0,0,Other,1
147,2018-06-21 06:25:00,2018-06-21,6,6,2018,Thursday,-1.252702,36.8592995,Non-Fatal,0,0,0,0,Other,1
148,2018-06-21 07:18:00,2018-06-21,7,6,2018,Thursday,-1.248045,36.8640365,Non-Fatal,0,0,0,0,Other,1
149,2018-06-21 07:40:00,2018-06-21,7,6,2018,Thursday,-1.244371,36.8669365,Non-Fatal,0,0,0,0,Other,1
150,2018-06-21 09:22:00,2018-06-21,9,6,2018,Thursday,-1.283389,36.823544,Non-Fatal,0,0,0,0,Other,1
151,2018-06-21 15:55:00,2018-06-21,15,6,2018,Thursday,-1.105047,36.630144,Non-Fatal,0,0,0,0,Other,1
152,2018-06-21 19:52:00,2018-06-21,19,6,2018,Thursday,-1.107324,37.015486,Non-Fatal,0,0,0,0,Other,1
153,2018-06-22 06:15:00,2018-06-22,6,6,2018,Friday,-1.2594055,36.844797,Non-Fatal,0,0,0,0,Other,1
154,2018-06-22 07:39:00,2018-06-22,7,6,2018,Friday,-1.3194825,36.897537,Non-Fatal,0,0,0,0,Other,1
155,2018-06-22 10:43:00,2018-06-22,10,6,2018,Friday,-1.3315735,36.888197,Non-Fatal,0,0,0,0,Other,1
156,2018-06-22 12:52:00,2018-06-22,12,6,2018,Friday,-1.04122,37.071924,Non-Fatal,0,0,0,0,Other,1
157,2018-06-23 06:30:00,2018-06-23,6,6,2018,Saturday,-1.297096,36.875273,Non-Fatal,0,0,0,0,Other,1
158,2018-06-23 20:25:00,2018-06-23,20,6,2018,Saturday,-1.324893,36.846924,Non-Fatal,0,0,0,0,Other,1
159,2018-06-23 20:27:00,2018-06-23,20,6,2018,Saturday,-1.024323,37.0670515,Non-Fatal,0,0,0,0,Other,1
160,2018-06-24 01:25:00,2018-06-24,1,6,2018,Sunday,-1.304873,36.826523,Non-Fatal,0,0,0,0,Other,1
161,2018-06-24 01:48:00,2018-06-24,1,6,2018,Sunday,-1.024323,37.0670515,Non-Fatal,0,0,0,0,Other,1
162,2018-06-24 12:28:00,2018-06-24,12,6,2018,Sunday,-1.024331,37.067045,Non-Fatal,0,0,0,0,Other,1
163,2018-06-24 13:20:00,2018-06-24,13,6,2018,Sunday,-1.2326965,36.874799,Non-Fatal,0,0,0,0,Other,1
164,2018-06-24 17:49:00,2018-06-24,17,6,2018,Sunday,-1.204543,36.916238,Non-Fatal,0,0,0,0,Other,1
165,2018-06-25 06:46:00,2018-06-25,6,6,2018,Monday,-4.030708,39.640127,Non-Fatal,0,0,0,1,Matatu,1
166,2018-06-25 09:24:00,2018-06-25,9,6,2018,Monday,-1.2205955,36.8887205,Non-Fatal,0,0,0,0,Other,1
167,2018-06-25 11:38:00,2018-06-25,11,6,2018,Monday,-4.029915,39.632612,Non-Fatal,0,0,0,1,Matatu,1
168,2018-06-25 16:19:00,2018-06-25,16,6,2018,Monday,-1.132897,36.6349645,Non-Fatal,0,0,0,0,Other,1
169,2018-06-25 18:52:00,2018-06-25,18,6,2018,Monday,-1.3194545,36.8382225,Non-Fatal,0,0,0,0,Other,1
170,2018-06-25 19:00:00,2018-06-25,19,6,2018,Monday,-1.2594055,36.844797,Non-Fatal,0,0,0,0,Other,1
171,2018-06-27 08:24:00,2018-06-27,8,6,2018,Wednesday,-1.040628,36.823518,Non-Fatal,0,0,0,0,Other,1
172,2018-06-27 09:39:00,2018-06-27,9,6,2018,Wednesday,-3.793191,39.38432,Non-Fatal,0,0,0,0,Other,1
173,2018-06-27 13:14:00,2018-06-27,13,6,2018,Wednesday,-1.238104,36.8439875,Non-Fatal,0,0,0,0,Other,1
174,2018-06-27 13:20:00,2018-06-27,13,6,2018,Wednesday,-1.2948505,36.787387,Non-Fatal,0,0,0,0,Other,1
175,2018-06-28 16:57:00,2018-06-28,16,6,2018,Thursday,-1.2610945,36.841869,Non-Fatal,0,0,0,0,Other,1
176,2018-06-28 17:03:00,2018-06-28,17,6,2018,Thursday,-1.2848035,36.8204285,Non-Fatal,0,0,0,0,Other,1
177,2018-06-28 19:09:00,2018-06-28,19,6,2018,Thursday,-1.263175,36.758835,Non-Fatal,0,0,0,1,Matatu,1
178,2018-06-29 07:07:00,2018-06-29,7,6,2018,Friday,-1.2058225,36.8320265,Non-Fatal,0,0,0,0,Other,1
179,2018-06-29 07:46:00,2018-06-29,7,6,2018,Friday,-1.269846,36.807199,Non-Fatal,0,0,0,0,Other,1
180,2018-06-29 12:35:00,2018-06-29,12,6,2018,Friday,-1.3328455,36.7816645,Non-Fatal,0,0,1,0,Motorcycle,1
181,2018-06-29 18:03:00,2018-06-29,18,6,2018,Friday,-1.263873,36.7494195,Non-Fatal,0,0,0,0,Other,1
182,2018-06-30 06:56:00,2018-06-30,6,6,2018,Saturday,-1.372794,36.92026,Non-Fatal,0,0,0,0,Other,1
183,2018-06-30 08:23:00,2018-06-30,8,6,2018,Saturday,-1.205315,36.778044,Non-Fatal,0,0,0,0,Other,1
184,2018-06-30 09:08:00,2018-06-30,9,6,2018,Saturday,-1.2184465,36.892509,Non-Fatal,0,0,0,0,Other,1
185,2018-06-30 09:25:00,2018-06-30,9,6,2018,Saturday,-1.2263555,36.883683,Non-Fatal,0,0,0,0,Other,1
186,2018-06-30 10:03:00,2018-06-30,10,6,2018,Saturday,-1.037827,37.0636,Non-Fatal,0,0,0,0,Other,1
187,2018-06-30 10:17:00,2018-06-30,10,6,2018,Saturday,-1.201342,36.908912,Non-Fatal,0,0,0,0,Other,1
188,2018-06-30 11:10:00,2018-06-30,11,6,2018,Saturday,-1.2488345,36.86568,Non-Fatal,0,0,0,0,Other,1
189,2018-06-30 13:37:00,2018-06-30,13,6,2018,Saturday,-1.291326,36.824422,Non-Fatal,0,0,0,0,Other,1
190,2018-06-30 15:12:00,2018-06-30,15,6,2018,Saturday,-1.2184465,36.892509,Non-Fatal,0,0,0,0,Other,1
191,2018-06-30 16:07:00,2018-06-30,16,6,2018,Saturday,-1.210902,36.907413,Non-Fatal,0,0,0,0,Other,1
192,2018-07-01 07:18:00,2018-07-01,7,7,2018,Sunday,-1.259024,36.778396,Non-Fatal,0,0,0,0,Other,1
193,2018-07-01 17:58:00,2018-07-01,17,7,2018,Sunday,-1.259304,36.7858145,Non-Fatal,0,0,0,0,Other,1
194,2018-07-01 21:40:00,2018-07-01,21,7,2018,Sunday,-1.2046095,36.77569,Non-Fatal,0,0,0,0,Other,1
195,2018-07-01 23:56:00,2018-07-01,23,7,2018,Sunday,-1.3251365,36.8487345,Non-Fatal,0,0,0,0,Other,1
196,2018-07-02 05:23:00,2018-07-02,5,7,2018,Monday,-1.3301285,36.8709395,Non-Fatal,0,0,0,0,Other,1
197,2018-07-02 07:00:00,2018-07-02,7,7,2018,Monday,-1.227172,36.8858135,Non-Fatal,0,0,0,0,Other,1
198,2018-07-02 07:09:00,2018-07-02,7,7,2018,Monday,-1.477136,37.038044,Fatal,1,0,0,0,Other,1
199,2018-07-02 07:52:00,2018-07-02,7,7,2018,Monday,-1.3235715,36.8478045,Non-Fatal,0,0,0,0,Other,1
200,2018-07-03 07:18:00,2018-07-03,7,7,2018,Tuesday,-1.280503,36.814531,Non-Fatal,0,0,0,0,Other,1
201,2018-07-03 10:49:00,2018-07-03,10,7,2018,Tuesday,-0.58228,37.092066,Non-Fatal,0,0,0,0,Other,1
202,2018-07-03 20:41:00,2018-07-03,20,7,2018,Tuesday,-1.2263555,36.883683,Non-Fatal,0,0,0,0,Other,1
203,2018-07-04 06:15:00,2018-07-04,6,7,2018,Wednesday,-1.3234565,36.8993865,Non-Fatal,0,0,0,0,Other,1
204,2018-07-04 13:16:00,2018-07-04,13,7,2018,Wednesday,-2.058049,37.430015,Non-Fatal,0,0,0,0,Other,1
205,2018-07-04 16:53:00,2018-07-04,16,7,2018,Wednesday,-2.079876,37.473017,Non-Fatal,0,0,0,0,Other,1
206,2018-07-05 05:59:00,2018-07-05,5,7,2018,Thursday,-1.3294435,36.854464,Non-Fatal,0,0,0,0,Other,1
207,2018-07-05 07:10:00,2018-07-05,7,7,2018,Thursday,-1.264314,36.7459225,Non-Fatal,0,0,0,0,Other,1
208,2018-07-05 08:23:00,2018-07-05,8,7,2018,Thursday,-2.079876,37.473017,Non-Fatal,0,0,0,0,Other,1
209,2018-07-05 09:02:00,2018-07-05,9,7,2018,Thursday,-1.2594365,36.776683,Non-Fatal,0,0,0,0,Other,1
210,2018-07-05 10:03:00,2018-07-05,10,7,2018,Thursday,-1.263683,36.983035,Non-Fatal,0,0,0,0,Other,1
211,2018-07-05 10:53:00,2018-07-05,10,7,2018,Thursday,-1.32147,36.903874,Non-Fatal,0,0,0,0,Other,1
212,2018-07-05 14:47:00,2018-07-05,14,7,2018,Thursday,-1.259459,36.844829,Non-Fatal,0,0,0,1,Matatu,1
213,2018-07-05 17:35:00,2018-07-05,17,7,2018,Thursday,-1.327018,36.845147,Non-Fatal,0,0,0,0,Other,1
214,2018-07-06 06:33:00,2018-07-06,6,7,2018,Friday,-2.079876,37.473017,Non-Fatal,0,0,0,0,Other,1
215,2018-07-06 06:35:00,2018-07-06,6,7,2018,Friday,-1.264048,36.754254,Non-Fatal,0,0,0,1,Matatu,1
216,2018-07-06 08:54:00,2018-07-06,8,7,2018,Friday,-1.259459,36.844829,Non-Fatal,0,0,0,0,Other,1
217,2018-07-06 11:25:00,2018-07-06,11,7,2018,Friday,-1.313309,36.813301,Non-Fatal,0,0,0,0,Other,1
218,2018-07-06 16:09:00,2018-07-06,16,7,2018,Friday,-1.2752025,36.8230845,Non-Fatal,0,0,0,0,Other,1
219,2018-07-06 22:49:00,2018-07-06,22,7,2018,Friday,-1.181013,36.9382305,Non-Fatal,0,0,0,0,Other,1
220,2018-07-08 03:01:00,2018-07-08,3,7,2018,Sunday,-1.43382,36.9664145,Non-Fatal,0,0,0,0,Other,1
221,2018-07-08 08:19:00,2018-07-08,8,7,2018,Sunday,-1.393574,36.939563,Fatal,1,0,0,0,Other,1
222,2018-07-08 09:43:00,2018-07-08,9,7,2018,Sunday,-1.3193275,36.813198,Non-Fatal,0,0,0,0,Other,1
223,2018-07-08 19:00:00,2018-07-08,19,7,2018,Sunday,-1.172129,36.947516,Non-Fatal,0,0,0,0,Other,1
224,2018-07-08 19:46:00,2018-07-08,19,7,2018,Sunday,-2.211075,37.714634,Non-Fatal,0,0,0,0,Other,1
225,2018-07-08 20:28:00,2018-07-08,20,7,2018,Sunday,-1.2261955,36.883694,Non-Fatal,0,0,0,0,Other,1
226,2018-07-08 21:13:00,2018-07-08,21,7,2018,Sunday,-1.330334,36.889867,Non-Fatal,0,0,0,0,Other,1
227,2018-07-09 08:42:00,2018-07-09,8,7,2018,Monday,-1.289546,36.7616,Non-Fatal,0,0,0,0,Other,1
228,2018-07-09 13:01:00,2018-07-09,13,7,2018,Monday,-1.246407,36.868857,Non-Fatal,0,0,0,0,Other,1
229,2018-07-09 14:45:00,2018-07-09,14,7,2018,Monday,-1.345364,36.9024745,Non-Fatal,0,0,0,0,Other,1
230,2018-07-09 16:33:00,2018-07-09,16,7,2018,Monday,-1.285487,36.791054,Non-Fatal,0,0,0,0,Other,1
231,2018-07-09 17:27:00,2018-07-09,17,7,2018,Monday,-1.118192,37.010204,Non-Fatal,0,0,0,0,Other,1
232,2018-07-09 18:18:00,2018-07-09,18,7,2018,Monday,-1.263269,36.757668,Non-Fatal,0,0,0,0,Other,1
233,2018-07-09 19:09:00,2018-07-09,19,7,2018,Monday,-1.2195405,36.891369,Non-Fatal,0,0,1,1,Matatu,1
234,2018-07-10 08:06:00,2018-07-10,8,7,2018,Tuesday,-1.259942,36.843874,Non-Fatal,0,0,0,0,Other,1
235,2018-07-10 15:09:00,2018-07-10,15,7,2018,Tuesday,-0.372115,35.2823525,Fatal,1,0,1,0,Motorcycle,1
236,2018-07-10 19:27:00,2018-07-10,19,7,2018,Tuesday,-1.234881,36.671483,Non-Fatal,0,0,0,0,Other,1
237,2018-07-10 19:51:00,2018-07-10,19,7,2018,Tuesday,-1.225011,36.705686,Non-Fatal,0,0,0,0,Other,1
238,2018-07-10 20:41:00,2018-07-10,20,7,2018,Tuesday,-1.329883,36.870701,Non-Fatal,0,0,1,0,Motorcycle,1
239,2018-07-11 06:11:00,2018-07-11,6,7,2018,Wednesday,-1.351218,36.905734,Non-Fatal,0,0,0,0,Other,1
240,2018-07-11 06:12:00,2018-07-11,6,7,2018,Wednesday,-1.360121,36.908146,Non-Fatal,0,0,0,0,Other,1
241,2018-07-11 06:30:00,2018-07-11,6,7,2018,Wednesday,-0.940619,36.620657,Non-Fatal,0,0,0,1,Matatu,1
242,2018-07-11 08:43:00,2018-07-11,8,7,2018,Wednesday,-1.2785164,36.82129125,Non-Fatal,0,0,0,1,Matatu,1
243,2018-07-11 08:58:00,2018-07-11,8,7,2018,Wednesday,-1.274486,36.7983945,Non-Fatal,0,0,0,0,Other,1
244,2018-07-11 12:12:00,2018-07-11,12,7,2018,Wednesday,-1.45238,37.000924,Non-Fatal,0,0,0,0,Other,1
245,2018-07-11 13:16:00,2018-07-11,13,7,2018,Wednesday,-1.148683,36.958992,Non-Fatal,0,0,0,0,Other,1
246,2018-07-11 17:08:00,2018-07-11,17,7,2018,Wednesday,-1.30527,36.832769,Non-Fatal,0,0,0,0,Other,1
247,2018-07-11 17:36:00,2018-07-11,17,7,2018,Wednesday,-1.277958,36.813952,Non-Fatal,0,1,0,0,Pedestrian,1
248,2018-07-12 06:58:00,2018-07-12,6,7,2018,Thursday,-1.300027,36.777157,Non-Fatal,0,0,0,0,Other,1
249,2018-07-12 15:38:00,2018-07-12,15,7,2018,Thursday,-1.218826,36.891298,Non-Fatal,0,0,0,0,Other,1
250,2018-07-13 07:08:00,2018-07-13,7,7,2018,Friday,-1.25781,36.700915,Non-Fatal,0,0,0,0,Other,1
251,2018-07-15 13:15:00,2018-07-15,13,7,2018,Sunday,-1.29890707,36.77939484,Non-Fatal,0,0,0,0,Other,1
252,2018-07-15 18:38:00,2018-07-15,18,7,2018,Sunday,-1.053377,36.630913,Non-Fatal,0,0,0,0,Other,1
253,2018-07-15 21:45:00,2018-07-15,21,7,2018,Sunday,-1.294684681,36.85307892,Non-Fatal,0,0,0,1,Matatu,1
254,2018-07-16 06:50:00,2018-07-16,6,7,2018,Monday,-1.395628367,36.94102487,Non-Fatal,0,0,0,0,Other,1
255,2018-07-16 07:19:00,2018-07-16,7,7,2018,Monday,-1.405483661,36.94613746,Non-Fatal,0,0,0,0,Other,1
256,2018-07-16 07:42:00,2018-07-16,7,7,2018,Monday,-1.242889,36.677106,Fatal,1,0,0,0,Other,1
257,2018-07-16 09:09:00,2018-07-16,9,7,2018,Monday,-1.23995,36.844179,Non-Fatal,0,0,0,0,Other,1
258,2018-07-16 10:38:00,2018-07-16,10,7,2018,Monday,-1.250033,36.846732,Non-Fatal,0,0,0,0,Other,1
259,2018-07-16 11:07:00,2018-07-16,11,7,2018,Monday,-1.245571,36.845404,Non-Fatal,0,0,0,0,Other,1
260,2018-07-16 14:03:00,2018-07-16,14,7,2018,Monday,-1.3691612,36.9168082,Non-Fatal,0,0,0,0,Other,1
261,2018-07-17 05:04:00,2018-07-17,5,7,2018,Tuesday,-1.259545914,36.77552519,Non-Fatal,0,0,0,0,Other,1
262,2018-07-17 08:41:00,2018-07-17,8,7,2018,Tuesday,-1.365265,36.911847,Non-Fatal,0,0,0,0,Other,1
263,2018-07-17 08:48:00,2018-07-17,8,7,2018,Tuesday,-1.262012186,36.87304721,Non-Fatal,0,0,0,1,Matatu,1
264,2018-07-17 16:05:00,2018-07-17,16,7,2018,Tuesday,-1.247735,36.81602,Non-Fatal,0,0,0,0,Other,1
265,2018-07-17 17:40:00,2018-07-17,17,7,2018,Tuesday,-1.106973,37.015485,Non-Fatal,0,0,0,0,Other,1
266,2018-07-17 20:50:00,2018-07-17,20,7,2018,Tuesday,-1.319666,36.838437,Non-Fatal,0,0,1,0,Motorcycle,1
267,2018-07-18 06:37:00,2018-07-18,6,7,2018,Wednesday,-1.259436525,36.78603644,Non-Fatal,0,0,0,0,Other,1
268,2018-07-18 07:21:00,2018-07-18,7,7,2018,Wednesday,-1.260167,36.790596,Non-Fatal,0,0,0,0,Other,1
269,2018-07-18 07:26:00,2018-07-18,7,7,2018,Wednesday,-1.260259853,36.77113505,Non-Fatal,0,0,0,0,Other,1
270,2018-07-18 20:00:00,2018-07-18,20,7,2018,Wednesday,-1.266699449,36.80352345,Non-Fatal,0,0,0,0,Other,1
271,2018-07-18 21:03:00,2018-07-18,21,7,2018,Wednesday,-1.32560138,36.79449221,Non-Fatal,0,0,0,0,Other,1
272,2018-07-18 21:33:00,2018-07-18,21,7,2018,Wednesday,-1.188830907,36.9314266,Non-Fatal,0,0,1,0,Motorcycle,1
273,2018-07-19 08:30:00,2018-07-19,8,7,2018,Thursday,-1.164806,36.957244,Non-Fatal,0,0,0,0,Other,1
274,2018-07-19 10:19:00,2018-07-19,10,7,2018,Thursday,-1.33119208,36.88856874,Non-Fatal,0,0,0,0,Other,1
275,2018-07-19 16:46:00,2018-07-19,16,7,2018,Thursday,-1.257454,36.826709,Non-Fatal,0,0,0,0,Other,1
276,2018-07-19 23:27:00,2018-07-19,23,7,2018,Thursday,-1.335453,36.892747,Non-Fatal,0,0,0,0,Other,1
277,2018-07-20 06:08:00,2018-07-20,6,7,2018,Friday,-1.224276,36.886716,Non-Fatal,0,0,0,0,Other,1
278,2018-07-20 06:58:00,2018-07-20,6,7,2018,Friday,-1.319504,36.906722,Non-Fatal,0,0,0,0,Other,1
279,2018-07-20 21:15:00,2018-07-20,21,7,2018,Friday,-1.2562187,36.8552686,Non-Fatal,0,0,0,0,Other,1
280,2018-07-21 04:02:00,2018-07-21,4,7,2018,Saturday,-1.32381574,36.84490437,Non-Fatal,0,0,0,0,Other,1
281,2018-07-21 09:15:00,2018-07-21,9,7,2018,Saturday,-1.195786185,36.83826736,Non-Fatal,0,0,0,0,Other,1
282,2018-07-21 09:17:00,2018-07-21,9,7,2018,Saturday,-1.21866,36.83586,Non-Fatal,0,0,0,0,Other,1
283,2018-07-21 14:06:00,2018-07-21,14,7,2018,Saturday,-0.805883,36.532611,Non-Fatal,0,0,0,0,Other,1
284,2018-07-21 20:21:00,2018-07-21,20,7,2018,Saturday,-1.297014367,36.87565808,Fatal,1,1,0,0,Pedestrian,1
285,2018-07-22 14:18:00,2018-07-22,14,7,2018,Sunday,-1.354166955,36.90668421,Non-Fatal,0,0,0,0,Other,1
286,2018-07-22 21:02:00,2018-07-22,21,7,2018,Sunday,-1.312572,36.829934,Non-Fatal,0,0,0,0,Other,1
287,2018-07-23 06:37:00,2018-07-23,6,7,2018,Monday,-1.2774841,36.8211912,Non-Fatal,0,0,0,0,Other,1
288,2018-07-23 07:34:00,2018-07-23,7,7,2018,Monday,-1.02398,37.066899,Non-Fatal,0,0,0,1,Matatu,1
289,2018-07-23 11:15:00,2018-07-23,11,7,2018,Monday,-1.25971,36.786735,Non-Fatal,0,0,0,0,Other,1
290,2018-07-24 05:11:00,2018-07-24,5,7,2018,Tuesday,-1.289546,36.761635,Non-Fatal,0,0,0,0,Other,1
291,2018-07-24 06:25:00,2018-07-24,6,7,2018,Tuesday,-1.28051073,36.96433483,Non-Fatal,0,0,0,1,Matatu,1
292,2018-07-24 06:32:00,2018-07-24,6,7,2018,Tuesday,-1.3196244,36.8383712,Non-Fatal,0,0,0,1,Matatu,1
293,2018-07-24 09:45:00,2018-07-24,9,7,2018,Tuesday,-1.236467,36.806911,Non-Fatal,0,0,0,0,Other,1
294,2018-07-24 14:07:00,2018-07-24,14,7,2018,Tuesday,-1.142937,36.966611,Non-Fatal,0,0,0,0,Other,1
295,2018-07-24 19:30:00,2018-07-24,19,7,2018,Tuesday,-1.259759,36.844339,Non-Fatal,0,0,0,0,Other,1
296,2018-07-25 06:31:00,2018-07-25,6,7,2018,Wednesday,-1.2641004,36.7542523,Non-Fatal,0,0,0,0,Other,1
297,2018-07-25 06:49:00,2018-07-25,6,7,2018,Wednesday,-1.28176092,36.81497523,Fatal,1,1,0,0,Pedestrian,1
298,2018-07-25 07:27:00,2018-07-25,7,7,2018,Wednesday,-1.259911,36.843977,Non-Fatal,0,0,0,0,Other,1
299,2018-07-25 07:40:00,2018-07-25,7,7,2018,Wednesday,-1.283269,36.824646,Non-Fatal,0,0,0,0,Other,1
300,2018-07-25 07:45:00,2018-07-25,7,7,2018,Wednesday,-1.2184363,36.8914368,Non-Fatal,0,0,0,0,Other,1
301,2018-07-25 12:28:00,2018-07-25,12,7,2018,Wednesday,-1.2381308,36.8439714,Non-Fatal,0,0,0,1,Matatu,1
302,2018-07-26 14:12:00,2018-07-26,14,7,2018,Thursday,-1.244967,36.866891,Non-Fatal,0,0,1,0,Motorcycle,1
303,2018-07-26 15:36:00,2018-07-26,15,7,2018,Thursday,-1.3256014,36.7944922,Non-Fatal,0,0,0,0,Other,1
304,2018-07-27 16:25:00,2018-07-27,16,7,2018,Friday,-1.25944,36.7756735,Non-Fatal,0,0,0,0,Other,1
305,2018-07-27 17:08:00,2018-07-27,17,7,2018,Friday,-1.274329,36.812513,Non-Fatal,0,0,0,0,Other,1
306,2018-07-27 18:01:00,2018-07-27,18,7,2018,Friday,-1.2917857,36.8406529,Non-Fatal,0,0,0,1,Matatu,1
307,2018-07-27 18:36:00,2018-07-27,18,7,2018,Friday,-1.1819149,36.9376677,Non-Fatal,0,0,0,0,Other,1
308,2018-07-27 18:54:00,2018-07-27,18,7,2018,Friday,-1.2893,36.949665,Non-Fatal,0,0,0,0,Other,1
309,2018-07-27 22:29:00,2018-07-27,22,7,2018,Friday,-1.3311921,36.8885687,Non-Fatal,0,0,0,0,Other,1
310,2018-07-28 04:19:00,2018-07-28,4,7,2018,Saturday,-1.279215,36.967267,Non-Fatal,0,0,0,0,Other,1
311,2018-07-28 05:37:00,2018-07-28,5,7,2018,Saturday,-1.329762,36.855566,Non-Fatal,0,0,0,0,Other,1
312,2018-07-28 09:52:00,2018-07-28,9,7,2018,Saturday,-1.295163,36.855671,Non-Fatal,0,0,0,0,Other,1
313,2018-07-28 17:20:00,2018-07-28,17,7,2018,Saturday,-1.295155,36.855581,Non-Fatal,0,0,0,0,Other,1
314,2018-07-28 19:18:00,2018-07-28,19,7,2018,Saturday,-1.212906,36.893316,Non-Fatal,0,0,0,0,Other,1
315,2018-07-28 19:39:00,2018-07-28,19,7,2018,Saturday,-1.330524,36.866639,Non-Fatal,0,0,0,0,Other,1
316,2018-07-29 10:53:00,2018-07-29,10,7,2018,Sunday,-1.281182,36.822749,Fatal,1,1,0,1,Pedestrian,1
317,2018-07-29 11:56:00,2018-07-29,11,7,2018,Sunday,-1.277131,36.806491,Non-Fatal,0,0,0,0,Other,1
318,2018-07-29 17:48:00,2018-07-29,17,7,2018,Sunday,-1.479244836,37.04201588,Non-Fatal,0,0,0,0,Other,1
319,2018-07-29 19:12:00,2018-07-29,19,7,2018,Sunday,-1.490968,37.056855,Fatal,1,0,1,0,Motorcycle,1
320,2018-07-30 12:21:00,2018-07-30,12,7,2018,Monday,-1.389817,36.936968,Non-Fatal,0,0,0,0,Other,1
321,2018-07-30 12:33:00,2018-07-30,12,7,2018,Monday,-1.259482,36.844861,Non-Fatal,0,0,0,0,Other,1
322,2018-07-30 17:02:00,2018-07-30,17,7,2018,Monday,-1.2812652,36.8227376,Non-Fatal,0,0,0,1,Matatu,1
323,2018-07-30 17:47:00,2018-07-30,17,7,2018,Monday,-1.326557,36.845265,Non-Fatal,0,0,0,0,Other,1
324,2018-07-31 13:23:00,2018-07-31,13,7,2018,Tuesday,-1.325446,36.848511,Non-Fatal,0,0,0,0,Other,1
325,2018-07-31 13:25:00,2018-07-31,13,7,2018,Tuesday,-1.31962444,36.83837121,Non-Fatal,0,0,0,0,Other,1
326,2018-07-31 17:46:00,2018-07-31,17,7,2018,Tuesday,-1.26298,36.764443,Non-Fatal,0,0,0,0,Other,1
327,2018-07-31 20:55:00,2018-07-31,20,7,2018,Tuesday,-1.28961942,36.76156013,Non-Fatal,0,0,0,0,Other,1
328,2017-12-30 16:19:00,2017-12-30,16,12,2017,Saturday,-1.244991,36.86694635,Non-Fatal,0,0,0,0,Other,1
329,2017-12-30 14:00:00,2017-12-30,14,12,2017,Saturday,-1.304881,36.82655,Non-Fatal,0,0,0,0,Other,1
330,2017-12-30 13:55:00,2017-12-30,13,12,2017,Saturday,-1.340526,36.750785,Non-Fatal,0,0,0,0,Other,1
331,2017-12-30 12:36:00,2017-12-30,12,12,2017,Saturday,-1.215277,36.81411,Non-Fatal,0,0,1,0,Motorcycle,1
332,2017-12-30 11:24:00,2017-12-30,11,12,2017,Saturday,-0.982614,36.585946,Non-Fatal,0,0,0,0,Other,1
333,2017-12-31 18:43:00,2017-12-31,18,12,2017,Sunday,-1.266714,36.834694,Non-Fatal,0,0,0,0,Other,1
334,2017-12-29 16:49:00,2017-12-29,16,12,2017,Friday,-1.172072333,36.94727033,Non-Fatal,0,0,0,0,Other,1
335,2017-12-31 18:28:00,2017-12-31,18,12,2017,Sunday,-1.148356,36.666281,Non-Fatal,0,0,0,0,Other,1
336,2017-12-29 15:14:00,2017-12-29,15,12,2017,Friday,-1.294139,36.85129,Non-Fatal,0,0,0,0,Other,1
337,2017-12-29 09:51:00,2017-12-29,9,12,2017,Friday,-1.2063872,36.7826582,Non-Fatal,0,0,0,0,Other,1
338,2017-12-27 20:06:00,2017-12-27,20,12,2017,Wednesday,-1.223329,36.663619,Non-Fatal,0,0,0,0,Other,1
339,2017-12-27 07:19:00,2017-12-27,7,12,2017,Wednesday,-1.280537,36.964064,Non-Fatal,0,0,0,0,Other,1
340,2017-12-27 06:41:00,2017-12-27,6,12,2017,Wednesday,-1.286402,36.954277,Non-Fatal,0,0,0,0,Other,1
341,2017-12-31 12:48:00,2017-12-31,12,12,2017,Sunday,-1.2627803,36.76434337,Non-Fatal,0,0,0,0,Other,1
342,2018-03-08 21:53:00,2018-03-08,21,3,2018,Thursday,-1.330731,36.858072,Non-Fatal,0,0,0,0,Other,1
343,2018-03-08 19:30:00,2018-03-08,19,3,2018,Thursday,-1.2630775,36.76395,Non-Fatal,0,0,0,0,Other,1
344,2018-03-08 17:45:00,2018-03-08,17,3,2018,Thursday,-1.372301,36.920982,Fatal,1,0,0,0,Other,1
345,2018-03-08 09:55:00,2018-03-08,9,3,2018,Thursday,-1.204007,36.91671,Non-Fatal,0,0,0,0,Other,1
346,2018-03-08 09:25:00,2018-03-08,9,3,2018,Thursday,-1.129606,36.98879,Non-Fatal,0,0,0,0,Other,1
347,2018-03-08 09:06:00,2018-03-08,9,3,2018,Thursday,-1.133275,36.9728675,Non-Fatal,0,0,0,0,Other,1
348,2018-03-08 08:42:00,2018-03-08,8,3,2018,Thursday,-1.326427,36.845333,Non-Fatal,0,0,0,0,Other,1
349,2018-03-08 08:38:00,2018-03-08,8,3,2018,Thursday,-1.329161,36.875058,Non-Fatal,0,0,1,0,Motorcycle,1
350,2018-03-08 07:46:00,2018-03-08,7,3,2018,Thursday,-0.96372,37.101413,Non-Fatal,0,0,0,0,Other,1
351,2018-03-08 06:51:00,2018-03-08,6,3,2018,Thursday,-1.323638,36.899686,Non-Fatal,0,0,0,0,Other,1
352,2018-03-08 05:42:00,2018-03-08,5,3,2018,Thursday,-1.024227,37.067013,Non-Fatal,0,0,0,0,Other,1
353,2018-03-07 14:42:00,2018-03-07,14,3,2018,Wednesday,-0.80577,36.532981,Non-Fatal,0,0,0,0,Other,1
354,2018-03-07 06:52:00,2018-03-07,6,3,2018,Wednesday,-1.3313255,36.858187,Non-Fatal,0,0,0,0,Other,1
355,2018-03-06 21:50:00,2018-03-06,21,3,2018,Tuesday,-1.259822,36.843626,Non-Fatal,0,0,0,0,Other,1
356,2018-03-06 20:13:00,2018-03-06,20,3,2018,Tuesday,-1.2365415,36.8439635,Non-Fatal,0,0,0,0,Other,1
357,2018-03-06 18:11:00,2018-03-06,18,3,2018,Tuesday,-1.355978,36.762093,Non-Fatal,0,0,0,0,Other,1
358,2018-03-06 17:49:00,2018-03-06,17,3,2018,Tuesday,-1.217865,36.891102,Non-Fatal,0,0,0,0,Other,1
359,2018-03-06 17:44:00,2018-03-06,17,3,2018,Tuesday,-1.33791,36.7734115,Non-Fatal,0,0,0,0,Other,1
360,2018-03-06 16:08:00,2018-03-06,16,3,2018,Tuesday,-1.2452305,36.8672055,Fatal,1,1,0,0,Pedestrian,1
361,2018-03-05 22:22:00,2018-03-05,22,3,2018,Monday,-1.262585,36.764419,Non-Fatal,0,0,0,0,Other,1
362,2018-03-05 19:25:00,2018-03-05,19,3,2018,Monday,-1.297669,36.829802,Non-Fatal,0,0,0,0,Other,1
363,2018-03-05 19:23:00,2018-03-05,19,3,2018,Monday,-1.23831,36.844183,Non-Fatal,0,0,0,0,Other,1
364,2018-03-05 19:09:00,2018-03-05,19,3,2018,Monday,-0.820631,37.230048,Fatal,1,0,0,0,Other,1
365,2018-03-05 18:40:00,2018-03-05,18,3,2018,Monday,-1.0314775,37.072629,Non-Fatal,0,0,0,0,Other,1
366,2018-03-05 17:16:00,2018-03-05,17,3,2018,Monday,-1.147258,36.962195,Non-Fatal,0,0,0,0,Other,1
367,2018-03-05 16:52:00,2018-03-05,16,3,2018,Monday,-1.26094,36.8419145,Non-Fatal,0,0,0,0,Other,1
368,2018-03-05 09:51:00,2018-03-05,9,3,2018,Monday,-1.297483,36.885942,Non-Fatal,0,0,0,0,Other,1
369,2018-03-05 07:52:00,2018-03-05,7,3,2018,Monday,-1.255109,36.85603,Non-Fatal,0,0,1,0,Motorcycle,1
370,2018-03-05 07:19:00,2018-03-05,7,3,2018,Monday,-1.132556,36.974469,Non-Fatal,0,0,0,0,Other,1
371,2018-03-05 06:18:00,2018-03-05,6,3,2018,Monday,-1.218141,36.891323,Non-Fatal,0,0,0,0,Other,1
372,2018-03-04 22:51:00,2018-03-04,22,3,2018,Sunday,-0.946163,36.5952,Non-Fatal,0,0,0,0,Other,1
373,2018-03-04 21:46:00,2018-03-04,21,3,2018,Sunday,-1.231323,36.877523,Non-Fatal,0,0,0,0,Other,1
374,2018-03-04 19:52:00,2018-03-04,19,3,2018,Sunday,-0.983153,36.629137,Non-Fatal,0,0,0,0,Other,1
375,2018-03-04 19:04:00,2018-03-04,19,3,2018,Sunday,-1.31832,36.715673,Non-Fatal,0,0,1,0,Motorcycle,1
376,2018-03-04 16:16:00,2018-03-04,16,3,2018,Sunday,-1.759086,37.204824,Non-Fatal,0,0,0,0,Other,1
377,2018-03-04 15:23:00,2018-03-04,15,3,2018,Sunday,-1.2773605,37.1386025,Fatal,1,0,0,1,Matatu,1
378,2018-03-04 13:27:00,2018-03-04,13,3,2018,Sunday,-1.283524,37.0884405,Non-Fatal,0,0,0,0,Other,1
379,2018-03-04 03:17:00,2018-03-04,3,3,2018,Sunday,-1.323591,36.899168,Non-Fatal,0,0,0,0,Other,1
380,2018-03-03 20:32:00,2018-03-03,20,3,2018,Saturday,-1.2452305,36.8669375,Non-Fatal,0,0,0,0,Other,1
381,2018-03-03 20:03:00,2018-03-03,20,3,2018,Saturday,-1.2936685,36.761434,Non-Fatal,0,0,0,0,Other,1
382,2018-03-03 15:23:00,2018-03-03,15,3,2018,Saturday,-1.238851,36.8703675,Non-Fatal,0,0,0,0,Other,1
383,2018-03-03 13:08:00,2018-03-03,13,3,2018,Saturday,-1.255109,36.85603,Non-Fatal,0,0,0,0,Other,1
384,2018-03-03 06:21:00,2018-03-03,6,3,2018,Saturday,-1.329661,36.8709855,Non-Fatal,0,0,0,0,Other,1
385,2018-03-02 20:29:00,2018-03-02,20,3,2018,Friday,-1.329158,36.8558415,Non-Fatal,0,0,0,0,Other,1
386,2018-03-12 07:50:00,2018-03-12,7,3,2018,Monday,-1.3147155,36.807772,Non-Fatal,0,0,0,0,Other,1
387,2018-03-02 11:09:00,2018-03-02,11,3,2018,Friday,-3.967212,39.751449,Non-Fatal,0,0,0,0,Other,1
388,2018-03-02 10:17:00,2018-03-02,10,3,2018,Friday,-1.226239,36.884136,Non-Fatal,0,0,0,0,Other,1
389,2018-03-02 09:59:00,2018-03-02,9,3,2018,Friday,-1.3248645,36.8489525,Non-Fatal,0,0,0,0,Other,1
390,2018-03-02 09:26:00,2018-03-02,9,3,2018,Friday,-1.024366,37.06715,Non-Fatal,0,0,0,0,Other,1
391,2018-03-02 09:24:00,2018-03-02,9,3,2018,Friday,-1.281179,36.8227415,Non-Fatal,0,0,0,0,Other,1
392,2018-03-02 08:44:00,2018-03-02,8,3,2018,Friday,-1.260353,36.710374,Non-Fatal,0,0,0,0,Other,1
393,2018-03-02 08:39:00,2018-03-02,8,3,2018,Friday,-1.18853,36.931316,Non-Fatal,0,0,1,0,Motorcycle,1
394,2018-03-02 08:39:00,2018-03-02,8,3,2018,Friday,-1.293739,36.79447,Non-Fatal,0,0,0,0,Other,1
395,2018-03-02 08:37:00,2018-03-02,8,3,2018,Friday,-1.234307,36.873819,Non-Fatal,0,0,0,0,Other,1
396,2018-03-02 08:07:00,2018-03-02,8,3,2018,Friday,-1.2580625,36.701882,Non-Fatal,0,0,0,0,Other,1
397,2018-03-02 07:28:00,2018-03-02,7,3,2018,Friday,-1.313624,36.812965,Non-Fatal,0,0,0,0,Other,1
398,2018-03-02 06:16:00,2018-03-02,6,3,2018,Friday,-1.245271,36.86693,Non-Fatal,0,0,0,0,Other,1
399,2018-03-02 06:05:00,2018-03-02,6,3,2018,Friday,-1.15892,36.958877,Non-Fatal,0,0,0,0,Other,1
400,2018-03-12 06:53:00,2018-03-12,6,3,2018,Monday,-1.353016,36.76265,Non-Fatal,0,0,0,1,Matatu,1
401,2018-03-11 20:49:00,2018-03-11,20,3,2018,Sunday,-1.1816885,36.9374135,Non-Fatal,0,0,0,0,Other,1
402,2018-03-11 15:11:00,2018-03-11,15,3,2018,Sunday,-1.237431,36.666493,Non-Fatal,0,0,0,0,Other,1
403,2018-03-10 19:25:00,2018-03-10,19,3,2018,Saturday,-1.3218,36.707906,Non-Fatal,0,0,0,0,Other,1
404,2018-03-10 10:43:00,2018-03-10,10,3,2018,Saturday,-1.283124,36.8241,Non-Fatal,0,0,1,0,Motorcycle,1
405,2018-03-10 09:54:00,2018-03-10,9,3,2018,Saturday,-1.3704505,36.917312,Non-Fatal,0,0,0,0,Other,1
406,2018-03-10 02:06:00,2018-03-10,2,3,2018,Saturday,-1.325168,36.848733,Non-Fatal,0,0,0,0,Other,1
407,2018-03-09 18:40:00,2018-03-09,18,3,2018,Friday,-1.2593065,36.769159,Non-Fatal,0,0,0,0,Other,1
408,2018-03-09 18:08:00,2018-03-09,18,3,2018,Friday,-1.364719,36.911405,Non-Fatal,0,0,0,0,Other,1
409,2018-03-09 15:39:00,2018-03-09,15,3,2018,Friday,-0.911002,36.608393,Non-Fatal,0,0,0,0,Other,1
410,2018-03-09 15:14:00,2018-03-09,15,3,2018,Friday,-1.2040115,36.9170915,Non-Fatal,0,0,0,0,Other,1
411,2018-03-09 14:23:00,2018-03-09,14,3,2018,Friday,-1.2343845,36.843559,Non-Fatal,0,0,0,0,Other,1
412,2018-01-01 09:57:00,2018-01-01,9,1,2018,Monday,-0.219508,35.735872,Fatal,1,1,0,0,Pedestrian,1
413,2018-01-01 10:48:00,2018-01-01,10,1,2018,Monday,-1.129655,36.98873,Non-Fatal,0,0,0,0,Other,1
414,2018-01-01 11:32:00,2018-01-01,11,1,2018,Monday,-1.2700535,36.827981,Non-Fatal,0,0,0,0,Other,1
415,2018-01-01 14:27:00,2018-01-01,14,1,2018,Monday,-0.545242,37.448727,Non-Fatal,0,0,0,0,Other,1
416,2018-01-01 14:34:00,2018-01-01,14,1,2018,Monday,-1.454045,37.249402,Non-Fatal,0,0,0,0,Other,1
417,2018-01-02 03:32:00,2018-01-02,3,1,2018,Tuesday,-0.5452355,37.4487235,Fatal,1,0,0,0,Other,1
418,2018-01-02 07:34:00,2018-01-02,7,1,2018,Tuesday,-1.3294465,36.855458,Non-Fatal,0,0,0,0,Other,1
419,2018-01-02 08:22:00,2018-01-02,8,1,2018,Tuesday,-1.532247,37.131536,Non-Fatal,0,0,0,0,Other,1
420,2018-01-02 09:36:00,2018-01-02,9,1,2018,Tuesday,-0.878493,36.5679615,Non-Fatal,0,0,0,0,Other,1
421,2018-01-02 10:14:00,2018-01-02,10,1,2018,Tuesday,-1.528871,37.127105,Non-Fatal,0,0,0,0,Other,1
422,2018-01-02 11:28:00,2018-01-02,11,1,2018,Tuesday,-1.71207,37.197089,Non-Fatal,0,0,0,1,Matatu,1
423,2018-01-02 13:14:00,2018-01-02,13,1,2018,Tuesday,-1.2922781,36.8431032,Non-Fatal,0,0,0,0,Other,1
424,2018-01-02 15:39:00,2018-01-02,15,1,2018,Tuesday,-1.528871,37.127105,Non-Fatal,0,0,0,0,Other,1
425,2018-01-03 00:46:00,2018-01-03,0,1,2018,Wednesday,-1.4609965,36.9640155,Non-Fatal,0,0,0,0,Other,1
426,2018-01-03 02:19:00,2018-01-03,2,1,2018,Wednesday,-1.274554,36.8121185,Non-Fatal,0,0,0,0,Other,1
427,2018-01-03 04:20:00,2018-01-03,4,1,2018,Wednesday,-0.284171,36.079145,Non-Fatal,0,0,0,1,Matatu,1
428,2018-01-03 06:37:00,2018-01-03,6,1,2018,Wednesday,-1.28022,36.818205,Non-Fatal,0,0,0,0,Other,1
429,2018-01-03 07:14:00,2018-01-03,7,1,2018,Wednesday,-1.392978,36.939005,Non-Fatal,0,0,0,0,Other,1
430,2018-01-03 09:50:00,2018-01-03,9,1,2018,Wednesday,-1.263344,36.8026505,Non-Fatal,0,0,0,0,Other,1
431,2018-01-03 11:50:00,2018-01-03,11,1,2018,Wednesday,-0.539501,37.43042,Non-Fatal,0,0,0,0,Other,1
432,2018-01-03 12:12:00,2018-01-03,12,1,2018,Wednesday,-1.442121,36.984374,Non-Fatal,0,0,0,0,Other,1
433,2018-01-03 13:04:00,2018-01-03,13,1,2018,Wednesday,-1.278276,36.907871,Non-Fatal,0,0,0,0,Other,1
434,2018-01-03 16:05:00,2018-01-03,16,1,2018,Wednesday,-1.316221,36.895251,Non-Fatal,0,0,0,0,Other,1
435,2018-01-03 18:01:00,2018-01-03,18,1,2018,Wednesday,-1.289914,36.948589,Non-Fatal,0,0,0,0,Other,1
436,2018-01-03 18:08:00,2018-01-03,18,1,2018,Wednesday,-1.291879,36.958839,Fatal,1,0,0,0,Other,1
437,2018-01-04 01:12:00,2018-01-04,1,1,2018,Thursday,-1.2337235,36.8744815,Non-Fatal,0,0,0,0,Other,1
438,2018-01-04 02:27:00,2018-01-04,2,1,2018,Thursday,-1.265182,36.835912,Non-Fatal,0,0,0,0,Other,1
439,2018-01-04 11:49:00,2018-01-04,11,1,2018,Thursday,-1.204443,36.916344,Non-Fatal,0,0,0,0,Other,1
440,2018-01-04 11:54:00,2018-01-04,11,1,2018,Thursday,-1.2172035,36.8914875,Non-Fatal,0,0,0,0,Other,1
441,2018-01-04 13:06:00,2018-01-04,13,1,2018,Thursday,0.654755,34.96843,Fatal,1,0,0,0,Other,1
442,2018-01-04 13:24:00,2018-01-04,13,1,2018,Thursday,-1.0395405,37.0615035,Fatal,1,0,1,0,Motorcycle,1
443,2018-01-04 13:39:00,2018-01-04,13,1,2018,Thursday,-1.259513,36.7859975,Non-Fatal,0,0,0,0,Other,1
444,2018-01-04 14:05:00,2018-01-04,14,1,2018,Thursday,-1.806263,37.22213,Non-Fatal,0,0,0,0,Other,1
445,2018-01-05 01:38:00,2018-01-05,1,1,2018,Friday,-1.2699845,36.836543,Non-Fatal,0,0,0,1,Matatu,1
446,2018-01-05 02:22:00,2018-01-05,2,1,2018,Friday,-1.2473435,36.6812115,Non-Fatal,0,0,0,0,Other,1
447,2018-01-05 12:38:00,2018-01-05,12,1,2018,Friday,-0.4765414,37.5201183,Non-Fatal,0,0,0,0,Other,1
448,2018-01-05 15:25:00,2018-01-05,15,1,2018,Friday,-1.277045,36.669468,Non-Fatal,0,0,0,0,Other,1
449,2018-01-06 05:20:00,2018-01-06,5,1,2018,Saturday,-4.032846,39.650282,Non-Fatal,0,0,0,0,Other,1
450,2018-01-06 06:25:00,2018-01-06,6,1,2018,Saturday,-1.47919,37.041865,Non-Fatal,0,0,0,0,Other,1
451,2018-01-06 12:55:00,2018-01-06,12,1,2018,Saturday,1.212922,35.049291,Non-Fatal,0,0,0,0,Other,1
452,2018-01-06 13:31:00,2018-01-06,13,1,2018,Saturday,-3.246061,40.080903,Non-Fatal,0,0,1,0,Motorcycle,1
453,2018-01-06 19:54:00,2018-01-06,19,1,2018,Saturday,-1.030738,37.883802,Non-Fatal,0,0,0,0,Other,1
454,2018-01-07 09:28:00,2018-01-07,9,1,2018,Sunday,-1.265487,36.8027055,Non-Fatal,0,0,0,0,Other,1
455,2018-01-07 10:50:00,2018-01-07,10,1,2018,Sunday,-1.2528008,36.95904725,Non-Fatal,0,0,0,0,Other,1
456,2018-01-07 14:56:00,2018-01-07,14,1,2018,Sunday,-1.264198,36.743957,Non-Fatal,0,0,0,0,Other,1
457,2018-01-08 02:27:00,2018-01-08,2,1,2018,Monday,-1.2528008,36.95904725,Non-Fatal,0,0,0,0,Other,1
458,2018-01-08 04:27:00,2018-01-08,4,1,2018,Monday,-1.2628836,36.7644812,Non-Fatal,0,0,0,0,Other,1
459,2018-01-08 10:19:00,2018-01-08,10,1,2018,Monday,-0.804893,36.532016,Non-Fatal,0,0,0,0,Other,1
460,2018-01-08 10:52:00,2018-01-08,10,1,2018,Monday,0.443947,34.145808,Non-Fatal,0,0,0,0,Other,1
461,2018-01-08 11:13:00,2018-01-08,11,1,2018,Monday,-1.285867,36.818659,Non-Fatal,0,0,0,0,Other,1
462,2018-01-08 15:04:00,2018-01-08,15,1,2018,Monday,-1.2568653,36.85500857,Non-Fatal,0,0,0,0,Other,1
463,2018-01-09 03:05:00,2018-01-09,3,1,2018,Tuesday,-1.268388,36.785611,Non-Fatal,0,0,0,0,Other,1
464,2018-01-09 03:22:00,2018-01-09,3,1,2018,Tuesday,-1.265778,36.858748,Non-Fatal,0,0,0,0,Other,1
465,2018-01-09 04:57:00,2018-01-09,4,1,2018,Tuesday,-1.260811,36.794594,Non-Fatal,0,0,0,0,Other,1
466,2018-01-09 05:42:00,2018-01-09,5,1,2018,Tuesday,-1.03133,37.879974,Non-Fatal,0,0,0,0,Other,1
467,2018-01-09 18:00:00,2018-01-09,18,1,2018,Tuesday,-0.059345,36.528222,Non-Fatal,0,0,0,0,Other,1
468,2018-01-10 05:52:00,2018-01-10,5,1,2018,Wednesday,-1.271724,36.80824,Non-Fatal,0,0,1,0,Motorcycle,1
469,2018-01-10 07:04:00,2018-01-10,7,1,2018,Wednesday,-1.364719,36.911405,Non-Fatal,0,0,0,0,Other,1
470,2018-01-10 10:47:00,2018-01-10,10,1,2018,Wednesday,-1.244263,36.86747,Non-Fatal,0,0,0,0,Other,1
471,2018-01-10 10:59:00,2018-01-10,10,1,2018,Wednesday,-1.290043,36.776939,Non-Fatal,0,0,0,0,Other,1
472,2018-01-11 03:06:00,2018-01-11,3,1,2018,Thursday,-1.331725,36.888135,Non-Fatal,0,0,0,0,Other,1
473,2018-01-11 08:34:00,2018-01-11,8,1,2018,Thursday,-1.231202,36.877496,Non-Fatal,0,0,0,0,Other,1
474,2018-01-11 08:46:00,2018-01-11,8,1,2018,Thursday,-1.23536,36.872436,Non-Fatal,0,0,0,0,Other,1
475,2018-01-11 08:47:00,2018-01-11,8,1,2018,Thursday,0.127406,34.569727,Non-Fatal,0,0,0,0,Other,1
476,2018-01-11 11:17:00,2018-01-11,11,1,2018,Thursday,-1.244991,36.86694635,Non-Fatal,0,0,0,0,Other,1
477,2018-01-11 14:51:00,2018-01-11,14,1,2018,Thursday,-1.258519,36.846951,Non-Fatal,0,0,0,0,Other,1
478,2018-01-12 01:34:00,2018-01-12,1,1,2018,Friday,-1.258916,36.778375,Non-Fatal,0,0,0,0,Other,1
479,2018-01-12 02:44:00,2018-01-12,2,1,2018,Friday,-1.244991,36.86694635,Non-Fatal,0,0,1,0,Motorcycle,1
480,2018-01-12 03:23:00,2018-01-12,3,1,2018,Friday,-1.24529,36.769748,Non-Fatal,0,0,1,0,Motorcycle,1
481,2018-01-12 06:14:00,2018-01-12,6,1,2018,Friday,-1.2748234,36.82367725,Non-Fatal,0,0,0,0,Other,1
482,2018-01-12 11:58:00,2018-01-12,11,1,2018,Friday,-1.235069,36.671845,Non-Fatal,0,0,0,0,Other,1
483,2018-01-12 12:01:00,2018-01-12,12,1,2018,Friday,-1.2568653,36.85500857,Non-Fatal,0,0,0,0,Other,1
484,2018-01-12 18:39:00,2018-01-12,18,1,2018,Friday,-1.329589,36.855695,Non-Fatal,0,0,0,0,Other,1
485,2018-01-13 04:36:00,2018-01-13,4,1,2018,Saturday,-1.292773,36.804511,Non-Fatal,0,0,0,0,Other,1
486,2018-01-13 06:59:00,2018-01-13,6,1,2018,Saturday,-1.759493,37.204891,Non-Fatal,0,0,0,0,Other,1
487,2018-01-13 07:41:00,2018-01-13,7,1,2018,Saturday,-1.269751,36.817475,Non-Fatal,0,0,1,0,Motorcycle,1
488,2018-01-13 16:34:00,2018-01-13,16,1,2018,Saturday,-1.540766,36.940886,Non-Fatal,0,0,0,0,Other,1
489,2018-01-13 18:15:00,2018-01-13,18,1,2018,Saturday,-1.262468,36.878737,Non-Fatal,0,0,0,0,Other,1
490,2018-01-14 03:25:00,2018-01-14,3,1,2018,Sunday,-1.318755,36.836883,Non-Fatal,0,0,0,0,Other,1
491,2018-01-14 11:32:00,2018-01-14,11,1,2018,Sunday,-1.227806,36.66455,Non-Fatal,0,0,0,0,Other,1
492,2018-01-14 15:05:00,2018-01-14,15,1,2018,Sunday,-1.226783,36.883476,Non-Fatal,0,0,0,0,Other,1
493,2018-01-14 19:07:00,2018-01-14,19,1,2018,Sunday,-1.322959,36.802706,Non-Fatal,0,0,0,0,Other,1
494,2018-01-15 05:29:00,2018-01-15,5,1,2018,Monday,-1.247801,36.864067,Non-Fatal,0,0,0,0,Other,1
495,2018-01-15 13:35:00,2018-01-15,13,1,2018,Monday,-1.299117,36.762598,Non-Fatal,0,0,0,0,Other,1
496,2018-01-15 14:05:00,2018-01-15,14,1,2018,Monday,-1.304699,36.826291,Non-Fatal,0,0,0,1,Matatu,1
497,2018-01-15 15:37:00,2018-01-15,15,1,2018,Monday,-1.149233,36.962258,Non-Fatal,0,0,0,0,Other,1
498,2018-01-17 00:09:00,2018-01-17,0,1,2018,Wednesday,-1.28119,36.816206,Non-Fatal,0,0,0,0,Other,1
499,2018-01-17 01:35:00,2018-01-17,1,1,2018,Wednesday,-1.297072,36.875667,Non-Fatal,0,0,0,1,Matatu,1
500,2018-01-17 01:48:00,2018-01-17,1,1,2018,Wednesday,-1.345364,36.9024745,Non-Fatal,0,0,0,0,Other,1
501,2018-01-17 03:56:00,2018-01-17,3,1,2018,Wednesday,-1.319396,36.838183,Non-Fatal,0,0,1,0,Motorcycle,1
502,2018-01-17 05:04:00,2018-01-17,5,1,2018,Wednesday,-1.2520115,36.859948,Non-Fatal,0,0,0,0,Other,1
503,2018-01-17 05:24:00,2018-01-17,5,1,2018,Wednesday,-1.208293,36.797669,Non-Fatal,0,0,0,0,Other,1
504,2018-01-17 15:33:00,2018-01-17,15,1,2018,Wednesday,-1.330498267,36.86528483,Non-Fatal,0,0,0,0,Other,1
505,2018-01-18 01:31:00,2018-01-18,1,1,2018,Thursday,-1.314103,36.811811,Non-Fatal,0,1,0,0,Pedestrian,1
506,2018-01-18 01:53:00,2018-01-18,1,1,2018,Thursday,-1.345364,36.9024745,Non-Fatal,0,0,0,0,Other,1
507,2018-01-18 03:02:00,2018-01-18,3,1,2018,Thursday,-1.244355,36.763237,Non-Fatal,0,0,0,0,Other,1
508,2018-01-18 06:15:00,2018-01-18,6,1,2018,Thursday,-1.23083,36.803733,Non-Fatal,0,0,0,1,Matatu,1
509,2018-01-18 13:18:00,2018-01-18,13,1,2018,Thursday,-1.2568653,36.85500857,Non-Fatal,0,0,0,0,Other,1
510,2018-01-19 01:01:00,2018-01-19,1,1,2018,Friday,-1.330498267,36.86528483,Non-Fatal,0,0,0,0,Other,1
511,2018-01-19 02:00:00,2018-01-19,2,1,2018,Friday,-1.275943,36.794446,Non-Fatal,0,0,0,0,Other,1
512,2018-01-19 03:29:00,2018-01-19,3,1,2018,Friday,-1.195805,36.83829,Non-Fatal,0,0,0,0,Other,1
513,2018-01-19 04:30:00,2018-01-19,4,1,2018,Friday,-1.146884,36.963056,Non-Fatal,0,0,0,0,Other,1
514,2018-01-19 09:40:00,2018-01-19,9,1,2018,Friday,-1.243518,36.792308,Non-Fatal,0,0,0,0,Other,1
515,2018-01-19 14:48:00,2018-01-19,14,1,2018,Friday,-1.275559,36.823098,Fatal,1,0,0,0,Other,1
516,2018-01-20 02:59:00,2018-01-20,2,1,2018,Saturday,-1.329883,36.870701,Non-Fatal,0,0,0,0,Other,1
517,2018-01-20 07:33:00,2018-01-20,7,1,2018,Saturday,-1.289982,36.77015,Non-Fatal,0,0,0,1,Matatu,1
518,2018-01-20 15:25:00,2018-01-20,15,1,2018,Saturday,-1.312662,36.815829,Non-Fatal,0,0,0,0,Other,1
519,2018-01-21 01:31:00,2018-01-21,1,1,2018,Sunday,-1.19333,36.83991,Non-Fatal,0,0,0,0,Other,1
520,2018-01-21 06:33:00,2018-01-21,6,1,2018,Sunday,-1.238261,36.791692,Non-Fatal,0,0,0,0,Other,1
521,2018-01-21 06:54:00,2018-01-21,6,1,2018,Sunday,-0.993281,36.600642,Non-Fatal,0,0,0,0,Other,1
522,2018-01-21 10:31:00,2018-01-21,10,1,2018,Sunday,-1.298312,36.800746,Non-Fatal,0,0,0,0,Other,1
523,2018-01-22 01:31:00,2018-01-22,1,1,2018,Monday,-1.260772,36.842033,Non-Fatal,0,0,0,0,Other,1
524,2018-01-22 02:48:00,2018-01-22,2,1,2018,Monday,-1.274509,36.81225,Non-Fatal,0,0,0,0,Other,1
525,2018-01-22 03:03:00,2018-01-22,3,1,2018,Monday,-1.297704,36.815106,Non-Fatal,0,0,0,0,Other,1
526,2018-01-22 07:43:00,2018-01-22,7,1,2018,Monday,-1.296581,36.862069,Non-Fatal,0,0,0,1,Matatu,1
527,2018-01-22 09:55:00,2018-01-22,9,1,2018,Monday,-0.17224,34.919915,Non-Fatal,0,0,0,0,Other,1
528,2018-01-22 13:03:00,2018-01-22,13,1,2018,Monday,-1.287208,36.836845,Non-Fatal,0,0,0,0,Other,1
529,2018-01-23 02:48:00,2018-01-23,2,1,2018,Tuesday,-1.244926,36.866824,Non-Fatal,0,0,0,0,Other,1
530,2018-01-23 03:09:00,2018-01-23,3,1,2018,Tuesday,-1.319398,36.907067,Non-Fatal,0,0,1,0,Motorcycle,1
531,2018-01-23 03:45:00,2018-01-23,3,1,2018,Tuesday,-1.024282,37.066765,Non-Fatal,0,0,0,0,Other,1
532,2018-01-23 12:44:00,2018-01-23,12,1,2018,Tuesday,-1.287221,36.836724,Non-Fatal,0,0,0,1,Matatu,1
533,2018-01-23 20:30:00,2018-01-23,20,1,2018,Tuesday,-0.108477,34.770007,Fatal,1,0,0,0,Other,1
534,2018-01-24 01:44:00,2018-01-24,1,1,2018,Wednesday,-1.250179253,36.78524739,Non-Fatal,0,0,0,0,Other,1
535,2018-01-24 02:36:00,2018-01-24,2,1,2018,Wednesday,-1.177642,36.94145,Non-Fatal,0,0,0,0,Other,1
536,2018-01-24 03:33:00,2018-01-24,3,1,2018,Wednesday,-1.247105,36.664765,Non-Fatal,0,0,0,0,Other,1
537,2018-01-24 16:06:00,2018-01-24,16,1,2018,Wednesday,-1.2567115,36.8788075,Fatal,1,0,0,0,Other,1
538,2018-01-24 16:16:00,2018-01-24,16,1,2018,Wednesday,-1.330498267,36.86528483,Non-Fatal,0,0,0,0,Other,1
539,2018-01-25 01:29:00,2018-01-25,1,1,2018,Thursday,-1.303779,36.825997,Non-Fatal,0,0,0,1,Matatu,1
540,2018-01-25 02:43:00,2018-01-25,2,1,2018,Thursday,-1.261628,36.725739,Non-Fatal,0,0,0,0,Other,1
541,2018-01-25 09:43:00,2018-01-25,9,1,2018,Thursday,-1.230962,36.877893,Non-Fatal,0,0,0,0,Other,1
542,2018-01-25 10:09:00,2018-01-25,10,1,2018,Thursday,-1.244991,36.86694635,Non-Fatal,0,0,0,0,Other,1
543,2018-01-25 11:36:00,2018-01-25,11,1,2018,Thursday,-1.325526,36.794473,Non-Fatal,0,0,0,0,Other,1
546,2018-01-25 13:18:00,2018-01-25,13,1,2018,Thursday,-1.229704,36.804086,Non-Fatal,0,0,0,0,Other,1
548,2018-01-25 13:22:00,2018-01-25,13,1,2018,Thursday,-1.2063872,36.7826582,Non-Fatal,0,0,0,0,Other,1
549,2018-01-26 01:30:00,2018-01-26,1,1,2018,Friday,-1.33125,36.860951,Non-Fatal,0,0,0,0,Other,1
550,2018-01-26 02:43:00,2018-01-26,2,1,2018,Friday,-1.364553,36.911256,Non-Fatal,0,0,0,0,Other,1
553,2018-01-26 04:16:00,2018-01-26,4,1,2018,Friday,-1.333195,36.716208,Non-Fatal,0,0,0,0,Other,1
554,2018-01-26 06:52:00,2018-01-26,6,1,2018,Friday,-1.205178,36.915715,Non-Fatal,0,0,0,0,Other,1
555,2018-01-26 08:54:00,2018-01-26,8,1,2018,Friday,-1.29009,36.828015,Non-Fatal,0,0,0,1,Matatu,1
556,2018-01-26 09:11:00,2018-01-26,9,1,2018,Friday,-1.185698,36.906691,Non-Fatal,0,0,0,0,Other,1
557,2018-01-26 09:25:00,2018-01-26,9,1,2018,Friday,-4.006696,39.580571,Non-Fatal,0,0,0,0,Other,1
559,2018-01-27 01:48:00,2018-01-27,1,1,2018,Saturday,-1.244991,36.86694635,Non-Fatal,0,0,0,1,Matatu,1
560,2018-01-27 03:44:00,2018-01-27,3,1,2018,Saturday,-1.329589,36.855695,Non-Fatal,0,0,0,1,Matatu,1
561,2018-01-27 07:32:00,2018-01-27,7,1,2018,Saturday,-1.331725,36.888135,Non-Fatal,0,0,0,0,Other,1
563,2018-01-27 15:50:00,2018-01-27,15,1,2018,Saturday,-1.334757,36.778351,Non-Fatal,0,0,0,0,Other,1
564,2018-01-27 21:28:00,2018-01-27,21,1,2018,Saturday,-1.260858,36.713524,Non-Fatal,0,0,0,0,Other,1
565,2018-01-28 08:16:00,2018-01-28,8,1,2018,Sunday,-1.204107,36.916781,Fatal,1,0,0,0,Other,1
567,2018-01-29 01:25:00,2018-01-29,1,1,2018,Monday,-1.30022,36.768128,Non-Fatal,0,0,0,0,Other,1
569,2018-01-29 01:51:00,2018-01-29,1,1,2018,Monday,-1.249218,36.862657,Non-Fatal,0,0,0,0,Other,1
571,2018-01-29 04:03:00,2018-01-29,4,1,2018,Monday,-1.249843,36.821157,Non-Fatal,0,0,0,0,Other,1
572,2018-01-29 11:00:00,2018-01-29,11,1,2018,Monday,-1.269787,36.817481,Non-Fatal,0,0,0,0,Other,1
573,2018-01-29 13:25:00,2018-01-29,13,1,2018,Monday,-1.266714,36.834694,Non-Fatal,0,0,0,0,Other,1
574,2018-01-29 15:27:00,2018-01-29,15,1,2018,Monday,-1.25946,36.77551,Non-Fatal,0,0,0,0,Other,1
575,2018-01-29 15:30:00,2018-01-29,15,1,2018,Monday,-1.307088,36.819724,Non-Fatal,0,0,0,0,Other,1
576,2018-01-30 01:24:00,2018-01-30,1,1,2018,Tuesday,-1.266401,36.83449,Non-Fatal,0,0,0,0,Other,1
577,2018-01-30 01:51:00,2018-01-30,1,1,2018,Tuesday,-1.326338,36.845565,Non-Fatal,0,0,0,0,Other,1
584,2018-01-30 11:31:00,2018-01-30,11,1,2018,Tuesday,-1.172072333,36.94727033,Non-Fatal,0,0,0,0,Other,1
585,2018-01-31 02:31:00,2018-01-31,2,1,2018,Wednesday,-1.257231,36.854189,Non-Fatal,0,0,0,0,Other,1
586,2018-01-31 02:48:00,2018-01-31,2,1,2018,Wednesday,-1.325757,36.848764,Non-Fatal,0,0,0,0,Other,1
591,2018-01-31 15:36:00,2018-01-31,15,1,2018,Wednesday,-1.325757,36.848764,Non-Fatal,0,0,0,0,Other,1
593,2018-02-01 00:30:00,2018-02-01,0,2,2018,Thursday,-1.46046,36.9634415,Non-Fatal,0,0,0,0,Other,1
594,2018-02-01 02:11:00,2018-02-01,2,2,2018,Thursday,-1.244757,36.66512,Non-Fatal,0,0,0,0,Other,1
595,2018-02-01 02:41:00,2018-02-01,2,2,2018,Thursday,-1.262078,36.867213,Non-Fatal,0,0,0,0,Other,1
596,2018-02-01 02:46:00,2018-02-01,2,2,2018,Thursday,-1.227806,36.66455,Fatal,1,0,0,0,Other,1
597,2018-02-01 05:06:00,2018-02-01,5,2,2018,Thursday,-1.2166955,36.89436,Non-Fatal,0,0,0,0,Other,1
600,2018-02-01 12:58:00,2018-02-01,12,2,2018,Thursday,-1.508368,37.095059,Non-Fatal,0,0,0,0,Other,1
601,2018-02-01 13:33:00,2018-02-01,13,2,2018,Thursday,-1.329589,36.855695,Non-Fatal,0,0,0,1,Matatu,1
603,2018-02-02 01:28:00,2018-02-02,1,2,2018,Friday,-1.260772,36.842033,Non-Fatal,0,0,0,0,Other,1
607,2018-02-02 16:11:00,2018-02-02,16,2,2018,Friday,-1.274695,36.89319,Non-Fatal,0,0,0,0,Other,1
608,2018-02-03 01:43:00,2018-02-03,1,2,2018,Saturday,-1.262387,36.866364,Non-Fatal,0,0,0,0,Other,1
609,2018-02-03 03:24:00,2018-02-03,3,2,2018,Saturday,-1.364536,36.91145,Non-Fatal,0,0,0,0,Other,1
610,2018-02-03 06:47:00,2018-02-03,6,2,2018,Saturday,-1.326462,36.84625,Non-Fatal,0,0,0,0,Other,1
613,2018-02-03 13:38:00,2018-02-03,13,2,2018,Saturday,-1.042106,37.063768,Non-Fatal,0,0,0,0,Other,1
614,2018-02-03 14:18:00,2018-02-03,14,2,2018,Saturday,-1.231297,36.87849,Non-Fatal,0,0,0,1,Matatu,1
617,2018-02-03 19:15:00,2018-02-03,19,2,2018,Saturday,-1.186635,36.838973,Non-Fatal,0,0,0,0,Other,1
618,2018-02-04 08:16:00,2018-02-04,8,2,2018,Sunday,-1.272767,36.8973565,Non-Fatal,0,0,0,0,Other,1
619,2018-02-04 09:23:00,2018-02-04,9,2,2018,Sunday,-0.77922,37.267632,Non-Fatal,0,0,0,0,Other,1
620,2018-02-04 14:57:00,2018-02-04,14,2,2018,Sunday,-1.33142,36.887993,Non-Fatal,0,0,0,0,Other,1
621,2018-02-04 18:24:00,2018-02-04,18,2,2018,Sunday,-1.314877,36.8944905,Non-Fatal,0,0,0,0,Other,1
623,2018-02-05 02:10:00,2018-02-05,2,2,2018,Monday,-1.26022,36.77105,Non-Fatal,0,0,0,0,Other,1
626,2018-02-05 02:34:00,2018-02-05,2,2,2018,Monday,-1.271563,36.8089345,Non-Fatal,0,0,0,0,Other,1
629,2018-02-05 06:22:00,2018-02-05,6,2,2018,Monday,-1.275596,36.8228795,Non-Fatal,0,0,0,0,Other,1
630,2018-02-05 11:38:00,2018-02-05,11,2,2018,Monday,-1.267363,36.8316425,Non-Fatal,0,0,0,0,Other,1
631,2018-02-05 14:48:00,2018-02-05,14,2,2018,Monday,-1.2748234,36.82367725,Non-Fatal,0,0,0,0,Other,1
632,2018-02-06 01:58:00,2018-02-06,1,2,2018,Tuesday,-1.257958,36.701408,Non-Fatal,0,0,0,0,Other,1
633,2018-02-06 02:35:00,2018-02-06,2,2,2018,Tuesday,-1.2976725,36.871795,Non-Fatal,0,0,0,0,Other,1
635,2018-02-06 05:24:00,2018-02-06,5,2,2018,Tuesday,-1.271707,36.828097,Non-Fatal,0,0,0,0,Other,1
636,2018-02-06 13:09:00,2018-02-06,13,2,2018,Tuesday,-1.337854,36.7734175,Non-Fatal,0,0,0,0,Other,1
638,2018-02-07 01:56:00,2018-02-07,1,2,2018,Wednesday,-1.2339945,36.873413,Non-Fatal,0,0,0,0,Other,1
639,2018-02-07 03:31:00,2018-02-07,3,2,2018,Wednesday,-1.299985,36.7802295,Non-Fatal,0,0,0,0,Other,1
641,2018-02-07 10:52:00,2018-02-07,10,2,2018,Wednesday,-1.532582,37.131752,Non-Fatal,0,0,0,0,Other,1
643,2018-02-07 12:23:00,2018-02-07,12,2,2018,Wednesday,-1.334977,36.8932985,Non-Fatal,0,0,0,0,Other,1
644,2018-02-07 14:29:00,2018-02-07,14,2,2018,Wednesday,-1.3239135,36.844795,Non-Fatal,0,0,0,0,Other,1
645,2018-02-08 01:22:00,2018-02-08,1,2,2018,Thursday,-1.2390135,36.81165,Non-Fatal,0,0,0,0,Other,1
650,2018-02-08 06:44:00,2018-02-08,6,2,2018,Thursday,-1.311362,36.816861,Non-Fatal,0,0,0,0,Other,1
651,2018-02-09 02:39:00,2018-02-09,2,2,2018,Friday,-1.23357,36.874629,Non-Fatal,0,0,0,0,Other,1
653,2018-02-10 10:04:00,2018-02-10,10,2,2018,Saturday,-1.231549,36.878372,Non-Fatal,0,0,0,0,Other,1
655,2018-02-11 12:59:00,2018-02-11,12,2,2018,Sunday,-1.2984395,36.762359,Non-Fatal,0,0,0,0,Other,1
656,2018-02-11 15:22:00,2018-02-11,15,2,2018,Sunday,-0.993209,36.600461,Non-Fatal,0,0,0,0,Other,1
657,2018-02-12 01:46:00,2018-02-12,1,2,2018,Monday,-1.218223,36.80168,Non-Fatal,0,0,1,0,Motorcycle,1
658,2018-02-12 09:32:00,2018-02-12,9,2,2018,Monday,-1.332482,36.782304,Non-Fatal,0,0,0,0,Other,1
659,2018-02-12 09:55:00,2018-02-12,9,2,2018,Monday,-1.35951,36.907839,Non-Fatal,0,0,0,0,Other,1
660,2018-02-13 02:03:00,2018-02-13,2,2,2018,Tuesday,-1.266313,36.82328,Non-Fatal,0,0,0,0,Other,1
661,2018-02-13 02:59:00,2018-02-13,2,2,2018,Tuesday,-1.264347,36.72063,Non-Fatal,0,0,1,0,Motorcycle,1
667,2018-02-13 16:22:00,2018-02-13,16,2,2018,Tuesday,-1.297129,36.875198,Non-Fatal,0,0,0,0,Other,1
668,2018-02-14 02:48:00,2018-02-14,2,2,2018,Wednesday,-1.325891,36.848572,Non-Fatal,0,0,0,0,Other,1
670,2018-02-14 08:40:00,2018-02-14,8,2,2018,Wednesday,-1.2857865,36.8345655,Non-Fatal,0,0,0,0,Other,1
672,2018-02-14 11:04:00,2018-02-14,11,2,2018,Wednesday,-1.29648,36.8772945,Fatal,1,0,1,0,Motorcycle,1
673,2018-02-14 11:55:00,2018-02-14,11,2,2018,Wednesday,0.419605,35.31669,Non-Fatal,0,0,0,0,Other,1
674,2018-02-14 13:25:00,2018-02-14,13,2,2018,Wednesday,-1.255649,36.856198,Non-Fatal,0,0,0,0,Other,1
683,2018-02-15 02:59:00,2018-02-15,2,2,2018,Thursday,-1.288716,36.828405,Non-Fatal,0,0,0,1,Matatu,1
685,2018-02-15 04:03:00,2018-02-15,4,2,2018,Thursday,-1.29247,36.821336,Non-Fatal,0,0,0,0,Other,1
686,2018-02-15 11:53:00,2018-02-15,11,2,2018,Thursday,-1.244263,36.86747,Non-Fatal,0,0,0,0,Other,1
688,2018-02-15 14:55:00,2018-02-15,14,2,2018,Thursday,-1.332492,36.782315,Non-Fatal,0,0,0,0,Other,1
689,2018-02-15 23:01:00,2018-02-15,23,2,2018,Thursday,-1.287222,36.836802,Non-Fatal,0,0,0,0,Other,1
690,2018-02-16 00:47:00,2018-02-16,0,2,2018,Friday,-1.319174,36.789482,Non-Fatal,0,0,0,0,Other,1
695,2018-02-16 04:53:00,2018-02-16,4,2,2018,Friday,-1.314524,36.80798,Non-Fatal,0,0,0,1,Matatu,1
696,2018-02-16 11:14:00,2018-02-16,11,2,2018,Friday,-1.316221,36.895251,Non-Fatal,0,0,0,0,Other,1
697,2018-02-16 11:50:00,2018-02-16,11,2,2018,Friday,-1.29748,36.885739,Non-Fatal,0,0,0,0,Other,1
698,2018-02-16 12:09:00,2018-02-16,12,2,2018,Friday,-0.69461,36.421735,Non-Fatal,0,0,0,0,Other,1
699,2018-02-16 12:45:00,2018-02-16,12,2,2018,Friday,-1.29769,36.871121,Non-Fatal,0,0,0,1,Matatu,1
700,2018-02-16 13:28:00,2018-02-16,13,2,2018,Friday,-0.474548,36.291595,Non-Fatal,0,0,0,0,Other,1
701,2018-02-17 00:02:00,2018-02-17,0,2,2018,Saturday,-0.557097,37.363731,Non-Fatal,0,0,0,0,Other,1
703,2018-02-17 05:45:00,2018-02-17,5,2,2018,Saturday,-1.241112,36.813394,Non-Fatal,0,0,0,1,Matatu,1
704,2018-02-17 06:14:00,2018-02-17,6,2,2018,Saturday,-1.25014,36.820939,Non-Fatal,0,0,0,0,Other,1
711,2018-02-17 14:59:00,2018-02-17,14,2,2018,Saturday,-1.285867,36.818659,Non-Fatal,0,0,0,0,Other,1
712,2018-02-17 19:33:00,2018-02-17,19,2,2018,Saturday,-1.3296904,36.8709943,Non-Fatal,0,0,0,0,Other,1
714,2018-02-18 01:56:00,2018-02-18,1,2,2018,Sunday,-1.31435665,36.8079547,Non-Fatal,0,0,0,0,Other,1
715,2018-02-18 03:35:00,2018-02-18,3,2,2018,Sunday,-1.29037,36.745591,Non-Fatal,0,0,0,0,Other,1
718,2018-02-18 14:38:00,2018-02-18,14,2,2018,Sunday,-1.259459,36.844829,Non-Fatal,0,0,0,0,Other,1
719,2018-02-19 02:52:00,2018-02-19,2,2,2018,Monday,-1.289888,36.818931,Non-Fatal,0,0,0,0,Other,1
722,2018-02-19 12:05:00,2018-02-19,12,2,2018,Monday,-1.260275,36.77083,Non-Fatal,0,0,0,0,Other,1
723,2018-02-19 12:42:00,2018-02-19,12,2,2018,Monday,-1.259588,36.785738,Non-Fatal,0,0,0,0,Other,1
724,2018-02-19 13:21:00,2018-02-19,13,2,2018,Monday,-1.259562,36.775694,Fatal,1,0,0,0,Other,1
725,2018-02-19 18:11:00,2018-02-19,18,2,2018,Monday,-1.305956,36.842107,Fatal,1,0,0,0,Other,1
726,2018-02-20 01:15:00,2018-02-20,1,2,2018,Tuesday,-1.259459,36.844829,Non-Fatal,0,0,0,0,Other,1
727,2018-02-20 01:18:00,2018-02-20,1,2,2018,Tuesday,-1.266714,36.834694,Non-Fatal,0,0,0,0,Other,1
729,2018-02-20 02:13:00,2018-02-20,2,2,2018,Tuesday,-1.304699,36.826291,Non-Fatal,0,0,0,1,Matatu,1
730,2018-02-20 02:37:00,2018-02-20,2,2,2018,Tuesday,-1.271275,36.80748625,Non-Fatal,0,0,0,0,Other,1
732,2018-02-20 03:20:00,2018-02-20,3,2,2018,Tuesday,-1.011108,37.075087,Non-Fatal,0,0,0,0,Other,1
733,2018-02-20 04:23:00,2018-02-20,4,2,2018,Tuesday,-1.328693,36.788979,Non-Fatal,0,0,0,1,Matatu,1
734,2018-02-20 07:09:00,2018-02-20,7,2,2018,Tuesday,-1.024195,37.066605,Fatal,1,0,0,0,Other,1
735,2018-02-20 11:18:00,2018-02-20,11,2,2018,Tuesday,-1.298795,36.76884,Non-Fatal,0,0,0,0,Other,1
736,2018-02-20 14:37:00,2018-02-20,14,2,2018,Tuesday,-1.299818,36.836788,Non-Fatal,0,1,0,1,Pedestrian,1
737,2018-02-20 14:56:00,2018-02-20,14,2,2018,Tuesday,-1.273275,36.822873,Non-Fatal,0,0,0,0,Other,1
739,2018-02-21 01:51:00,2018-02-21,1,2,2018,Wednesday,-1.264145,36.747227,Non-Fatal,0,0,0,0,Other,1
740,2018-02-21 04:42:00,2018-02-21,4,2,2018,Wednesday,-1.259024,36.778396,Non-Fatal,0,0,1,0,Motorcycle,1
741,2018-02-21 06:28:00,2018-02-21,6,2,2018,Wednesday,-1.260327,36.718453,Non-Fatal,0,0,0,0,Other,1
742,2018-02-21 13:51:00,2018-02-21,13,2,2018,Wednesday,-1.297111,36.875544,Non-Fatal,0,0,0,0,Other,1
743,2018-02-21 15:19:00,2018-02-21,15,2,2018,Wednesday,-0.919362,36.610998,Non-Fatal,0,0,0,1,Matatu,1
744,2018-02-21 16:03:00,2018-02-21,16,2,2018,Wednesday,-1.477261,36.958287,Non-Fatal,0,0,0,0,Other,1
745,2018-02-22 01:36:00,2018-02-22,1,2,2018,Thursday,-1.283285,36.785561,Non-Fatal,0,0,0,0,Other,1
749,2018-02-22 02:20:00,2018-02-22,2,2,2018,Thursday,-1.298715,36.760991,Non-Fatal,0,0,0,0,Other,1
750,2018-02-22 02:38:00,2018-02-22,2,2,2018,Thursday,-1.327582,36.691253,Non-Fatal,0,0,0,0,Other,1
751,2018-02-22 02:49:00,2018-02-22,2,2,2018,Thursday,-1.216943,36.894419,Non-Fatal,0,0,0,0,Other,1
752,2018-02-22 11:19:00,2018-02-22,11,2,2018,Thursday,0.202573,35.097086,Non-Fatal,0,0,0,0,Other,1
753,2018-02-22 13:12:00,2018-02-22,13,2,2018,Thursday,-1.298009,36.802431,Non-Fatal,0,0,0,0,Other,1
756,2018-02-23 02:13:00,2018-02-23,2,2,2018,Friday,-1.265303,36.802556,Non-Fatal,0,0,0,0,Other,1
757,2018-02-23 03:27:00,2018-02-23,3,2,2018,Friday,-1.289111,36.827475,Non-Fatal,0,0,0,0,Other,1
758,2018-02-23 04:40:00,2018-02-23,4,2,2018,Friday,-1.262724,36.983443,Non-Fatal,0,0,0,0,Other,1
759,2018-02-23 09:14:00,2018-02-23,9,2,2018,Friday,-1.292623,36.779097,Non-Fatal,0,0,0,0,Other,1
760,2018-02-23 10:35:00,2018-02-23,10,2,2018,Friday,-1.259747,36.78845,Non-Fatal,0,0,0,0,Other,1
761,2018-02-23 12:28:00,2018-02-23,12,2,2018,Friday,-1.28663,36.835286,Non-Fatal,0,0,0,0,Other,1
762,2018-02-23 15:03:00,2018-02-23,15,2,2018,Friday,-1.03818,37.079278,Non-Fatal,0,0,0,0,Other,1
763,2018-02-23 15:04:00,2018-02-23,15,2,2018,Friday,-0.47454,36.291564,Non-Fatal,0,0,0,0,Other,1
764,2018-02-23 15:56:00,2018-02-23,15,2,2018,Friday,-1.218893,36.892208,Non-Fatal,0,0,0,1,Matatu,1
765,2018-02-23 21:14:00,2018-02-23,21,2,2018,Friday,-1.319292,36.837924,Non-Fatal,0,0,0,0,Other,1
766,2018-02-24 03:50:00,2018-02-24,3,2,2018,Saturday,-1.218893,36.892208,Non-Fatal,0,0,0,0,Other,1
767,2018-02-24 06:18:00,2018-02-24,6,2,2018,Saturday,-1.188995,36.930823,Non-Fatal,0,0,0,0,Other,1
768,2018-02-24 08:44:00,2018-02-24,8,2,2018,Saturday,-1.331725,36.888135,Non-Fatal,0,0,0,0,Other,1
769,2018-02-24 10:26:00,2018-02-24,10,2,2018,Saturday,-1.329883,36.870701,Non-Fatal,0,0,0,0,Other,1
770,2018-02-24 15:49:00,2018-02-24,15,2,2018,Saturday,-1.265772,36.858716,Non-Fatal,0,0,0,0,Other,1
773,2018-02-26 00:36:00,2018-02-26,0,2,2018,Monday,-1.312506,36.81604,Non-Fatal,0,0,0,0,Other,1
775,2018-02-26 02:27:00,2018-02-26,2,2,2018,Monday,-1.323213,36.802306,Non-Fatal,0,1,0,0,Pedestrian,1
776,2018-02-26 02:36:00,2018-02-26,2,2,2018,Monday,-1.2341507,36.8729868,Non-Fatal,0,0,0,0,Other,1
777,2018-02-26 07:47:00,2018-02-26,7,2,2018,Monday,-1.292342,36.8429,Non-Fatal,0,0,0,1,Matatu,1
778,2018-02-26 14:55:00,2018-02-26,14,2,2018,Monday,-1.266714,36.834694,Non-Fatal,0,0,0,0,Other,1
783,2018-02-27 04:47:00,2018-02-27,4,2,2018,Tuesday,-1.259591,36.785698,Non-Fatal,0,0,0,0,Other,1
784,2018-02-27 07:20:00,2018-02-27,7,2,2018,Tuesday,-1.333851,36.751725,Non-Fatal,0,0,0,0,Other,1
785,2018-02-27 10:58:00,2018-02-27,10,2,2018,Tuesday,-1.32856015,36.880783,Fatal,1,0,0,0,Other,1
786,2018-02-27 17:47:00,2018-02-27,17,2,2018,Tuesday,-1.280825,36.822972,Fatal,1,0,0,0,Other,1
789,2018-02-28 06:11:00,2018-02-28,6,2,2018,Wednesday,-1.276917,36.807179,Non-Fatal,0,0,0,0,Other,1
790,2018-02-28 12:24:00,2018-02-28,12,2,2018,Wednesday,-1.307721,36.819305,Non-Fatal,0,0,0,0,Other,1
791,2018-02-28 12:29:00,2018-02-28,12,2,2018,Wednesday,-1.325894,36.848591,Non-Fatal,0,0,0,0,Other,1
792,2018-02-28 13:09:00,2018-02-28,13,2,2018,Wednesday,-1.249795,36.862071,Non-Fatal,0,0,0,0,Other,1
793,2018-02-28 18:19:00,2018-02-28,18,2,2018,Wednesday,-1.132937,36.974417,Non-Fatal,0,0,0,0,Other,1
794,2018-03-01 01:19:00,2018-03-01,1,3,2018,Thursday,-1.244991,36.86694635,Non-Fatal,0,0,0,0,Other,1
795,2018-03-01 01:51:00,2018-03-01,1,3,2018,Thursday,-1.260580886,36.8023376,Non-Fatal,0,0,0,0,Other,1
796,2018-03-01 02:34:00,2018-03-01,2,3,2018,Thursday,-1.327561,36.852158,Non-Fatal,0,0,0,0,Other,1
797,2018-03-01 03:14:00,2018-03-01,3,3,2018,Thursday,-1.248111,36.863457,Non-Fatal,0,0,0,0,Other,1
798,2018-03-01 03:20:00,2018-03-01,3,3,2018,Thursday,-2.599949,38.066876,Non-Fatal,0,0,0,0,Other,1
799,2018-03-01 03:29:00,2018-03-01,3,3,2018,Thursday,-1.283333,36.823575,Non-Fatal,0,0,0,0,Other,1
800,2018-03-01 07:36:00,2018-03-01,7,3,2018,Thursday,-1.323225,36.844359,Non-Fatal,0,0,0,0,Other,1
801,2018-03-01 10:37:00,2018-03-01,10,3,2018,Thursday,-1.256647,36.81326,Non-Fatal,0,0,0,0,Other,1
802,2018-03-01 11:25:00,2018-03-01,11,3,2018,Thursday,-0.522637,36.328483,Non-Fatal,0,0,0,0,Other,1
803,2018-03-01 12:07:00,2018-03-01,12,3,2018,Thursday,1.257331,35.170798,Non-Fatal,0,0,0,0,Other,1
805,2018-03-01 15:14:00,2018-03-01,15,3,2018,Thursday,-1.259942,36.843874,Non-Fatal,0,0,0,0,Other,1
806,2018-03-01 16:05:00,2018-03-01,16,3,2018,Thursday,-1.311294,36.849614,Non-Fatal,0,0,0,0,Other,1
807,2018-03-01 16:28:00,2018-03-01,16,3,2018,Thursday,-1.233515,36.874662,Non-Fatal,0,0,0,0,Other,1
808,2018-03-01 16:58:00,2018-03-01,16,3,2018,Thursday,-1.379238,36.927857,Non-Fatal,0,0,0,0,Other,1
809,2018-03-02 01:05:00,2018-03-02,1,3,2018,Friday,-1.166799,36.963381,Non-Fatal,0,0,0,0,Other,1
810,2018-03-02 01:15:00,2018-03-02,1,3,2018,Friday,-1.244991,36.86694635,Non-Fatal,0,0,0,0,Other,1
813,2018-03-02 03:06:00,2018-03-02,3,3,2018,Friday,-1.25810665,36.70126405,Non-Fatal,0,0,0,0,Other,1
814,2018-03-02 03:36:00,2018-03-02,3,3,2018,Friday,-1.2341507,36.8729868,Non-Fatal,0,0,0,0,Other,1
815,2018-03-02 03:39:00,2018-03-02,3,3,2018,Friday,-1.188995,36.930823,Non-Fatal,0,0,1,0,Motorcycle,1
816,2018-03-02 03:44:00,2018-03-02,3,3,2018,Friday,-1.260283,36.710522,Non-Fatal,0,0,0,0,Other,1
817,2018-03-02 04:24:00,2018-03-02,4,3,2018,Friday,-1.28150075,36.82264503,Non-Fatal,0,0,0,0,Other,1
818,2018-03-02 04:26:00,2018-03-02,4,3,2018,Friday,-1.024195,37.066605,Non-Fatal,0,0,0,0,Other,1
819,2018-03-02 04:58:00,2018-03-02,4,3,2018,Friday,-1.3250091,36.8489146,Non-Fatal,0,0,0,0,Other,1
820,2018-03-02 05:17:00,2018-03-02,5,3,2018,Friday,-1.226239,36.884136,Non-Fatal,0,0,0,0,Other,1
823,2018-03-02 14:01:00,2018-03-02,14,3,2018,Friday,-0.758794,35.015255,Fatal,1,0,0,0,Other,1
824,2018-03-02 15:28:00,2018-03-02,15,3,2018,Friday,-1.329589,36.855695,Non-Fatal,0,0,0,0,Other,1
826,2018-03-03 01:21:00,2018-03-03,1,3,2018,Saturday,-1.3296904,36.8709943,Non-Fatal,0,0,0,0,Other,1
827,2018-03-03 08:08:00,2018-03-03,8,3,2018,Saturday,-1.256155,36.855219,Non-Fatal,0,0,0,0,Other,1
828,2018-03-03 10:23:00,2018-03-03,10,3,2018,Saturday,-1.239072,36.870218,Non-Fatal,0,0,0,0,Other,1
831,2018-03-03 13:57:00,2018-03-03,13,3,2018,Saturday,-1.491415,37.057589,Non-Fatal,0,0,0,0,Other,1
833,2018-03-03 15:03:00,2018-03-03,15,3,2018,Saturday,-1.293812,36.761477,Non-Fatal,0,0,0,0,Other,1
836,2018-03-03 22:16:00,2018-03-03,22,3,2018,Saturday,-1.323311714,36.89959526,Non-Fatal,0,0,0,0,Other,1
837,2018-03-04 06:56:00,2018-03-04,6,3,2018,Sunday,-0.642348,36.387224,Non-Fatal,0,0,0,0,Other,1
838,2018-03-04 08:26:00,2018-03-04,8,3,2018,Sunday,-1.2713378,36.9971707,Non-Fatal,0,0,0,0,Other,1
840,2018-03-04 10:23:00,2018-03-04,10,3,2018,Sunday,-1.277424,37.138624,Fatal,1,0,0,1,Matatu,1
841,2018-03-04 11:15:00,2018-03-04,11,3,2018,Sunday,-1.756556,37.20397,Non-Fatal,0,0,0,0,Other,1
842,2018-03-04 11:38:00,2018-03-04,11,3,2018,Sunday,-0.756446,37.280878,Non-Fatal,0,0,1,0,Motorcycle,1
845,2018-03-04 14:04:00,2018-03-04,14,3,2018,Sunday,-1.318455,36.715857,Non-Fatal,0,0,1,0,Motorcycle,1
848,2018-03-04 17:51:00,2018-03-04,17,3,2018,Sunday,-1.266998,36.799005,Non-Fatal,0,0,0,0,Other,1
849,2018-03-05 02:18:00,2018-03-05,2,3,2018,Monday,-1.132937,36.974417,Non-Fatal,0,0,0,0,Other,1
852,2018-03-05 11:51:00,2018-03-05,11,3,2018,Monday,-1.260772,36.842033,Non-Fatal,0,0,0,0,Other,1
853,2018-03-05 12:15:00,2018-03-05,12,3,2018,Monday,-1.146884,36.963056,Non-Fatal,0,0,0,0,Other,1
856,2018-03-05 13:18:00,2018-03-05,13,3,2018,Monday,-0.908159,37.207246,Non-Fatal,0,0,0,0,Other,1
858,2018-03-05 13:27:00,2018-03-05,13,3,2018,Monday,-1.262401,36.865998,Non-Fatal,0,0,0,0,Other,1
860,2018-03-05 13:40:00,2018-03-05,13,3,2018,Monday,-1.033104,37.074411,Non-Fatal,0,0,0,0,Other,1
862,2018-03-05 14:23:00,2018-03-05,14,3,2018,Monday,-1.238015,36.843981,Non-Fatal,0,0,0,0,Other,1
863,2018-03-05 14:25:00,2018-03-05,14,3,2018,Monday,-1.297619,36.829782,Non-Fatal,0,0,0,0,Other,1
867,2018-03-05 17:22:00,2018-03-05,17,3,2018,Monday,-1.2627803,36.76434337,Non-Fatal,0,0,0,0,Other,1
870,2018-03-06 04:18:00,2018-03-06,4,3,2018,Tuesday,-1.325422,36.848129,Non-Fatal,0,0,0,0,Other,1
872,2018-03-06 11:07:00,2018-03-06,11,3,2018,Tuesday,-1.244991,36.86694635,Fatal,1,1,0,0,Pedestrian,1
874,2018-03-06 12:43:00,2018-03-06,12,3,2018,Tuesday,-1.338221,36.773224,Non-Fatal,0,0,0,0,Other,1
875,2018-03-06 12:48:00,2018-03-06,12,3,2018,Tuesday,-1.218893,36.892208,Non-Fatal,0,0,0,0,Other,1
876,2018-03-06 13:10:00,2018-03-06,13,3,2018,Tuesday,-1.356237,36.762057,Non-Fatal,0,0,0,0,Other,1
877,2018-03-06 15:12:00,2018-03-06,15,3,2018,Tuesday,-1.2381,36.843986,Non-Fatal,0,0,0,0,Other,1
880,2018-03-06 16:50:00,2018-03-06,16,3,2018,Tuesday,-1.260772,36.842033,Non-Fatal,0,0,0,0,Other,1
883,2018-03-06 18:23:00,2018-03-06,18,3,2018,Tuesday,-1.329519,36.873866,Non-Fatal,0,0,0,0,Other,1
884,2018-03-07 01:52:00,2018-03-07,1,3,2018,Wednesday,-1.330846,36.857742,Non-Fatal,0,0,0,0,Other,1
887,2018-03-07 09:41:00,2018-03-07,9,3,2018,Wednesday,-0.804893,36.532016,Non-Fatal,0,0,0,0,Other,1
889,2018-03-07 12:11:00,2018-03-07,12,3,2018,Wednesday,-1.323311714,36.89959526,Non-Fatal,0,0,0,0,Other,1
891,2018-03-08 00:42:00,2018-03-08,0,3,2018,Thursday,-1.024195,37.066605,Non-Fatal,0,0,0,0,Other,1
892,2018-03-08 01:09:00,2018-03-08,1,3,2018,Thursday,-1.005675,37.078928,Non-Fatal,0,0,0,0,Other,1
893,2018-03-08 01:50:00,2018-03-08,1,3,2018,Thursday,-1.323638,36.899686,Non-Fatal,0,0,0,0,Other,1
894,2018-03-08 03:38:00,2018-03-08,3,3,2018,Thursday,-1.32856015,36.880783,Non-Fatal,0,0,1,0,Motorcycle,1
895,2018-03-08 04:55:00,2018-03-08,4,3,2018,Thursday,-1.205178,36.915715,Non-Fatal,0,0,0,0,Other,1
899,2018-03-08 12:45:00,2018-03-08,12,3,2018,Thursday,-1.375827,36.924115,Fatal,1,0,0,0,Other,1
900,2018-03-08 14:30:00,2018-03-08,14,3,2018,Thursday,-1.2632265,36.7649484,Non-Fatal,0,0,0,0,Other,1
901,2018-03-08 16:52:00,2018-03-08,16,3,2018,Thursday,-1.329926,36.870701,Non-Fatal,0,0,0,0,Other,1
905,2018-03-09 09:22:00,2018-03-09,9,3,2018,Friday,-1.2381,36.843986,Non-Fatal,0,0,0,0,Other,1
906,2018-03-09 09:53:00,2018-03-09,9,3,2018,Friday,-0.940806,36.620745,Non-Fatal,0,0,0,0,Other,1
907,2018-03-09 10:14:00,2018-03-09,10,3,2018,Friday,-1.205178,36.915715,Non-Fatal,0,0,0,0,Other,1
914,2018-03-09 13:08:00,2018-03-09,13,3,2018,Friday,-1.364719,36.911405,Non-Fatal,0,0,0,0,Other,1
915,2018-03-09 13:39:00,2018-03-09,13,3,2018,Friday,-1.260268,36.770931,Non-Fatal,0,0,0,0,Other,1
917,2018-03-09 14:00:00,2018-03-09,14,3,2018,Friday,-1.292914,36.819315,Non-Fatal,0,0,0,1,Matatu,1
918,2018-03-09 21:05:00,2018-03-09,21,3,2018,Friday,-1.325628,36.848603,Non-Fatal,0,0,0,0,Other,1
921,2018-03-10 04:54:00,2018-03-10,4,3,2018,Saturday,-1.370163,36.917689,Non-Fatal,0,0,0,0,Other,1
923,2018-03-10 05:43:00,2018-03-10,5,3,2018,Saturday,-1.283051,36.824175,Non-Fatal,0,0,1,0,Motorcycle,1
927,2018-03-10 14:24:00,2018-03-10,14,3,2018,Saturday,-1.3218,36.707906,Non-Fatal,0,0,0,0,Other,1
928,2018-03-11 04:04:00,2018-03-11,4,3,2018,Sunday,-1.280731,36.964065,Non-Fatal,0,0,0,0,Other,1
930,2018-03-11 11:10:00,2018-03-11,11,3,2018,Sunday,-1.237493,36.666526,Non-Fatal,0,0,0,0,Other,1
933,2018-03-11 16:49:00,2018-03-11,16,3,2018,Sunday,-1.182002,36.937491,Non-Fatal,0,0,0,0,Other,1
935,2018-03-12 03:50:00,2018-03-12,3,3,2018,Monday,-1.31435665,36.8079547,Non-Fatal,0,0,0,0,Other,1
936,2018-03-12 04:04:00,2018-03-12,4,3,2018,Monday,-1.255847525,36.69535614,Non-Fatal,0,0,0,0,Other,1
941,2018-03-13 03:37:00,2018-03-13,3,3,2018,Tuesday,-1.460948,36.964113,Non-Fatal,0,0,0,0,Other,1
948,2018-03-13 05:20:00,2018-03-13,5,3,2018,Tuesday,-1.067715,37.051005,Non-Fatal,0,0,0,0,Other,1
951,2018-03-13 14:25:00,2018-03-13,14,3,2018,Tuesday,-1.219589,36.891494,Non-Fatal,0,0,0,0,Other,1
953,2018-03-13 15:27:00,2018-03-13,15,3,2018,Tuesday,-1.211206,36.906606,Non-Fatal,0,0,0,0,Other,1
954,2018-03-13 16:01:00,2018-03-13,16,3,2018,Tuesday,-1.299653,36.820883,Non-Fatal,0,0,0,0,Other,1
956,2018-03-13 17:02:00,2018-03-13,17,3,2018,Tuesday,-1.261931,36.873126,Fatal,1,0,1,0,Motorcycle,1
958,2018-03-13 18:15:00,2018-03-13,18,3,2018,Tuesday,-1.2627803,36.76434337,Non-Fatal,0,0,0,0,Other,1
1133,2017-07-01 06:29:00,2017-07-01,6,7,2017,Saturday,-1.327731,36.852125,Non-Fatal,0,0,0,0,Other,1
1134,2017-07-01 08:40:00,2017-07-01,8,7,2017,Saturday,-1.292377,36.783475,Non-Fatal,0,0,0,0,Other,1
1135,2017-07-01 11:24:00,2017-07-01,11,7,2017,Saturday,-1.2639371,36.7578099,Non-Fatal,0,0,0,0,Other,1
1136,2017-07-01 21:15:00,2017-07-01,21,7,2017,Saturday,-1.203699,36.917122,Fatal,1,0,0,0,Other,1
1137,2017-07-02 13:06:00,2017-07-02,13,7,2017,Sunday,-1.292673,36.899085,Non-Fatal,0,0,0,1,Matatu,1
1138,2017-07-02 19:42:00,2017-07-02,19,7,2017,Sunday,-1.29991,36.824145,Non-Fatal,0,0,0,0,Other,1
1139,2017-07-03 06:20:00,2017-07-03,6,7,2017,Monday,-1.234392,36.873671,Non-Fatal,0,0,0,0,Other,1
1140,2017-07-03 20:52:00,2017-07-03,20,7,2017,Monday,-1.2970144,36.8756581,Non-Fatal,0,0,0,1,Matatu,1
1141,2017-07-04 07:53:00,2017-07-04,7,7,2017,Tuesday,-1.233516,36.874734,Non-Fatal,0,0,0,0,Other,1
1142,2017-07-04 08:57:00,2017-07-04,8,7,2017,Tuesday,-1.20545,36.785959,Non-Fatal,0,0,0,0,Other,1
1143,2017-07-04 09:45:00,2017-07-04,9,7,2017,Tuesday,-1.2447019,36.8668032,Non-Fatal,0,0,0,0,Other,1
1144,2017-07-04 18:43:00,2017-07-04,18,7,2017,Tuesday,-1.319188,36.86533,Non-Fatal,0,0,1,0,Motorcycle,1
1145,2017-07-04 20:17:00,2017-07-04,20,7,2017,Tuesday,-1.233677,36.874532,Non-Fatal,0,0,0,0,Other,1
1146,2017-07-05 07:08:00,2017-07-05,7,7,2017,Wednesday,-1.28666,36.835242,Non-Fatal,0,0,0,0,Other,1
1147,2017-07-05 13:52:00,2017-07-05,13,7,2017,Wednesday,-1.3311921,36.8885687,Non-Fatal,0,0,0,0,Other,1
1148,2017-07-05 17:47:00,2017-07-05,17,7,2017,Wednesday,-1.2184363,36.8914368,Non-Fatal,0,0,0,1,Matatu,1
1149,2017-07-06 05:23:00,2017-07-06,5,7,2017,Thursday,-1.244783,36.8668542,Fatal,1,0,0,0,Other,1
1150,2017-07-06 18:24:00,2017-07-06,18,7,2017,Thursday,-1.3242318,36.7018934,Non-Fatal,0,0,0,0,Other,1
1151,2017-07-06 18:37:00,2017-07-06,18,7,2017,Thursday,-1.2184363,36.8914368,Non-Fatal,0,0,0,0,Other,1
1152,2017-07-06 22:35:00,2017-07-06,22,7,2017,Thursday,-1.329878,36.870853,Non-Fatal,0,0,0,0,Other,1
1153,2017-07-07 09:00:00,2017-07-07,9,7,2017,Friday,-1.260694,36.716837,Non-Fatal,0,0,0,0,Other,1
1154,2017-07-07 17:23:00,2017-07-07,17,7,2017,Friday,-1.248708,36.863189,Non-Fatal,0,0,0,0,Other,1
1155,2017-07-07 17:54:00,2017-07-07,17,7,2017,Friday,-1.294364,36.78753,Non-Fatal,0,0,0,0,Other,1
1156,2017-07-07 19:39:00,2017-07-07,19,7,2017,Friday,-1.382143,36.770575,Non-Fatal,0,0,1,0,Motorcycle,1
1157,2017-07-08 16:13:00,2017-07-08,16,7,2017,Saturday,-1.329905,36.870861,Non-Fatal,0,0,0,0,Other,1
1158,2017-07-08 20:53:00,2017-07-08,20,7,2017,Saturday,-1.364074,36.910642,Non-Fatal,0,0,0,0,Other,1
1159,2017-07-08 21:00:00,2017-07-08,21,7,2017,Saturday,-1.259973674,36.84342063,Non-Fatal,0,0,0,0,Other,1
1160,2017-07-08 21:52:00,2017-07-08,21,7,2017,Saturday,-1.0244849,37.0672917,Non-Fatal,0,0,0,0,Other,1
1161,2017-07-09 01:34:00,2017-07-09,1,7,2017,Sunday,-1.420035,36.953928,Fatal,1,0,0,0,Other,1
1162,2017-07-09 07:19:00,2017-07-09,7,7,2017,Sunday,-1.2184363,36.8914368,Non-Fatal,0,0,0,0,Other,1
1163,2017-07-09 12:13:00,2017-07-09,12,7,2017,Sunday,-1.285990699,36.81832394,Non-Fatal,0,0,0,0,Other,1
1164,2017-07-09 20:08:00,2017-07-09,20,7,2017,Sunday,-1.225723658,36.88494832,Non-Fatal,0,0,0,0,Other,1
1165,2017-07-09 21:29:00,2017-07-09,21,7,2017,Sunday,-1.218436267,36.89143683,Non-Fatal,0,0,0,0,Other,1
1166,2017-07-10 06:23:00,2017-07-10,6,7,2017,Monday,-1.169939,36.641335,Non-Fatal,0,0,0,0,Other,1
1167,2017-07-10 06:25:00,2017-07-10,6,7,2017,Monday,-1.218436267,36.89143683,Non-Fatal,0,0,0,0,Other,1
1168,2017-07-10 07:35:00,2017-07-10,7,7,2017,Monday,-1.278615,36.821314,Non-Fatal,0,0,0,0,Other,1
1169,2017-07-10 07:42:00,2017-07-10,7,7,2017,Monday,-1.30912,36.860767,Non-Fatal,0,0,0,0,Other,1
1170,2017-07-10 08:52:00,2017-07-10,8,7,2017,Monday,-1.203704,36.917063,Non-Fatal,0,0,0,0,Other,1
1171,2017-07-10 10:31:00,2017-07-10,10,7,2017,Monday,-1.234376,36.670686,Non-Fatal,0,0,0,0,Other,1
1172,2017-07-11 06:20:00,2017-07-11,6,7,2017,Tuesday,-1.255847525,36.69535614,Non-Fatal,0,0,0,0,Other,1
1173,2017-07-11 06:53:00,2017-07-11,6,7,2017,Tuesday,-1.2568653,36.85500857,Non-Fatal,0,0,0,0,Other,1
1174,2017-07-11 08:11:00,2017-07-11,8,7,2017,Tuesday,-1.233366,36.874555,Non-Fatal,0,0,0,0,Other,1
1175,2017-07-11 11:28:00,2017-07-11,11,7,2017,Tuesday,-1.393383,36.939303,Non-Fatal,0,0,0,0,Other,1
1176,2017-07-11 16:18:00,2017-07-11,16,7,2017,Tuesday,-1.417547,36.9517764,Non-Fatal,0,0,0,0,Other,1
1177,2017-07-11 17:40:00,2017-07-11,17,7,2017,Tuesday,-1.180398,36.644306,Non-Fatal,0,0,0,0,Other,1
1178,2017-07-11 20:17:00,2017-07-11,20,7,2017,Tuesday,-1.3632057,36.764584,Fatal,1,0,0,0,Other,1
1179,2017-07-12 06:21:00,2017-07-12,6,7,2017,Wednesday,-1.260772,36.842033,Non-Fatal,0,0,0,0,Other,1
1180,2017-07-12 08:59:00,2017-07-12,8,7,2017,Wednesday,-1.292773,36.804511,Non-Fatal,0,0,0,0,Other,1
1181,2017-07-12 11:17:00,2017-07-12,11,7,2017,Wednesday,-1.25887,36.78039,Non-Fatal,0,0,0,0,Other,1
1182,2017-07-12 17:26:00,2017-07-12,17,7,2017,Wednesday,-1.244263,36.86747,Non-Fatal,0,0,0,0,Other,1
1183,2017-07-12 17:33:00,2017-07-12,17,7,2017,Wednesday,-1.188995,36.930823,Non-Fatal,0,0,0,0,Other,1
1184,2017-07-12 18:22:00,2017-07-12,18,7,2017,Wednesday,-1.205178,36.915715,Non-Fatal,0,0,0,0,Other,1
1185,2017-07-12 18:28:00,2017-07-12,18,7,2017,Wednesday,-1.29251,36.781708,Non-Fatal,0,0,0,0,Other,1
1186,2017-07-12 18:47:00,2017-07-12,18,7,2017,Wednesday,-1.379238,36.927857,Non-Fatal,0,0,0,0,Other,1
1187,2017-07-12 21:32:00,2017-07-12,21,7,2017,Wednesday,-1.182002,36.937491,Non-Fatal,0,0,0,1,Matatu,1
1188,2017-07-13 08:22:00,2017-07-13,8,7,2017,Thursday,-1.024099,37.066766,Non-Fatal,0,0,0,0,Other,1
1189,2017-07-13 09:06:00,2017-07-13,9,7,2017,Thursday,-1.284369,36.83115,Non-Fatal,0,0,0,0,Other,1
1190,2017-07-13 10:56:00,2017-07-13,10,7,2017,Thursday,-1.331381,36.888581,Non-Fatal,0,0,0,0,Other,1
1191,2017-07-13 15:04:00,2017-07-13,15,7,2017,Thursday,-1.364553,36.911256,Non-Fatal,0,0,0,0,Other,1
1192,2017-07-13 17:58:00,2017-07-13,17,7,2017,Thursday,-1.274509,36.81225,Non-Fatal,0,0,0,1,Matatu,1
1193,2017-07-13 18:25:00,2017-07-13,18,7,2017,Thursday,-1.33052,36.866298,Non-Fatal,0,0,0,0,Other,1
1194,2017-07-13 21:12:00,2017-07-13,21,7,2017,Thursday,-1.136765,36.970913,Non-Fatal,0,0,0,0,Other,1
1195,2017-07-14 05:17:00,2017-07-14,5,7,2017,Friday,-1.35951,36.907839,Non-Fatal,0,0,0,0,Other,1
1196,2017-07-14 09:52:00,2017-07-14,9,7,2017,Friday,-1.265922,36.853626,Non-Fatal,0,0,0,0,Other,1
1197,2017-07-14 13:09:00,2017-07-14,13,7,2017,Friday,-1.188995,36.930823,Non-Fatal,0,0,0,0,Other,1
1198,2017-07-14 13:57:00,2017-07-14,13,7,2017,Friday,-1.290727,36.798554,Non-Fatal,0,0,0,0,Other,1
1199,2017-07-14 14:14:00,2017-07-14,14,7,2017,Friday,-1.331725,36.888135,Non-Fatal,0,0,0,0,Other,1
1200,2017-07-14 16:03:00,2017-07-14,16,7,2017,Friday,-1.226301,36.884109,Non-Fatal,0,0,0,0,Other,1
1201,2017-07-14 17:35:00,2017-07-14,17,7,2017,Friday,-1.364719,36.911405,Non-Fatal,0,0,0,0,Other,1
1202,2017-07-14 17:41:00,2017-07-14,17,7,2017,Friday,-1.35951,36.907839,Non-Fatal,0,0,0,0,Other,1
1203,2017-07-14 18:20:00,2017-07-14,18,7,2017,Friday,-1.257857,36.700906,Non-Fatal,0,0,0,0,Other,1
1204,2017-07-15 19:43:00,2017-07-15,19,7,2017,Saturday,-1.271275,36.80748625,Non-Fatal,0,0,0,0,Other,1
1205,2017-07-15 20:51:00,2017-07-15,20,7,2017,Saturday,-1.295326,36.886314,Non-Fatal,0,0,0,0,Other,1
1206,2017-07-17 05:59:00,2017-07-17,5,7,2017,Monday,-1.296583,36.87943,Non-Fatal,0,0,0,0,Other,1
1207,2017-07-17 19:49:00,2017-07-17,19,7,2017,Monday,-1.20397,36.916762,Non-Fatal,0,0,0,0,Other,1
1208,2017-07-17 20:00:00,2017-07-17,20,7,2017,Monday,0.31954,34.57249,Non-Fatal,0,0,0,0,Other,1
1209,2017-07-17 20:13:00,2017-07-17,20,7,2017,Monday,-1.172072333,36.94727033,Non-Fatal,0,0,0,0,Other,1
1210,2017-07-17 20:36:00,2017-07-17,20,7,2017,Monday,-1.2341507,36.8729868,Non-Fatal,0,0,0,0,Other,1
1211,2017-07-17 21:30:00,2017-07-17,21,7,2017,Monday,-1.26879,36.824013,Non-Fatal,0,0,0,0,Other,1
1212,2017-07-19 06:13:00,2017-07-19,6,7,2017,Wednesday,-1.266714,36.834694,Non-Fatal,0,0,0,0,Other,1
1213,2017-07-19 18:47:00,2017-07-19,18,7,2017,Wednesday,-1.260772,36.842033,Non-Fatal,0,0,0,0,Other,1
1214,2017-07-19 18:59:00,2017-07-19,18,7,2017,Wednesday,-1.23071185,36.80370165,Non-Fatal,0,0,0,0,Other,1
1215,2017-07-20 06:05:00,2017-07-20,6,7,2017,Thursday,-1.260951,36.716548,Non-Fatal,0,0,0,0,Other,1
1216,2017-07-20 06:09:00,2017-07-20,6,7,2017,Thursday,-1.264492,36.738768,Non-Fatal,0,0,0,0,Other,1
1217,2017-07-20 15:01:00,2017-07-20,15,7,2017,Thursday,-1.264153,36.748832,Non-Fatal,0,0,0,0,Other,1
1218,2017-07-20 16:40:00,2017-07-20,16,7,2017,Thursday,-1.2381,36.843986,Non-Fatal,0,0,0,0,Other,1
1219,2017-07-20 19:33:00,2017-07-20,19,7,2017,Thursday,-1.256155,36.855219,Non-Fatal,0,0,0,0,Other,1
1220,2017-07-21 09:58:00,2017-07-21,9,7,2017,Friday,-1.252933,36.859054,Non-Fatal,0,0,0,0,Other,1
1221,2017-07-21 19:08:00,2017-07-21,19,7,2017,Friday,-1.364553,36.911256,Non-Fatal,0,0,0,0,Other,1
1222,2017-07-21 21:02:00,2017-07-21,21,7,2017,Friday,-1.319396,36.838183,Fatal,1,0,0,0,Other,1
1223,2017-07-21 22:57:00,2017-07-21,22,7,2017,Friday,-1.23099,36.87776,Non-Fatal,0,0,0,0,Other,1
1224,2017-07-22 08:20:00,2017-07-22,8,7,2017,Saturday,-1.249218,36.862657,Non-Fatal,0,0,0,0,Other,1
1225,2017-07-22 10:53:00,2017-07-22,10,7,2017,Saturday,-1.314107,36.830949,Non-Fatal,0,0,0,0,Other,1
1226,2017-07-22 18:02:00,2017-07-22,18,7,2017,Saturday,-1.297072,36.875667,Non-Fatal,0,0,0,0,Other,1
1227,2017-07-22 18:11:00,2017-07-22,18,7,2017,Saturday,-1.319292,36.837924,Non-Fatal,0,0,0,0,Other,1
1228,2017-07-22 18:23:00,2017-07-22,18,7,2017,Saturday,-1.329883,36.870701,Non-Fatal,0,0,0,0,Other,1
1229,2017-07-23 06:37:00,2017-07-23,6,7,2017,Sunday,-1.262121,36.726285,Non-Fatal,0,0,0,0,Other,1
1230,2017-07-23 14:11:00,2017-07-23,14,7,2017,Sunday,-1.26932,36.75024,Non-Fatal,0,0,0,0,Other,1
1231,2017-07-23 20:32:00,2017-07-23,20,7,2017,Sunday,-1.212543,36.902526,Non-Fatal,0,0,0,0,Other,1
1232,2017-07-24 02:10:00,2017-07-24,2,7,2017,Monday,-1.319292,36.837924,Non-Fatal,0,0,0,0,Other,1
1233,2017-07-24 05:28:00,2017-07-24,5,7,2017,Monday,-1.203623,36.772108,Non-Fatal,0,0,0,0,Other,1
1234,2017-07-24 06:27:00,2017-07-24,6,7,2017,Monday,-1.264054,36.753914,Non-Fatal,0,0,0,0,Other,1
1235,2017-07-24 06:30:00,2017-07-24,6,7,2017,Monday,-1.2341507,36.8729868,Non-Fatal,0,0,0,0,Other,1
1236,2017-07-24 07:26:00,2017-07-24,7,7,2017,Monday,-1.205178,36.915715,Non-Fatal,0,0,0,0,Other,1
1237,2017-07-24 08:27:00,2017-07-24,8,7,2017,Monday,-1.261628,36.725739,Non-Fatal,0,0,0,0,Other,1
1238,2017-07-24 17:16:00,2017-07-24,17,7,2017,Monday,-1.105318,37.017312,Non-Fatal,0,0,0,0,Other,1
1239,2017-07-24 19:32:00,2017-07-24,19,7,2017,Monday,-1.269696,36.817389,Non-Fatal,0,0,0,0,Other,1
1240,2017-07-25 08:50:00,2017-07-25,8,7,2017,Tuesday,-1.225204,36.838646,Non-Fatal,0,0,0,1,Matatu,1
1241,2017-07-25 19:44:00,2017-07-25,19,7,2017,Tuesday,-1.393383,36.939303,Non-Fatal,0,0,0,0,Other,1
1242,2017-07-26 08:50:00,2017-07-26,8,7,2017,Wednesday,-1.299666,36.765329,Non-Fatal,0,0,0,0,Other,1
1243,2017-07-26 16:30:00,2017-07-26,16,7,2017,Wednesday,-1.299037,36.776838,Non-Fatal,0,0,0,0,Other,1
1244,2017-07-27 06:48:00,2017-07-27,6,7,2017,Thursday,-1.292978525,36.79147788,Non-Fatal,0,0,0,0,Other,1
1245,2017-07-27 12:29:00,2017-07-27,12,7,2017,Thursday,-1.2520115,36.859948,Fatal,1,0,0,0,Other,1
1246,2017-07-27 16:23:00,2017-07-27,16,7,2017,Thursday,-1.129644,36.98806,Non-Fatal,0,0,0,0,Other,1
1247,2017-07-27 17:21:00,2017-07-27,17,7,2017,Thursday,-1.271799,36.808369,Non-Fatal,0,0,0,0,Other,1
1248,2017-07-27 19:31:00,2017-07-27,19,7,2017,Thursday,-1.508392,37.095374,Non-Fatal,0,0,0,0,Other,1
1249,2017-07-28 07:26:00,2017-07-28,7,7,2017,Friday,-1.263037,36.863931,Non-Fatal,0,0,0,0,Other,1
1250,2017-07-28 07:28:00,2017-07-28,7,7,2017,Friday,-1.3218,36.707906,Non-Fatal,0,0,0,0,Other,1
1251,2017-07-28 07:47:00,2017-07-28,7,7,2017,Friday,-1.299046,36.776833,Non-Fatal,0,0,0,0,Other,1
1252,2017-07-28 07:47:00,2017-07-28,7,7,2017,Friday,-1.233238,36.669375,Non-Fatal,0,0,0,0,Other,1
1253,2017-07-28 08:05:00,2017-07-28,8,7,2017,Friday,-1.227806,36.66455,Non-Fatal,0,0,0,0,Other,1
1254,2017-07-28 08:24:00,2017-07-28,8,7,2017,Friday,-1.211206,36.906606,Non-Fatal,0,0,0,0,Other,1
1255,2017-07-29 04:18:00,2017-07-29,4,7,2017,Saturday,-1.239072,36.870218,Non-Fatal,0,0,0,0,Other,1
1256,2017-07-29 07:57:00,2017-07-29,7,7,2017,Saturday,-1.393383,36.939303,Non-Fatal,0,0,0,0,Other,1
1257,2017-07-29 10:39:00,2017-07-29,10,7,2017,Saturday,-1.260772,36.842033,Fatal,1,0,1,0,Motorcycle,1
1258,2017-07-29 11:49:00,2017-07-29,11,7,2017,Saturday,-1.2520115,36.859948,Fatal,1,0,0,0,Other,1
1259,2017-07-29 12:13:00,2017-07-29,12,7,2017,Saturday,-1.298009,36.802431,Non-Fatal,0,0,0,0,Other,1
1260,2017-07-29 20:23:00,2017-07-29,20,7,2017,Saturday,-1.291926,36.841084,Non-Fatal,0,0,0,1,Matatu,1
1261,2017-07-30 09:46:00,2017-07-30,9,7,2017,Sunday,-1.219791,36.891226,Non-Fatal,0,0,0,0,Other,1
1262,2017-07-30 10:40:00,2017-07-30,10,7,2017,Sunday,-1.264153,36.748832,Non-Fatal,0,0,0,0,Other,1
1263,2017-07-30 19:19:00,2017-07-30,19,7,2017,Sunday,-1.325571,36.794551,Non-Fatal,0,0,0,0,Other,1
1264,2017-07-31 06:37:00,2017-07-31,6,7,2017,Monday,-1.268631,36.812207,Non-Fatal,0,0,0,1,Matatu,1
1265,2017-07-31 09:50:00,2017-07-31,9,7,2017,Monday,-1.278772,36.850245,Non-Fatal,0,0,0,0,Other,1
1266,2017-07-31 10:11:00,2017-07-31,10,7,2017,Monday,-1.238775,36.870358,Non-Fatal,0,0,0,0,Other,1
1267,2017-07-31 20:14:00,2017-07-31,20,7,2017,Monday,-1.218893,36.892208,Non-Fatal,0,0,0,0,Other,1
1268,2017-07-31 21:02:00,2017-07-31,21,7,2017,Monday,-1.325542,36.84841,Non-Fatal,0,0,0,0,Other,1
1269,2017-08-01 07:48:00,2017-08-01,7,8,2017,Tuesday,-1.364553,36.911256,Non-Fatal,0,0,0,0,Other,1
1270,2017-08-01 09:15:00,2017-08-01,9,8,2017,Tuesday,-1.299871,36.76633,Non-Fatal,0,0,0,0,Other,1
1271,2017-08-01 16:07:00,2017-08-01,16,8,2017,Tuesday,-1.393383,36.939303,Non-Fatal,0,0,0,0,Other,1
1272,2017-08-01 17:36:00,2017-08-01,17,8,2017,Tuesday,-1.098771,37.024285,Non-Fatal,0,0,0,0,Other,1
1273,2017-08-01 17:45:00,2017-08-01,17,8,2017,Tuesday,-1.266714,36.834694,Non-Fatal,0,0,0,0,Other,1
1274,2017-08-01 18:27:00,2017-08-01,18,8,2017,Tuesday,-1.265423,36.819903,Fatal,1,0,0,0,Other,1
1275,2017-08-01 22:25:00,2017-08-01,22,8,2017,Tuesday,-1.27281,36.897437,Non-Fatal,0,0,0,0,Other,1
1276,2017-08-02 04:59:00,2017-08-02,4,8,2017,Wednesday,-1.211206,36.906606,Non-Fatal,0,0,0,0,Other,1
1277,2017-08-02 06:41:00,2017-08-02,6,8,2017,Wednesday,-1.318966,36.789283,Non-Fatal,0,0,0,0,Other,1
1278,2017-08-02 08:01:00,2017-08-02,8,8,2017,Wednesday,-1.264298,36.734214,Non-Fatal,0,0,0,0,Other,1
1279,2017-08-02 11:27:00,2017-08-02,11,8,2017,Wednesday,-1.3218,36.707906,Non-Fatal,0,0,0,0,Other,1
1280,2017-08-02 12:14:00,2017-08-02,12,8,2017,Wednesday,-1.226239,36.884136,Non-Fatal,0,0,0,0,Other,1
1281,2017-08-02 17:17:00,2017-08-02,17,8,2017,Wednesday,-1.108992,36.642781,Non-Fatal,0,0,0,0,Other,1
1282,2017-08-04 06:20:00,2017-08-04,6,8,2017,Friday,-1.260772,36.842033,Non-Fatal,0,0,0,0,Other,1
1283,2017-08-04 07:32:00,2017-08-04,7,8,2017,Friday,-1.3309909,36.8595949,Non-Fatal,0,0,0,0,Other,1
1284,2017-08-04 07:46:00,2017-08-04,7,8,2017,Friday,-1.284307,36.816255,Non-Fatal,0,0,0,0,Other,1
1285,2017-08-04 08:00:00,2017-08-04,8,8,2017,Friday,-1.137155,36.970552,Fatal,1,0,0,0,Other,1
1286,2017-08-04 08:48:00,2017-08-04,8,8,2017,Friday,-1.149233,36.962258,Non-Fatal,0,0,0,0,Other,1
1287,2017-08-04 08:53:00,2017-08-04,8,8,2017,Friday,-1.292341,36.842965,Non-Fatal,0,1,0,1,Pedestrian,1
1288,2017-08-04 15:36:00,2017-08-04,15,8,2017,Friday,-1.227806,36.66455,Non-Fatal,0,0,0,0,Other,1
1289,2017-08-04 17:05:00,2017-08-04,17,8,2017,Friday,-1.316627,36.92001,Fatal,1,0,0,0,Other,1
1290,2017-08-04 18:44:00,2017-08-04,18,8,2017,Friday,-1.296282,36.881906,Non-Fatal,0,0,0,0,Other,1
1291,2017-08-04 20:01:00,2017-08-04,20,8,2017,Friday,-1.218893,36.892208,Non-Fatal,0,0,0,0,Other,1
1292,2017-08-04 20:06:00,2017-08-04,20,8,2017,Friday,-1.260327,36.718453,Non-Fatal,0,0,0,1,Matatu,1
1293,2017-08-04 20:41:00,2017-08-04,20,8,2017,Friday,-1.325853,36.848697,Non-Fatal,0,0,0,0,Other,1
1294,2017-08-04 23:08:00,2017-08-04,23,8,2017,Friday,-1.260811,36.794594,Non-Fatal,0,0,0,0,Other,1
1295,2017-08-05 07:00:00,2017-08-05,7,8,2017,Saturday,-1.188995,36.930823,Non-Fatal,0,0,0,0,Other,1
1296,2017-08-05 09:12:00,2017-08-05,9,8,2017,Saturday,-1.311331,36.820703,Non-Fatal,0,0,0,0,Other,1
1297,2017-08-05 23:22:00,2017-08-05,23,8,2017,Saturday,-1.33117,36.888818,Non-Fatal,0,0,0,0,Other,1
1298,2017-08-06 21:00:00,2017-08-06,21,8,2017,Sunday,-1.260327,36.718453,Non-Fatal,0,0,0,0,Other,1
1299,2017-08-06 22:31:00,2017-08-06,22,8,2017,Sunday,-1.281916,36.814476,Non-Fatal,0,0,0,0,Other,1
1300,2017-08-07 09:36:00,2017-08-07,9,8,2017,Monday,-1.067871,36.699144,Non-Fatal,0,0,0,0,Other,1
1301,2017-08-07 11:44:00,2017-08-07,11,8,2017,Monday,-0.804893,36.532016,Non-Fatal,0,0,0,0,Other,1
1302,2017-08-07 17:38:00,2017-08-07,17,8,2017,Monday,-1.215346,36.85396,Non-Fatal,0,0,0,0,Other,1
1303,2017-08-08 11:17:00,2017-08-08,11,8,2017,Tuesday,-1.061075,37.238535,Non-Fatal,0,0,0,0,Other,1
1304,2017-08-08 13:13:00,2017-08-08,13,8,2017,Tuesday,-0.930223,37.169935,Non-Fatal,0,0,0,0,Other,1
1305,2017-08-09 10:59:00,2017-08-09,10,8,2017,Wednesday,-1.215966,36.841163,Non-Fatal,0,0,0,0,Other,1
1306,2017-08-09 11:41:00,2017-08-09,11,8,2017,Wednesday,-1.2986499,36.8025624,Non-Fatal,0,0,0,0,Other,1
1307,2017-08-10 13:59:00,2017-08-10,13,8,2017,Thursday,-1.285867,36.818659,Non-Fatal,0,0,0,0,Other,1
1308,2017-08-10 17:51:00,2017-08-10,17,8,2017,Thursday,-1.307448,36.889762,Non-Fatal,0,0,0,0,Other,1
1309,2017-08-11 13:47:00,2017-08-11,13,8,2017,Friday,-1.312662,36.815829,Non-Fatal,0,0,0,0,Other,1
1310,2017-08-11 16:52:00,2017-08-11,16,8,2017,Friday,-1.171108,36.972523,Non-Fatal,0,0,0,0,Other,1
1311,2017-08-11 23:31:00,2017-08-11,23,8,2017,Friday,-0.804893,36.532016,Non-Fatal,0,0,0,0,Other,1
1312,2017-08-12 08:15:00,2017-08-12,8,8,2017,Saturday,-1.244991,36.86694635,Non-Fatal,0,0,0,1,Matatu,1
1313,2017-08-12 18:49:00,2017-08-12,18,8,2017,Saturday,-1.393383,36.939303,Non-Fatal,0,0,0,0,Other,1
1314,2017-08-13 19:48:00,2017-08-13,19,8,2017,Sunday,-0.940643,36.620634,Non-Fatal,0,0,0,0,Other,1
1315,2017-08-14 05:49:00,2017-08-14,5,8,2017,Monday,-1.31031125,36.8915215,Non-Fatal,0,0,0,1,Matatu,1
1316,2017-08-14 09:54:00,2017-08-14,9,8,2017,Monday,-1.231202,36.877496,Non-Fatal,0,0,0,0,Other,1
1317,2017-08-14 17:46:00,2017-08-14,17,8,2017,Monday,-1.231202,36.877496,Non-Fatal,0,0,0,0,Other,1
1318,2017-08-14 23:29:00,2017-08-14,23,8,2017,Monday,-1.31569,36.814204,Non-Fatal,0,0,0,0,Other,1
1319,2017-08-16 18:05:00,2017-08-16,18,8,2017,Wednesday,-1.255847525,36.69535614,Non-Fatal,0,0,0,0,Other,1
1320,2017-08-16 18:14:00,2017-08-16,18,8,2017,Wednesday,-1.2496416,36.68444243,Non-Fatal,0,0,0,0,Other,1
1321,2017-08-16 18:23:00,2017-08-16,18,8,2017,Wednesday,-1.149233,36.962258,Non-Fatal,0,0,0,0,Other,1
1322,2017-08-16 18:42:00,2017-08-16,18,8,2017,Wednesday,-1.220927,36.890236,Non-Fatal,0,0,0,0,Other,1
1323,2017-08-16 20:08:00,2017-08-16,20,8,2017,Wednesday,-1.317658,36.776336,Fatal,1,0,0,0,Other,1
1324,2017-08-16 20:25:00,2017-08-16,20,8,2017,Wednesday,-1.319174,36.789482,Fatal,1,1,0,0,Pedestrian,1
1325,2017-08-17 07:45:00,2017-08-17,7,8,2017,Thursday,-1.297734,36.886701,Non-Fatal,0,0,0,0,Other,1
1326,2017-08-17 08:37:00,2017-08-17,8,8,2017,Thursday,-1.250179253,36.78524739,Non-Fatal,0,0,0,1,Matatu,1
1327,2017-08-17 14:21:00,2017-08-17,14,8,2017,Thursday,-1.295174,36.821838,Non-Fatal,0,0,0,0,Other,1
1328,2017-08-17 17:33:00,2017-08-17,17,8,2017,Thursday,-1.1711,36.972391,Non-Fatal,0,0,0,0,Other,1
1329,2017-08-17 18:36:00,2017-08-17,18,8,2017,Thursday,-1.344414,36.902542,Non-Fatal,0,0,0,0,Other,1
1330,2017-08-17 20:11:00,2017-08-17,20,8,2017,Thursday,-1.260845,36.713369,Non-Fatal,0,0,0,0,Other,1
1331,2017-08-17 20:37:00,2017-08-17,20,8,2017,Thursday,-1.29594,36.886536,Fatal,1,0,0,0,Other,1
1332,2017-08-17 22:05:00,2017-08-17,22,8,2017,Thursday,-1.23536,36.872436,Non-Fatal,0,0,0,0,Other,1
1333,2017-08-18 01:31:00,2017-08-18,1,8,2017,Friday,-1.216489,36.825045,Non-Fatal,0,0,0,0,Other,1
1334,2017-08-18 07:58:00,2017-08-18,7,8,2017,Friday,-1.29769,36.871121,Non-Fatal,0,0,0,1,Matatu,1
1335,2017-08-18 08:24:00,2017-08-18,8,8,2017,Friday,-1.264316,36.740057,Non-Fatal,0,0,0,0,Other,1
1336,2017-08-18 11:29:00,2017-08-18,11,8,2017,Friday,-1.287876,36.827602,Non-Fatal,0,0,0,0,Other,1
1337,2017-08-18 14:37:00,2017-08-18,14,8,2017,Friday,-1.255799,36.797584,Non-Fatal,0,0,0,0,Other,1
1338,2017-08-19 00:53:00,2017-08-19,0,8,2017,Saturday,-1.319292,36.837924,Non-Fatal,0,0,0,0,Other,1
1339,2017-08-19 05:52:00,2017-08-19,5,8,2017,Saturday,-1.265182,36.835912,Non-Fatal,0,0,0,0,Other,1
1340,2017-08-19 06:25:00,2017-08-19,6,8,2017,Saturday,-1.30449,36.746054,Non-Fatal,0,0,1,0,Motorcycle,1
1341,2017-08-19 21:04:00,2017-08-19,21,8,2017,Saturday,-1.024067,37.066755,Non-Fatal,0,0,0,0,Other,1
1342,2017-08-20 06:45:00,2017-08-20,6,8,2017,Sunday,-1.29748,36.885739,Non-Fatal,0,0,0,0,Other,1
1343,2017-08-20 15:52:00,2017-08-20,15,8,2017,Sunday,-1.235411,36.872537,Non-Fatal,0,0,0,0,Other,1
1344,2017-08-20 21:58:00,2017-08-20,21,8,2017,Sunday,-1.323311714,36.89959526,Non-Fatal,0,0,0,1,Matatu,1
1345,2017-08-21 09:05:00,2017-08-21,9,8,2017,Monday,-1.2128646,36.9032664,Non-Fatal,0,0,0,0,Other,1
1346,2017-08-21 17:38:00,2017-08-21,17,8,2017,Monday,-1.32316,36.844198,Non-Fatal,0,0,0,0,Other,1
1347,2017-08-21 19:13:00,2017-08-21,19,8,2017,Monday,-1.327561,36.852158,Non-Fatal,0,0,0,0,Other,1
1348,2017-08-22 06:54:00,2017-08-22,6,8,2017,Tuesday,-1.218893,36.892208,Non-Fatal,0,0,0,0,Other,1
1349,2017-08-22 08:08:00,2017-08-22,8,8,2017,Tuesday,-1.301897,36.816336,Non-Fatal,0,0,0,0,Other,1
1350,2017-08-22 08:39:00,2017-08-22,8,8,2017,Tuesday,-1.32856015,36.880783,Non-Fatal,0,0,0,0,Other,1
1351,2017-08-22 09:28:00,2017-08-22,9,8,2017,Tuesday,-1.260772,36.842033,Non-Fatal,0,0,0,0,Other,1
1352,2017-08-22 09:29:00,2017-08-22,9,8,2017,Tuesday,-1.249089,36.862775,Non-Fatal,0,0,0,0,Other,1
1353,2017-08-22 14:48:00,2017-08-22,14,8,2017,Tuesday,-1.374088,36.922352,Non-Fatal,0,0,0,0,Other,1
1354,2017-08-22 18:05:00,2017-08-22,18,8,2017,Tuesday,-1.218893,36.892208,Fatal,1,0,0,0,Other,1
1355,2017-08-22 18:30:00,2017-08-22,18,8,2017,Tuesday,-1.2994591,36.8248656,Non-Fatal,0,0,0,0,Other,1
1356,2017-08-22 19:34:00,2017-08-22,19,8,2017,Tuesday,-1.255847525,36.69535614,Non-Fatal,0,0,0,0,Other,1
1357,2017-08-22 20:56:00,2017-08-22,20,8,2017,Tuesday,-1.203997,36.916822,Non-Fatal,0,0,0,0,Other,1
1358,2017-08-22 20:57:00,2017-08-22,20,8,2017,Tuesday,-1.329883,36.870701,Non-Fatal,0,0,0,0,Other,1
1359,2017-08-23 08:52:00,2017-08-23,8,8,2017,Wednesday,-1.262399,36.878971,Non-Fatal,0,0,0,0,Other,1
1360,2017-08-23 14:38:00,2017-08-23,14,8,2017,Wednesday,-1.316951,36.833923,Non-Fatal,0,0,0,0,Other,1
1361,2017-08-23 16:29:00,2017-08-23,16,8,2017,Wednesday,-1.312452,36.816123,Non-Fatal,0,0,0,0,Other,1
1362,2017-08-24 08:01:00,2017-08-24,8,8,2017,Thursday,-0.804893,36.532016,Non-Fatal,0,0,0,0,Other,1
1363,2017-08-24 20:29:00,2017-08-24,20,8,2017,Thursday,-1.260772,36.842033,Non-Fatal,0,0,0,0,Other,1
1364,2017-08-25 00:11:00,2017-08-25,0,8,2017,Friday,-1.329883,36.870701,Non-Fatal,0,0,0,0,Other,1
1365,2017-08-25 05:41:00,2017-08-25,5,8,2017,Friday,-1.286016643,36.81839766,Non-Fatal,0,0,0,0,Other,1
1366,2017-08-25 07:50:00,2017-08-25,7,8,2017,Friday,-1.296922,36.83543,Non-Fatal,0,0,0,0,Other,1
1367,2017-08-25 13:34:00,2017-08-25,13,8,2017,Friday,-1.329883,36.870701,Non-Fatal,0,0,0,0,Other,1
1368,2017-08-25 14:09:00,2017-08-25,14,8,2017,Friday,-1.35951,36.907839,Non-Fatal,0,0,0,0,Other,1
1369,2017-08-25 15:11:00,2017-08-25,15,8,2017,Friday,-1.345134,36.903268,Non-Fatal,0,0,0,0,Other,1
1370,2017-08-25 18:17:00,2017-08-25,18,8,2017,Friday,-1.23071185,36.80370165,Non-Fatal,0,0,0,0,Other,1
1371,2017-08-25 22:25:00,2017-08-25,22,8,2017,Friday,-0.664948,37.209139,Non-Fatal,0,0,0,0,Other,1
1372,2017-08-26 13:13:00,2017-08-26,13,8,2017,Saturday,-1.249218,36.862657,Non-Fatal,0,0,0,0,Other,1
1373,2017-08-26 15:22:00,2017-08-26,15,8,2017,Saturday,-1.280731,36.964065,Non-Fatal,0,0,0,0,Other,1
1374,2017-08-26 15:44:00,2017-08-26,15,8,2017,Saturday,-1.264153,36.748832,Non-Fatal,0,0,0,0,Other,1
1375,2017-08-26 15:47:00,2017-08-26,15,8,2017,Saturday,-1.317724,36.918491,Non-Fatal,0,0,0,0,Other,1
1376,2017-08-26 20:49:00,2017-08-26,20,8,2017,Saturday,-1.272416,36.827385,Non-Fatal,0,0,0,0,Other,1
1377,2017-08-27 07:39:00,2017-08-27,7,8,2017,Sunday,-0.666495,37.212567,Non-Fatal,0,0,0,0,Other,1
1378,2017-08-27 10:49:00,2017-08-27,10,8,2017,Sunday,-1.266714,36.834694,Non-Fatal,0,0,0,1,Matatu,1
1379,2017-08-27 15:36:00,2017-08-27,15,8,2017,Sunday,-1.22063,36.890373,Non-Fatal,0,0,0,0,Other,1
1380,2017-08-27 17:54:00,2017-08-27,17,8,2017,Sunday,-1.024152,37.066787,Non-Fatal,0,0,0,0,Other,1
1381,2017-08-27 19:26:00,2017-08-27,19,8,2017,Sunday,-1.315891533,36.81393867,Non-Fatal,0,0,0,0,Other,1
1382,2017-08-27 20:10:00,2017-08-27,20,8,2017,Sunday,-1.264153,36.748832,Non-Fatal,0,0,0,0,Other,1
1383,2017-08-28 08:21:00,2017-08-28,8,8,2017,Monday,-1.255847525,36.69535614,Non-Fatal,0,0,0,0,Other,1
1384,2017-08-28 08:34:00,2017-08-28,8,8,2017,Monday,-1.244991,36.86694635,Non-Fatal,0,0,0,0,Other,1
1385,2017-08-28 11:22:00,2017-08-28,11,8,2017,Monday,-1.005675,37.078928,Non-Fatal,0,0,0,0,Other,1
1386,2017-08-28 15:50:00,2017-08-28,15,8,2017,Monday,-1.329672,36.870351,Non-Fatal,0,0,0,0,Other,1
1387,2017-08-28 23:09:00,2017-08-28,23,8,2017,Monday,-1.316609025,36.83403205,Non-Fatal,0,0,0,0,Other,1
1388,2017-08-29 06:35:00,2017-08-29,6,8,2017,Tuesday,-1.35952,36.907841,Non-Fatal,0,0,0,1,Matatu,1
1389,2017-08-29 06:39:00,2017-08-29,6,8,2017,Tuesday,-1.260275,36.77083,Non-Fatal,0,0,0,0,Other,1
1390,2017-08-29 07:12:00,2017-08-29,7,8,2017,Tuesday,-1.2520115,36.859948,Non-Fatal,0,0,0,0,Other,1
1391,2017-08-29 08:47:00,2017-08-29,8,8,2017,Tuesday,-1.292376,36.783475,Non-Fatal,0,0,0,0,Other,1
1392,2017-08-29 12:30:00,2017-08-29,12,8,2017,Tuesday,-1.218893,36.892208,Non-Fatal,0,0,0,0,Other,1
1393,2017-08-29 13:39:00,2017-08-29,13,8,2017,Tuesday,-1.325571,36.794551,Non-Fatal,0,0,0,0,Other,1
1394,2017-08-29 21:26:00,2017-08-29,21,8,2017,Tuesday,-1.257001,36.854399,Non-Fatal,0,0,0,0,Other,1
1395,2017-08-30 11:37:00,2017-08-30,11,8,2017,Wednesday,-1.329883,36.870701,Non-Fatal,0,0,0,0,Other,1
1396,2017-08-30 20:44:00,2017-08-30,20,8,2017,Wednesday,-1.118429,37.010054,Non-Fatal,0,0,0,0,Other,1
1397,2017-08-31 08:39:00,2017-08-31,8,8,2017,Thursday,-1.255895,36.855873,Non-Fatal,0,0,0,0,Other,1
1398,2017-08-31 15:36:00,2017-08-31,15,8,2017,Thursday,-1.259588,36.785738,Non-Fatal,0,0,0,1,Matatu,1
1399,2017-08-31 16:17:00,2017-08-31,16,8,2017,Thursday,-1.272416,36.827385,Non-Fatal,0,0,0,0,Other,1
1400,2017-08-31 18:22:00,2017-08-31,18,8,2017,Thursday,-1.279676,36.819991,Non-Fatal,0,0,0,0,Other,1
1401,2017-09-01 05:07:00,2017-09-01,5,9,2017,Friday,-1.244991,36.86694635,Non-Fatal,0,0,0,0,Other,1
1402,2017-09-01 05:12:00,2017-09-01,5,9,2017,Friday,-1.235035,36.87286,Non-Fatal,0,0,0,0,Other,1
1403,2017-09-01 07:06:00,2017-09-01,7,9,2017,Friday,-1.316609025,36.83403205,Non-Fatal,0,0,0,0,Other,1
1404,2017-09-01 07:15:00,2017-09-01,7,9,2017,Friday,-1.26049,36.770219,Non-Fatal,0,0,0,0,Other,1
1405,2017-09-01 07:17:00,2017-09-01,7,9,2017,Friday,-1.462665,37.011955,Non-Fatal,0,0,0,0,Other,1
1406,2017-09-01 13:01:00,2017-09-01,13,9,2017,Friday,-1.210832,36.907589,Non-Fatal,0,0,0,0,Other,1
1407,2017-09-01 13:02:00,2017-09-01,13,9,2017,Friday,-1.218893,36.892208,Non-Fatal,0,0,0,0,Other,1
1408,2017-09-01 14:17:00,2017-09-01,14,9,2017,Friday,-1.461081,37.013211,Non-Fatal,0,0,0,0,Other,1
1409,2017-09-01 16:37:00,2017-09-01,16,9,2017,Friday,-1.319217,36.789482,Non-Fatal,0,0,0,0,Other,1
1410,2017-09-01 17:00:00,2017-09-01,17,9,2017,Friday,-1.232337,36.878793,Non-Fatal,0,0,0,0,Other,1
1411,2017-09-02 07:30:00,2017-09-02,7,9,2017,Saturday,-1.301849,36.753374,Non-Fatal,0,0,0,0,Other,1
1412,2017-09-02 21:51:00,2017-09-02,21,9,2017,Saturday,-1.264316,36.740057,Non-Fatal,0,0,0,0,Other,1
1413,2017-09-02 22:11:00,2017-09-02,22,9,2017,Saturday,-1.234214,36.871593,Fatal,1,0,0,0,Other,1
1414,2017-09-02 22:17:00,2017-09-02,22,9,2017,Saturday,-1.261628,36.725739,Non-Fatal,0,0,0,0,Other,1
1415,2017-09-03 10:01:00,2017-09-03,10,9,2017,Sunday,-1.131369,36.636026,Non-Fatal,0,0,0,0,Other,1
1416,2017-09-03 10:28:00,2017-09-03,10,9,2017,Sunday,-1.2496029,36.8485744,Non-Fatal,0,0,0,0,Other,1
1417,2017-09-03 11:04:00,2017-09-03,11,9,2017,Sunday,-1.213354,36.792994,Non-Fatal,0,0,0,0,Other,1
1418,2017-09-03 12:31:00,2017-09-03,12,9,2017,Sunday,-1.32856015,36.880783,Non-Fatal,0,0,0,0,Other,1
1419,2017-09-03 19:54:00,2017-09-03,19,9,2017,Sunday,-1.37214,36.91987,Non-Fatal,0,1,0,0,Pedestrian,1
1420,2017-09-03 22:33:00,2017-09-03,22,9,2017,Sunday,-1.3820525,36.7705935,Non-Fatal,0,0,0,0,Other,1
1421,2017-09-03 23:20:00,2017-09-03,23,9,2017,Sunday,-1.292341,36.843161,Non-Fatal,0,0,0,0,Other,1
1422,2017-09-04 06:43:00,2017-09-04,6,9,2017,Monday,-1.205406,36.915515,Non-Fatal,0,0,0,0,Other,1
1423,2017-09-04 06:58:00,2017-09-04,6,9,2017,Monday,-1.2932616,36.94381485,Non-Fatal,0,0,0,0,Other,1
1424,2017-09-04 07:24:00,2017-09-04,7,9,2017,Monday,-1.331725,36.888135,Non-Fatal,0,0,0,0,Other,1
1425,2017-09-04 07:37:00,2017-09-04,7,9,2017,Monday,-1.218893,36.892208,Non-Fatal,0,0,0,0,Other,1
1426,2017-09-04 11:21:00,2017-09-04,11,9,2017,Monday,-1.260327,36.718453,Non-Fatal,0,0,0,0,Other,1
1427,2017-09-04 15:05:00,2017-09-04,15,9,2017,Monday,-1.3192781,36.8383276,Non-Fatal,0,0,0,0,Other,1
1428,2017-09-04 20:38:00,2017-09-04,20,9,2017,Monday,-1.260385,36.718111,Non-Fatal,0,0,0,0,Other,1
1429,2017-09-04 21:59:00,2017-09-04,21,9,2017,Monday,-1.261628,36.725739,Non-Fatal,0,0,0,0,Other,1
1430,2017-09-05 07:54:00,2017-09-05,7,9,2017,Tuesday,-1.250179253,36.78524739,Non-Fatal,0,0,0,0,Other,1
1431,2017-09-05 08:02:00,2017-09-05,8,9,2017,Tuesday,-1.299776,36.83673,Non-Fatal,0,0,0,0,Other,1
1432,2017-09-05 14:56:00,2017-09-05,14,9,2017,Tuesday,-1.395448,36.731244,Non-Fatal,0,0,0,0,Other,1
1433,2017-09-05 15:06:00,2017-09-05,15,9,2017,Tuesday,-1.365201,36.91196,Non-Fatal,0,0,0,0,Other,1
1434,2017-09-05 20:43:00,2017-09-05,20,9,2017,Tuesday,-1.372598,36.920491,Non-Fatal,0,0,0,0,Other,1
1435,2017-09-06 07:13:00,2017-09-06,7,9,2017,Wednesday,-1.284808,36.88468,Non-Fatal,0,0,0,0,Other,1
1436,2017-09-06 07:25:00,2017-09-06,7,9,2017,Wednesday,-1.297072,36.875667,Non-Fatal,0,0,0,0,Other,1
1437,2017-09-06 07:46:00,2017-09-06,7,9,2017,Wednesday,-1.244525,36.866881,Non-Fatal,0,0,0,0,Other,1
1438,2017-09-06 10:24:00,2017-09-06,10,9,2017,Wednesday,-1.397613,36.941893,Non-Fatal,0,0,0,0,Other,1
1439,2017-09-06 10:32:00,2017-09-06,10,9,2017,Wednesday,-1.393383,36.939303,Non-Fatal,0,0,0,0,Other,1
1440,2017-09-06 16:42:00,2017-09-06,16,9,2017,Wednesday,-1.26879,36.824013,Non-Fatal,0,0,0,0,Other,1
1441,2017-09-06 22:24:00,2017-09-06,22,9,2017,Wednesday,-1.342713,36.765975,Non-Fatal,0,0,0,0,Other,1
1442,2017-09-07 05:54:00,2017-09-07,5,9,2017,Thursday,-1.219589,36.891494,Non-Fatal,0,0,0,0,Other,1
1443,2017-09-07 12:50:00,2017-09-07,12,9,2017,Thursday,-1.047398,37.059364,Non-Fatal,0,0,0,1,Matatu,1
1444,2017-09-07 16:38:00,2017-09-07,16,9,2017,Thursday,-1.296341,36.88407,Non-Fatal,0,1,0,0,Pedestrian,1
1445,2017-09-08 05:18:00,2017-09-08,5,9,2017,Friday,-1.231183,36.842287,Non-Fatal,0,0,0,1,Matatu,1
1446,2017-09-08 07:58:00,2017-09-08,7,9,2017,Friday,-1.260686,36.71692,Non-Fatal,0,0,0,0,Other,1
1447,2017-09-08 08:07:00,2017-09-08,8,9,2017,Friday,-1.25810665,36.70126405,Non-Fatal,0,0,0,0,Other,1
1448,2017-09-08 09:25:00,2017-09-08,9,9,2017,Friday,-1.272416,36.827385,Non-Fatal,0,0,0,0,Other,1
1449,2017-09-08 17:55:00,2017-09-08,17,9,2017,Friday,-1.188995,36.930823,Non-Fatal,0,0,0,0,Other,1
1450,2017-09-08 18:02:00,2017-09-08,18,9,2017,Friday,-1.264043,36.75385,Non-Fatal,0,0,0,0,Other,1
1451,2017-09-08 18:28:00,2017-09-08,18,9,2017,Friday,-0.804893,36.532016,Non-Fatal,0,0,0,0,Other,1
1452,2017-09-09 02:08:00,2017-09-09,2,9,2017,Saturday,-1.2748234,36.82367725,Non-Fatal,0,0,0,0,Other,1
1453,2017-09-09 04:17:00,2017-09-09,4,9,2017,Saturday,-1.317724,36.918491,Non-Fatal,0,0,0,0,Other,1
1454,2017-09-09 06:44:00,2017-09-09,6,9,2017,Saturday,-1.285962,36.833221,Non-Fatal,0,0,0,0,Other,1
1455,2017-09-09 14:39:00,2017-09-09,14,9,2017,Saturday,-1.221613,36.835813,Non-Fatal,0,0,0,0,Other,1
1456,2017-09-10 11:15:00,2017-09-10,11,9,2017,Sunday,-1.364719,36.911405,Non-Fatal,0,0,0,0,Other,1
1457,2017-09-10 17:17:00,2017-09-10,17,9,2017,Sunday,-1.105318,37.017312,Non-Fatal,0,0,0,0,Other,1
1458,2017-09-10 17:59:00,2017-09-10,17,9,2017,Sunday,-0.077755,34.789928,Non-Fatal,0,0,0,0,Other,1
1459,2017-09-10 22:05:00,2017-09-10,22,9,2017,Sunday,-1.330299,36.856406,Non-Fatal,0,0,0,1,Matatu,1
1460,2017-09-11 06:15:00,2017-09-11,6,9,2017,Monday,-1.2568653,36.85500857,Non-Fatal,0,0,0,0,Other,1
1461,2017-09-11 06:18:00,2017-09-11,6,9,2017,Monday,-1.260135,36.842254,Non-Fatal,0,0,0,0,Other,1
1462,2017-09-11 06:50:00,2017-09-11,6,9,2017,Monday,-1.29506,36.799501,Non-Fatal,0,0,0,0,Other,1
1463,2017-09-11 06:58:00,2017-09-11,6,9,2017,Monday,-1.26449,36.735534,Non-Fatal,0,0,0,0,Other,1
1464,2017-09-11 06:59:00,2017-09-11,6,9,2017,Monday,-1.259588,36.785738,Non-Fatal,0,0,0,0,Other,1
1465,2017-09-11 09:17:00,2017-09-11,9,9,2017,Monday,-1.274509,36.81225,Fatal,1,0,0,0,Other,1
1466,2017-09-11 13:59:00,2017-09-11,13,9,2017,Monday,-0.982614,36.585946,Non-Fatal,0,0,0,0,Other,1
1467,2017-09-11 14:12:00,2017-09-11,14,9,2017,Monday,-1.274509,36.81225,Non-Fatal,0,0,0,0,Other,1
1468,2017-09-11 17:19:00,2017-09-11,17,9,2017,Monday,-1.318812,36.811184,Non-Fatal,0,0,0,0,Other,1
1469,2017-09-11 18:48:00,2017-09-11,18,9,2017,Monday,-1.265709,36.83533,Non-Fatal,0,0,0,0,Other,1
1470,2017-09-12 05:33:00,2017-09-12,5,9,2017,Tuesday,-1.31598,36.813963,Non-Fatal,0,0,0,0,Other,1
1471,2017-09-12 07:21:00,2017-09-12,7,9,2017,Tuesday,-1.300791,36.808823,Non-Fatal,0,0,0,0,Other,1
1472,2017-09-12 07:37:00,2017-09-12,7,9,2017,Tuesday,-1.279907,36.979198,Non-Fatal,0,0,0,0,Other,1
1473,2017-09-12 08:47:00,2017-09-12,8,9,2017,Tuesday,-1.245143,36.768481,Non-Fatal,0,0,0,0,Other,1
1474,2017-09-12 17:23:00,2017-09-12,17,9,2017,Tuesday,-1.29518,36.821822,Non-Fatal,0,0,0,0,Other,1
1475,2017-09-12 19:23:00,2017-09-12,19,9,2017,Tuesday,-1.233484,36.874769,Non-Fatal,0,0,0,0,Other,1
1476,2017-09-13 09:02:00,2017-09-13,9,9,2017,Wednesday,-1.265685,36.858851,Non-Fatal,0,1,0,0,Pedestrian,1
1477,2017-09-13 10:53:00,2017-09-13,10,9,2017,Wednesday,-1.3153828,36.89460495,Non-Fatal,0,0,0,0,Other,1
1478,2017-09-13 10:59:00,2017-09-13,10,9,2017,Wednesday,-1.269131875,36.83259915,Non-Fatal,0,0,0,0,Other,1
1479,2017-09-13 17:19:00,2017-09-13,17,9,2017,Wednesday,-1.364719,36.911405,Non-Fatal,0,0,0,0,Other,1
1480,2017-09-13 19:56:00,2017-09-13,19,9,2017,Wednesday,-1.30553,36.825678,Non-Fatal,0,0,0,0,Other,1
1481,2017-09-13 22:04:00,2017-09-13,22,9,2017,Wednesday,-1.420017,36.954021,Non-Fatal,0,0,0,0,Other,1
1482,2017-09-14 06:44:00,2017-09-14,6,9,2017,Thursday,-1.296583,36.87943,Non-Fatal,0,0,0,0,Other,1
1483,2017-09-14 11:49:00,2017-09-14,11,9,2017,Thursday,-1.277003,36.834905,Non-Fatal,0,0,0,0,Other,1
1484,2017-09-15 00:18:00,2017-09-15,0,9,2017,Friday,-1.29554,36.885938,Non-Fatal,0,0,0,0,Other,1
1485,2017-09-15 12:31:00,2017-09-15,12,9,2017,Friday,-1.364719,36.911405,Non-Fatal,0,0,0,0,Other,1
1486,2017-09-15 15:28:00,2017-09-15,15,9,2017,Friday,-1.290126,36.783114,Non-Fatal,0,0,0,0,Other,1
1487,2017-09-15 16:47:00,2017-09-15,16,9,2017,Friday,-1.299721,36.836814,Non-Fatal,0,0,0,0,Other,1
1488,2017-09-15 17:20:00,2017-09-15,17,9,2017,Friday,-1.280731,36.964065,Non-Fatal,0,0,0,0,Other,1
1489,2017-09-15 21:41:00,2017-09-15,21,9,2017,Friday,-1.260772,36.842033,Non-Fatal,0,0,0,0,Other,1
1490,2017-09-15 22:24:00,2017-09-15,22,9,2017,Friday,-1.306754,36.830673,Non-Fatal,0,0,0,0,Other,1
1491,2017-09-16 05:14:00,2017-09-16,5,9,2017,Saturday,-1.31435665,36.8079547,Non-Fatal,0,0,0,0,Other,1
1492,2017-09-16 05:42:00,2017-09-16,5,9,2017,Saturday,-1.310165,36.802016,Non-Fatal,0,0,0,0,Other,1
1493,2017-09-16 07:55:00,2017-09-16,7,9,2017,Saturday,-1.278658,36.821153,Non-Fatal,0,0,0,0,Other,1
1494,2017-09-16 08:28:00,2017-09-16,8,9,2017,Saturday,-1.393378,36.939394,Non-Fatal,0,0,0,0,Other,1
1495,2017-09-16 13:43:00,2017-09-16,13,9,2017,Saturday,-1.299717,36.824308,Non-Fatal,0,0,0,0,Other,1
1496,2017-09-16 16:17:00,2017-09-16,16,9,2017,Saturday,-1.24965,36.846952,Non-Fatal,0,0,0,0,Other,1
1497,2017-09-16 17:56:00,2017-09-16,17,9,2017,Saturday,-1.508392,37.095374,Non-Fatal,0,0,0,0,Other,1
1498,2017-09-17 08:49:00,2017-09-17,8,9,2017,Sunday,-1.260297,36.77127,Non-Fatal,0,0,0,0,Other,1
1499,2017-09-18 09:32:00,2017-09-18,9,9,2017,Monday,-1.30040278,36.78052124,Non-Fatal,0,0,0,0,Other,1
1500,2017-09-18 17:35:00,2017-09-18,17,9,2017,Monday,-1.234546,36.803319,Non-Fatal,0,0,0,0,Other,1
1501,2017-09-18 19:33:00,2017-09-18,19,9,2017,Monday,-1.30040278,36.78052124,Non-Fatal,0,0,0,0,Other,1
1502,2017-09-18 20:36:00,2017-09-18,20,9,2017,Monday,-1.304764,36.856111,Non-Fatal,0,0,0,0,Other,1
1503,2017-09-19 06:47:00,2017-09-19,6,9,2017,Tuesday,-1.325542,36.84841,Non-Fatal,0,0,0,0,Other,1
1504,2017-09-19 06:49:00,2017-09-19,6,9,2017,Tuesday,-1.266494,36.8477439,Non-Fatal,0,0,0,0,Other,1
1505,2017-09-19 10:03:00,2017-09-19,10,9,2017,Tuesday,-1.239348,36.870187,Fatal,1,0,0,0,Other,1
1506,2017-09-19 13:50:00,2017-09-19,13,9,2017,Tuesday,-1.31979,36.906603,Non-Fatal,0,0,0,0,Other,1
1507,2017-09-19 23:05:00,2017-09-19,23,9,2017,Tuesday,-1.2767133,36.822984,Non-Fatal,0,0,0,0,Other,1
1508,2017-09-20 17:02:00,2017-09-20,17,9,2017,Wednesday,-1.245686,36.874776,Non-Fatal,0,1,0,0,Pedestrian,1
1509,2017-09-20 17:28:00,2017-09-20,17,9,2017,Wednesday,-1.298556,36.767614,Non-Fatal,0,0,0,0,Other,1
1510,2017-09-20 17:42:00,2017-09-20,17,9,2017,Wednesday,-1.379238,36.927857,Non-Fatal,0,0,0,1,Matatu,1
1511,2017-09-20 17:58:00,2017-09-20,17,9,2017,Wednesday,-1.349668,36.660266,Non-Fatal,0,0,0,0,Other,1
1512,2017-09-20 20:26:00,2017-09-20,20,9,2017,Wednesday,-1.289621,36.759934,Non-Fatal,0,0,0,0,Other,1
1513,2017-09-21 07:39:00,2017-09-21,7,9,2017,Thursday,-1.262686,36.800498,Non-Fatal,0,0,0,1,Matatu,1
1514,2017-09-21 07:48:00,2017-09-21,7,9,2017,Thursday,-1.329883,36.870701,Non-Fatal,0,0,0,0,Other,1
1515,2017-09-21 16:04:00,2017-09-21,16,9,2017,Thursday,-1.2931119,36.7917109,Non-Fatal,0,0,0,1,Matatu,1
1516,2017-09-21 19:41:00,2017-09-21,19,9,2017,Thursday,-1.263997,36.837518,Non-Fatal,0,0,0,0,Other,1
1517,2017-09-21 21:07:00,2017-09-21,21,9,2017,Thursday,-1.330498267,36.86528483,Non-Fatal,0,0,0,0,Other,1
1518,2017-09-22 07:53:00,2017-09-22,7,9,2017,Friday,-1.299566,36.829876,Non-Fatal,0,0,0,0,Other,1
1519,2017-09-22 08:05:00,2017-09-22,8,9,2017,Friday,-1.271922,36.842033,Non-Fatal,0,0,0,0,Other,1
1520,2017-09-22 11:42:00,2017-09-22,11,9,2017,Friday,-1.477173,37.038103,Non-Fatal,0,0,0,0,Other,1
1521,2017-09-22 12:04:00,2017-09-22,12,9,2017,Friday,-1.095178,37.028703,Non-Fatal,0,0,0,0,Other,1
1522,2017-09-22 13:04:00,2017-09-22,13,9,2017,Friday,-1.244405,36.859136,Non-Fatal,0,0,0,0,Other,1
1523,2017-09-22 13:47:00,2017-09-22,13,9,2017,Friday,-1.290425,37.218528,Non-Fatal,0,0,0,0,Other,1
1524,2017-09-22 13:56:00,2017-09-22,13,9,2017,Friday,-1.240635,36.844245,Non-Fatal,0,0,0,0,Other,1
1525,2017-09-22 15:44:00,2017-09-22,15,9,2017,Friday,-1.289973,36.769578,Non-Fatal,0,0,0,0,Other,1
1526,2017-09-22 16:23:00,2017-09-22,16,9,2017,Friday,-1.25888,36.779842,Non-Fatal,0,0,0,0,Other,1
1527,2017-09-22 18:09:00,2017-09-22,18,9,2017,Friday,-1.393383,36.939303,Non-Fatal,0,0,0,0,Other,1
1528,2017-09-22 20:06:00,2017-09-22,20,9,2017,Friday,-1.249218,36.862657,Non-Fatal,0,1,0,0,Pedestrian,1
1529,2017-09-22 21:30:00,2017-09-22,21,9,2017,Friday,-1.2496416,36.68444243,Non-Fatal,0,0,0,0,Other,1
1530,2017-09-23 00:15:00,2017-09-23,0,9,2017,Saturday,-1.255935,36.695763,Non-Fatal,0,0,0,0,Other,1
1531,2017-09-23 02:38:00,2017-09-23,2,9,2017,Saturday,-1.32856015,36.880783,Non-Fatal,0,0,0,0,Other,1
1532,2017-09-23 14:20:00,2017-09-23,14,9,2017,Saturday,-1.318301,36.788521,Non-Fatal,0,0,0,0,Other,1
1533,2017-09-23 15:41:00,2017-09-23,15,9,2017,Saturday,-1.275458,36.829179,Non-Fatal,0,0,0,0,Other,1
1534,2017-09-24 08:10:00,2017-09-24,8,9,2017,Sunday,-1.274639,36.824303,Non-Fatal,0,0,0,0,Other,1
1535,2017-09-25 07:34:00,2017-09-25,7,9,2017,Monday,-1.2128646,36.9032664,Non-Fatal,0,0,0,0,Other,1
1536,2017-09-25 08:20:00,2017-09-25,8,9,2017,Monday,-1.262686,36.800498,Non-Fatal,0,0,0,0,Other,1
1537,2017-09-25 17:14:00,2017-09-25,17,9,2017,Monday,-1.219578,36.891484,Non-Fatal,0,0,0,0,Other,1
1538,2017-09-25 18:37:00,2017-09-25,18,9,2017,Monday,-1.269796,36.817504,Non-Fatal,0,0,0,0,Other,1
1539,2017-09-25 18:38:00,2017-09-25,18,9,2017,Monday,-1.266714,36.834694,Non-Fatal,0,0,0,0,Other,1
1540,2017-09-25 19:43:00,2017-09-25,19,9,2017,Monday,-1.252933,36.859054,Non-Fatal,0,0,0,0,Other,1
1541,2017-09-25 20:24:00,2017-09-25,20,9,2017,Monday,-1.256155,36.855219,Non-Fatal,0,0,0,0,Other,1
1542,2017-09-26 05:39:00,2017-09-26,5,9,2017,Tuesday,-1.227806,36.66455,Non-Fatal,0,0,0,0,Other,1
1543,2017-09-26 09:36:00,2017-09-26,9,9,2017,Tuesday,-1.32856015,36.880783,Non-Fatal,0,0,0,0,Other,1
1544,2017-09-26 10:34:00,2017-09-26,10,9,2017,Tuesday,-1.295208,36.812937,Non-Fatal,0,0,1,0,Motorcycle,1
1545,2017-09-27 06:24:00,2017-09-27,6,9,2017,Wednesday,-1.393383,36.939303,Non-Fatal,0,0,0,0,Other,1
1546,2017-09-27 06:28:00,2017-09-27,6,9,2017,Wednesday,-1.260772,36.842033,Non-Fatal,0,0,0,0,Other,1
1547,2017-09-27 07:10:00,2017-09-27,7,9,2017,Wednesday,-1.244847,36.866988,Non-Fatal,0,0,0,0,Other,1
1548,2017-09-27 07:19:00,2017-09-27,7,9,2017,Wednesday,-1.451023,36.968201,Non-Fatal,0,0,0,0,Other,1
1549,2017-09-27 07:52:00,2017-09-27,7,9,2017,Wednesday,-1.235113,36.87264,Non-Fatal,0,0,0,0,Other,1
1550,2017-09-27 08:04:00,2017-09-27,8,9,2017,Wednesday,-1.231202,36.877496,Non-Fatal,0,0,0,0,Other,1
1551,2017-09-27 18:27:00,2017-09-27,18,9,2017,Wednesday,-1.397695,36.941912,Non-Fatal,0,0,0,0,Other,1
1552,2017-09-27 18:41:00,2017-09-27,18,9,2017,Wednesday,-1.251041,36.818708,Non-Fatal,0,0,0,0,Other,1
1553,2017-09-28 05:17:00,2017-09-28,5,9,2017,Thursday,-1.3263197,36.7853696,Non-Fatal,0,0,0,0,Other,1
1554,2017-09-28 12:30:00,2017-09-28,12,9,2017,Thursday,-1.491467,37.0577,Non-Fatal,0,0,0,1,Matatu,1
1555,2017-09-28 16:10:00,2017-09-28,16,9,2017,Thursday,-1.259358,36.826696,Non-Fatal,0,0,0,0,Other,1
1556,2017-09-29 09:01:00,2017-09-29,9,9,2017,Friday,-1.244263,36.86747,Non-Fatal,0,0,0,0,Other,1
1557,2017-09-29 09:12:00,2017-09-29,9,9,2017,Friday,-1.234914,36.872853,Non-Fatal,0,0,0,0,Other,1
1558,2017-09-29 09:56:00,2017-09-29,9,9,2017,Friday,-1.417604,36.952687,Non-Fatal,0,0,0,0,Other,1
1559,2017-09-29 11:13:00,2017-09-29,11,9,2017,Friday,-1.851733,37.258321,Non-Fatal,0,0,0,0,Other,1
1560,2017-09-29 14:47:00,2017-09-29,14,9,2017,Friday,-1.024067,37.066755,Non-Fatal,0,0,0,0,Other,1
1561,2017-09-29 15:58:00,2017-09-29,15,9,2017,Friday,-1.320728,36.809218,Non-Fatal,0,0,0,0,Other,1
1562,2017-09-29 17:02:00,2017-09-29,17,9,2017,Friday,-1.274509,36.81225,Non-Fatal,0,0,0,0,Other,1
1563,2017-09-29 22:02:00,2017-09-29,22,9,2017,Friday,-1.26376,36.824743,Fatal,1,0,0,0,Other,1
1564,2017-09-30 09:44:00,2017-09-30,9,9,2017,Saturday,-1.264153,36.748832,Non-Fatal,0,0,0,0,Other,1
1565,2017-09-30 12:16:00,2017-09-30,12,9,2017,Saturday,-1.255879,36.856023,Non-Fatal,0,0,0,0,Other,1
1566,2017-09-30 15:48:00,2017-09-30,15,9,2017,Saturday,-0.693719,36.41978,Non-Fatal,0,0,0,0,Other,1
1567,2017-09-30 18:35:00,2017-09-30,18,9,2017,Saturday,-1.250197067,36.84664757,Non-Fatal,0,0,0,0,Other,1
1568,2017-09-30 22:24:00,2017-09-30,22,9,2017,Saturday,-1.2520115,36.859948,Fatal,1,0,0,0,Other,1
1569,2017-09-30 22:44:00,2017-09-30,22,9,2017,Saturday,-1.22097,36.890182,Non-Fatal,0,0,0,0,Other,1
1570,2017-09-30 22:44:00,2017-09-30,22,9,2017,Saturday,-1.255435,36.856536,Fatal,1,0,0,0,Other,1
1571,2017-09-30 23:15:00,2017-09-30,23,9,2017,Saturday,-1.226226,36.884216,Non-Fatal,0,0,0,0,Other,1
1572,2017-10-01 04:06:00,2017-10-01,4,10,2017,Sunday,-1.326521,36.895421,Non-Fatal,0,0,0,0,Other,1
1573,2017-10-01 19:34:00,2017-10-01,19,10,2017,Sunday,-1.331725,36.888135,Non-Fatal,0,0,0,0,Other,1
1574,2017-10-01 21:06:00,2017-10-01,21,10,2017,Sunday,-1.229704,36.804086,Non-Fatal,0,0,0,1,Matatu,1
1575,2017-10-01 22:57:00,2017-10-01,22,10,2017,Sunday,-1.234914,36.872853,Non-Fatal,0,0,0,0,Other,1
1576,2017-10-02 08:05:00,2017-10-02,8,10,2017,Monday,-1.272159,36.827623,Non-Fatal,0,0,0,0,Other,1
1577,2017-10-02 08:32:00,2017-10-02,8,10,2017,Monday,-1.329589,36.855695,Non-Fatal,0,0,1,0,Motorcycle,1
1578,2017-10-02 09:35:00,2017-10-02,9,10,2017,Monday,-1.29748,36.885739,Non-Fatal,0,0,0,0,Other,1
1579,2017-10-02 09:40:00,2017-10-02,9,10,2017,Monday,-1.205178,36.915715,Non-Fatal,0,0,0,0,Other,1
1580,2017-10-02 11:41:00,2017-10-02,11,10,2017,Monday,-1.252933,36.859054,Non-Fatal,0,0,0,0,Other,1
1581,2017-10-02 13:00:00,2017-10-02,13,10,2017,Monday,-1.364553,36.911256,Non-Fatal,0,0,0,0,Other,1
1582,2017-10-02 19:30:00,2017-10-02,19,10,2017,Monday,-1.218893,36.892208,Non-Fatal,0,0,0,0,Other,1
1583,2017-10-02 21:25:00,2017-10-02,21,10,2017,Monday,-1.31609678,36.81378792,Non-Fatal,0,0,0,0,Other,1
1584,2017-10-03 08:07:00,2017-10-03,8,10,2017,Tuesday,-1.292341,36.843161,Non-Fatal,0,0,0,0,Other,1
1585,2017-10-03 10:05:00,2017-10-03,10,10,2017,Tuesday,-1.259562,36.775694,Non-Fatal,0,0,0,0,Other,1
1586,2017-10-03 11:05:00,2017-10-03,11,10,2017,Tuesday,-1.260746,36.842254,Non-Fatal,0,0,0,0,Other,1
1587,2017-10-03 16:01:00,2017-10-03,16,10,2017,Tuesday,-1.327561,36.852158,Non-Fatal,0,0,0,0,Other,1
1588,2017-10-03 20:33:00,2017-10-03,20,10,2017,Tuesday,-1.295801,36.886279,Non-Fatal,0,0,0,0,Other,1
1589,2017-10-04 07:33:00,2017-10-04,7,10,2017,Wednesday,-1.289982,36.77015,Non-Fatal,0,0,0,0,Other,1
1590,2017-10-04 21:15:00,2017-10-04,21,10,2017,Wednesday,-1.260275,36.77083,Non-Fatal,0,0,0,0,Other,1
1591,2017-10-05 07:41:00,2017-10-05,7,10,2017,Thursday,-1.255847525,36.69535614,Non-Fatal,0,0,0,0,Other,1
1592,2017-10-05 11:28:00,2017-10-05,11,10,2017,Thursday,-1.236986,36.666811,Non-Fatal,0,0,0,0,Other,1
1593,2017-10-05 15:13:00,2017-10-05,15,10,2017,Thursday,-1.1980712,36.92222557,Non-Fatal,0,0,0,0,Other,1
1594,2017-10-05 19:18:00,2017-10-05,19,10,2017,Thursday,-1.129607,36.987577,Non-Fatal,0,0,0,0,Other,1
1595,2017-10-05 19:54:00,2017-10-05,19,10,2017,Thursday,-1.250197067,36.84664757,Non-Fatal,0,0,0,0,Other,1
1596,2017-10-05 20:05:00,2017-10-05,20,10,2017,Thursday,-1.265182,36.835912,Non-Fatal,0,0,0,0,Other,1
1597,2017-10-05 20:56:00,2017-10-05,20,10,2017,Thursday,-1.395457,36.731238,Non-Fatal,0,0,0,0,Other,1
1598,2017-10-06 00:00:00,2017-10-06,0,10,2017,Friday,-1.280731,36.964065,Fatal,1,0,0,0,Other,1
1599,2017-10-06 06:29:00,2017-10-06,6,10,2017,Friday,-1.195805,36.83829,Non-Fatal,0,0,0,0,Other,1
1600,2017-10-06 06:45:00,2017-10-06,6,10,2017,Friday,-1.443407,36.989655,Non-Fatal,0,0,0,0,Other,1
1601,2017-10-06 13:08:00,2017-10-06,13,10,2017,Friday,-1.266714,36.834694,Non-Fatal,0,0,0,0,Other,1
1602,2017-10-06 13:14:00,2017-10-06,13,10,2017,Friday,-1.297072,36.875667,Non-Fatal,0,0,0,0,Other,1
1603,2017-10-06 18:14:00,2017-10-06,18,10,2017,Friday,-1.260327,36.718453,Non-Fatal,0,0,0,0,Other,1
1604,2017-10-06 20:25:00,2017-10-06,20,10,2017,Friday,-1.149233,36.962258,Non-Fatal,0,1,0,0,Pedestrian,1
1605,2017-10-06 22:05:00,2017-10-06,22,10,2017,Friday,-1.260772,36.842033,Non-Fatal,0,0,0,0,Other,1
1606,2017-10-06 23:11:00,2017-10-06,23,10,2017,Friday,-1.226239,36.884136,Non-Fatal,0,0,0,0,Other,1
1607,2017-10-07 10:56:00,2017-10-07,10,10,2017,Saturday,-1.24489,36.867074,Non-Fatal,0,0,0,0,Other,1
1608,2017-10-07 10:56:00,2017-10-07,10,10,2017,Saturday,-1.327561,36.852158,Non-Fatal,0,0,0,0,Other,1
1609,2017-10-07 11:41:00,2017-10-07,11,10,2017,Saturday,-1.287207,36.82646,Non-Fatal,0,0,0,0,Other,1
1610,2017-10-07 22:11:00,2017-10-07,22,10,2017,Saturday,-1.331725,36.888135,Non-Fatal,0,0,0,0,Other,1
1611,2017-10-07 23:19:00,2017-10-07,23,10,2017,Saturday,-1.272416,36.827385,Fatal,1,0,0,0,Other,1
1612,2017-10-07 23:32:00,2017-10-07,23,10,2017,Saturday,-1.356752,36.762272,Non-Fatal,0,0,0,0,Other,1
1613,2017-10-08 02:38:00,2017-10-08,2,10,2017,Sunday,-1.2627803,36.76434337,Fatal,1,0,0,0,Other,1
1614,2017-10-08 17:58:00,2017-10-08,17,10,2017,Sunday,-1.285867,36.818659,Fatal,1,0,0,0,Other,1
1615,2017-10-09 07:57:00,2017-10-09,7,10,2017,Monday,-1.331276,36.860452,Non-Fatal,0,0,0,1,Matatu,1
1616,2017-10-09 10:07:00,2017-10-09,10,10,2017,Monday,-1.31435665,36.8079547,Non-Fatal,0,0,1,0,Motorcycle,1
1617,2017-10-09 18:15:00,2017-10-09,18,10,2017,Monday,-1.248218,36.797356,Non-Fatal,0,0,0,0,Other,1
1618,2017-10-09 18:21:00,2017-10-09,18,10,2017,Monday,-1.218893,36.892208,Non-Fatal,0,0,0,0,Other,1
1619,2017-10-09 20:17:00,2017-10-09,20,10,2017,Monday,-1.329883,36.870701,Non-Fatal,0,0,0,0,Other,1
1620,2017-10-10 06:52:00,2017-10-10,6,10,2017,Tuesday,-1.331725,36.888135,Non-Fatal,0,0,0,0,Other,1
1621,2017-10-10 07:13:00,2017-10-10,7,10,2017,Tuesday,-1.214979,36.865853,Non-Fatal,0,0,0,0,Other,1
1622,2017-10-10 07:25:00,2017-10-10,7,10,2017,Tuesday,-1.264153,36.748832,Non-Fatal,0,0,0,0,Other,1
1623,2017-10-10 08:13:00,2017-10-10,8,10,2017,Tuesday,-1.234255,36.775698,Non-Fatal,0,0,0,0,Other,1
1624,2017-10-10 08:29:00,2017-10-10,8,10,2017,Tuesday,-1.280731,36.964065,Non-Fatal,0,0,0,0,Other,1
1625,2017-10-10 17:37:00,2017-10-10,17,10,2017,Tuesday,-1.285867,36.818659,Non-Fatal,0,0,0,0,Other,1
1626,2017-10-10 21:25:00,2017-10-10,21,10,2017,Tuesday,-1.249218,36.862657,Non-Fatal,0,1,0,0,Pedestrian,1
1627,2017-10-11 06:15:00,2017-10-11,6,10,2017,Wednesday,-1.35951,36.907839,Non-Fatal,0,0,0,0,Other,1
1628,2017-10-11 06:26:00,2017-10-11,6,10,2017,Wednesday,-1.212551,36.902999,Non-Fatal,0,0,0,0,Other,1
1629,2017-10-11 07:57:00,2017-10-11,7,10,2017,Wednesday,-1.29769,36.871121,Non-Fatal,0,0,0,0,Other,1
1630,2017-10-11 08:22:00,2017-10-11,8,10,2017,Wednesday,-1.27182,36.808361,Non-Fatal,0,0,0,0,Other,1
1631,2017-10-11 11:25:00,2017-10-11,11,10,2017,Wednesday,-1.296583,36.87943,Non-Fatal,0,0,0,0,Other,1
1632,2017-10-11 14:55:00,2017-10-11,14,10,2017,Wednesday,-1.329468,36.885394,Non-Fatal,0,0,0,0,Other,1
1633,2017-10-11 16:33:00,2017-10-11,16,10,2017,Wednesday,-1.304699,36.826291,Non-Fatal,0,0,0,0,Other,1
1634,2017-10-11 17:44:00,2017-10-11,17,10,2017,Wednesday,-1.24062,36.84423,Non-Fatal,0,0,0,0,Other,1
1635,2017-10-11 18:53:00,2017-10-11,18,10,2017,Wednesday,-1.256155,36.855219,Non-Fatal,0,0,0,0,Other,1
1636,2017-10-11 21:13:00,2017-10-11,21,10,2017,Wednesday,-1.221574,36.889674,Non-Fatal,0,0,0,0,Other,1
1637,2017-10-12 00:09:00,2017-10-12,0,10,2017,Thursday,-1.263878,36.758575,Non-Fatal,0,0,0,0,Other,1
1638,2017-10-12 12:58:00,2017-10-12,12,10,2017,Thursday,-1.292341,36.843161,Non-Fatal,0,0,0,0,Other,1
1639,2017-10-12 17:14:00,2017-10-12,17,10,2017,Thursday,-1.155889,36.928976,Non-Fatal,0,0,0,0,Other,1
1640,2017-10-13 06:54:00,2017-10-13,6,10,2017,Friday,-1.307131,36.819651,Non-Fatal,0,0,0,0,Other,1
1641,2017-10-13 14:45:00,2017-10-13,14,10,2017,Friday,-1.262686,36.800498,Non-Fatal,0,0,0,1,Matatu,1
1642,2017-10-13 20:07:00,2017-10-13,20,10,2017,Friday,-1.1956786,36.9248257,Non-Fatal,0,0,0,0,Other,1
1643,2017-10-14 03:45:00,2017-10-14,3,10,2017,Saturday,-1.260275,36.77083,Non-Fatal,0,0,0,0,Other,1
1644,2017-10-14 03:55:00,2017-10-14,3,10,2017,Saturday,-1.258916,36.778375,Non-Fatal,0,0,0,0,Other,1
1645,2017-10-14 06:16:00,2017-10-14,6,10,2017,Saturday,-1.296996,36.875952,Non-Fatal,0,0,0,0,Other,1
1646,2017-10-14 07:59:00,2017-10-14,7,10,2017,Saturday,-1.366543,36.913482,Non-Fatal,0,0,0,0,Other,1
1647,2017-10-14 13:26:00,2017-10-14,13,10,2017,Saturday,-1.295167,36.821857,Non-Fatal,0,0,0,0,Other,1
1648,2017-10-14 21:14:00,2017-10-14,21,10,2017,Saturday,-1.2202532,36.7132449,Non-Fatal,0,0,0,0,Other,1
1649,2017-10-15 13:28:00,2017-10-15,13,10,2017,Sunday,-1.293714,36.84922,Non-Fatal,0,0,0,0,Other,1
1650,2017-10-15 14:34:00,2017-10-15,14,10,2017,Sunday,-1.262686,36.800498,Non-Fatal,0,0,0,0,Other,1
1651,2017-10-16 06:59:00,2017-10-16,6,10,2017,Monday,-1.255847525,36.69535614,Non-Fatal,0,0,0,0,Other,1
1652,2017-10-16 15:00:00,2017-10-16,15,10,2017,Monday,-1.212551,36.902999,Non-Fatal,0,0,0,0,Other,1
1653,2017-10-17 07:47:00,2017-10-17,7,10,2017,Tuesday,-1.314206,36.807627,Non-Fatal,0,0,0,0,Other,1
1654,2017-10-17 15:58:00,2017-10-17,15,10,2017,Tuesday,-1.296138,36.860653,Non-Fatal,0,0,0,0,Other,1
1655,2017-10-17 17:52:00,2017-10-17,17,10,2017,Tuesday,-1.443407,36.989655,Non-Fatal,0,0,0,0,Other,1
1656,2017-10-18 06:18:00,2017-10-18,6,10,2017,Wednesday,-1.3963548,36.74404103,Non-Fatal,0,0,0,0,Other,1
1657,2017-10-18 07:10:00,2017-10-18,7,10,2017,Wednesday,-1.364553,36.911256,Non-Fatal,0,0,0,0,Other,1
1658,2017-10-18 07:50:00,2017-10-18,7,10,2017,Wednesday,-1.319292,36.837924,Non-Fatal,0,0,0,0,Other,1
1659,2017-10-18 10:23:00,2017-10-18,10,10,2017,Wednesday,-1.329589,36.855695,Non-Fatal,0,0,0,0,Other,1
1660,2017-10-18 17:01:00,2017-10-18,17,10,2017,Wednesday,-1.260726,36.71673,Non-Fatal,0,0,0,0,Other,1
1661,2017-10-18 20:13:00,2017-10-18,20,10,2017,Wednesday,-1.1956786,36.9248257,Non-Fatal,0,0,0,0,Other,1
1662,2017-10-18 20:20:00,2017-10-18,20,10,2017,Wednesday,-1.205178,36.915715,Non-Fatal,0,0,0,0,Other,1
1663,2017-10-18 21:40:00,2017-10-18,21,10,2017,Wednesday,-1.188995,36.930823,Non-Fatal,0,0,0,0,Other,1
1664,2017-10-18 22:12:00,2017-10-18,22,10,2017,Wednesday,-1.2568653,36.85500857,Non-Fatal,0,0,0,0,Other,1
1665,2017-10-19 00:10:00,2017-10-19,0,10,2017,Thursday,-1.255847525,36.69535614,Non-Fatal,0,0,0,0,Other,1
1666,2017-10-19 07:58:00,2017-10-19,7,10,2017,Thursday,-1.244991,36.86694635,Non-Fatal,0,0,0,0,Other,1
1667,2017-10-19 11:59:00,2017-10-19,11,10,2017,Thursday,-1.276321,36.826473,Non-Fatal,0,0,0,0,Other,1
1668,2017-10-19 13:03:00,2017-10-19,13,10,2017,Thursday,-1.327561,36.852158,Non-Fatal,0,0,0,0,Other,1
1669,2017-10-20 08:36:00,2017-10-20,8,10,2017,Friday,-1.329883,36.870701,Non-Fatal,0,0,0,0,Other,1
1670,2017-10-20 10:28:00,2017-10-20,10,10,2017,Friday,-1.2313925,36.87857,Non-Fatal,0,0,0,0,Other,1
1671,2017-10-20 13:02:00,2017-10-20,13,10,2017,Friday,-1.205178,36.915715,Non-Fatal,0,0,0,0,Other,1
1672,2017-10-21 05:57:00,2017-10-21,5,10,2017,Saturday,-1.325703,36.848667,Non-Fatal,0,0,0,0,Other,1
1673,2017-10-21 12:41:00,2017-10-21,12,10,2017,Saturday,-1.265527,36.8349445,Non-Fatal,0,0,0,0,Other,1
1674,2017-10-21 15:25:00,2017-10-21,15,10,2017,Saturday,-1.261576,36.8034402,Non-Fatal,0,0,0,0,Other,1
1675,2017-10-22 00:04:00,2017-10-22,0,10,2017,Sunday,-1.252933,36.859054,Non-Fatal,0,0,0,0,Other,1
1676,2017-10-22 09:37:00,2017-10-22,9,10,2017,Sunday,-1.2692805,36.83224733,Non-Fatal,0,0,0,0,Other,1
1677,2017-10-22 15:31:00,2017-10-22,15,10,2017,Sunday,-1.154654,36.63859,Non-Fatal,0,0,0,0,Other,1
1678,2017-10-23 08:31:00,2017-10-23,8,10,2017,Monday,-1.2263652,36.8833454,Non-Fatal,0,0,0,0,Other,1
1679,2017-10-23 15:38:00,2017-10-23,15,10,2017,Monday,-1.238865,36.81166383,Non-Fatal,0,0,0,0,Other,1
1680,2017-10-23 17:09:00,2017-10-23,17,10,2017,Monday,-1.2573245,36.8543025,Non-Fatal,0,0,0,0,Other,1
1681,2017-10-23 17:17:00,2017-10-23,17,10,2017,Monday,-1.248606,36.8634,Non-Fatal,0,0,0,0,Other,1
1682,2017-10-23 17:28:00,2017-10-23,17,10,2017,Monday,-1.252933,36.859054,Non-Fatal,0,0,0,0,Other,1
1683,2017-10-24 06:33:00,2017-10-24,6,10,2017,Tuesday,-1.220081,36.88988,Non-Fatal,0,0,0,0,Other,1
1684,2017-10-24 15:47:00,2017-10-24,15,10,2017,Tuesday,-1.150377,36.961892,Non-Fatal,0,0,0,0,Other,1
1685,2017-10-25 08:25:00,2017-10-25,8,10,2017,Wednesday,-1.258386,36.916556,Non-Fatal,0,0,0,0,Other,1
1686,2017-10-25 11:22:00,2017-10-25,11,10,2017,Wednesday,-1.22063,36.890373,Non-Fatal,0,0,0,0,Other,1
1687,2017-10-25 13:14:00,2017-10-25,13,10,2017,Wednesday,-1.28625,36.81734,Non-Fatal,0,0,0,0,Other,1
1688,2017-10-25 22:05:00,2017-10-25,22,10,2017,Wednesday,-1.32261,36.8018625,Non-Fatal,0,0,0,0,Other,1
1689,2017-10-27 07:33:00,2017-10-27,7,10,2017,Friday,-1.204107,36.916781,Non-Fatal,0,0,0,0,Other,1
1690,2017-10-29 20:41:00,2017-10-29,20,10,2017,Sunday,-1.319686,36.83839,Non-Fatal,0,1,0,0,Pedestrian,1
1691,2017-10-29 22:44:00,2017-10-29,22,10,2017,Sunday,-1.33208,36.88896,Non-Fatal,0,0,0,0,Other,1
1692,2017-10-30 05:23:00,2017-10-30,5,10,2017,Monday,-1.3318625,36.8884285,Non-Fatal,0,0,0,0,Other,1
1693,2017-10-30 06:42:00,2017-10-30,6,10,2017,Monday,-1.3495402,36.9044924,Non-Fatal,0,0,0,0,Other,1
1694,2017-10-30 06:58:00,2017-10-30,6,10,2017,Monday,-1.24922,36.8471,Non-Fatal,0,0,0,1,Matatu,1
1695,2017-10-30 07:49:00,2017-10-30,7,10,2017,Monday,-1.130395,36.764859,Non-Fatal,0,0,0,0,Other,1
1696,2017-10-30 07:51:00,2017-10-30,7,10,2017,Monday,-1.225099,36.83877,Non-Fatal,0,0,0,0,Other,1
1697,2017-10-30 07:51:00,2017-10-30,7,10,2017,Monday,-1.238064,36.843913,Non-Fatal,0,0,0,0,Other,1
1698,2017-10-31 08:13:00,2017-10-31,8,10,2017,Tuesday,-1.305319,36.8256,Non-Fatal,0,0,0,0,Other,1
1699,2017-11-01 06:51:00,2017-11-01,6,11,2017,Wednesday,-1.228365,36.804793,Non-Fatal,0,0,0,0,Other,1
1700,2017-11-01 13:35:00,2017-11-01,13,11,2017,Wednesday,-1.32961,36.8661855,Non-Fatal,0,0,0,0,Other,1
1701,2017-11-01 17:06:00,2017-11-01,17,11,2017,Wednesday,-1.29966,36.824051,Non-Fatal,0,0,0,0,Other,1
1702,2017-11-01 18:38:00,2017-11-01,18,11,2017,Wednesday,-1.434021,36.968663,Non-Fatal,0,0,0,0,Other,1
1703,2017-11-01 20:45:00,2017-11-01,20,11,2017,Wednesday,-1.2972459,36.87309,Non-Fatal,0,0,0,0,Other,1
1704,2017-11-02 05:26:00,2017-11-02,5,11,2017,Thursday,-1.33236,36.888734,Non-Fatal,0,0,0,0,Other,1
1705,2017-11-02 07:06:00,2017-11-02,7,11,2017,Thursday,-1.204107,36.916781,Non-Fatal,0,0,0,0,Other,1
1706,2017-11-02 13:35:00,2017-11-02,13,11,2017,Thursday,-0.204968,35.8477635,Non-Fatal,0,0,0,1,Matatu,1
1707,2017-11-02 17:07:00,2017-11-02,17,11,2017,Thursday,-2.01839,37.37633,Non-Fatal,0,0,1,0,Motorcycle,1
1708,2017-11-02 19:09:00,2017-11-02,19,11,2017,Thursday,-1.29229,36.8218095,Non-Fatal,0,0,0,0,Other,1
1709,2017-11-02 21:28:00,2017-11-02,21,11,2017,Thursday,-1.29501,36.871743,Non-Fatal,0,0,0,0,Other,1
1710,2017-11-03 07:35:00,2017-11-03,7,11,2017,Friday,-1.3287405,36.8715035,Non-Fatal,0,0,0,0,Other,1
1711,2017-11-03 16:52:00,2017-11-03,16,11,2017,Friday,-1.3362785,36.8933895,Non-Fatal,0,0,0,0,Other,1
1712,2017-11-03 21:19:00,2017-11-03,21,11,2017,Friday,-1.316779,36.834047,Non-Fatal,0,0,0,0,Other,1
1713,2017-11-03 21:25:00,2017-11-03,21,11,2017,Friday,-1.228288,36.805014,Non-Fatal,0,0,0,0,Other,1
1714,2017-11-03 23:40:00,2017-11-03,23,11,2017,Friday,-1.326287,36.8471285,Non-Fatal,0,0,0,0,Other,1
1715,2017-11-04 06:49:00,2017-11-04,6,11,2017,Saturday,-1.2600355,36.788351,Non-Fatal,0,0,0,0,Other,1
1716,2017-11-04 07:46:00,2017-11-04,7,11,2017,Saturday,-1.285918,36.818708,Non-Fatal,0,0,0,1,Matatu,1
1717,2017-11-04 08:23:00,2017-11-04,8,11,2017,Saturday,-1.263542,36.981763,Fatal,1,0,1,0,Motorcycle,1
1718,2017-11-04 08:35:00,2017-11-04,8,11,2017,Saturday,-1.313026,36.814511,Fatal,1,1,0,0,Pedestrian,1
1719,2017-11-04 12:21:00,2017-11-04,12,11,2017,Saturday,-1.35461,36.906281,Non-Fatal,0,0,0,0,Other,1
1720,2017-11-04 21:07:00,2017-11-04,21,11,2017,Saturday,-1.767358,37.207769,Non-Fatal,0,0,0,0,Other,1
1721,2017-11-04 21:43:00,2017-11-04,21,11,2017,Saturday,-1.150377,36.961892,Fatal,1,0,0,0,Other,1
1722,2017-11-04 22:08:00,2017-11-04,22,11,2017,Saturday,-1.343122,36.900834,Non-Fatal,0,0,0,0,Other,1
1723,2017-11-05 07:21:00,2017-11-05,7,11,2017,Sunday,-1.31988,36.8371825,Non-Fatal,0,0,0,0,Other,1
1724,2017-11-06 07:59:00,2017-11-06,7,11,2017,Monday,-1.333115,36.88981,Non-Fatal,0,0,0,0,Other,1
1725,2017-11-06 08:24:00,2017-11-06,8,11,2017,Monday,-1.31988,36.8371825,Non-Fatal,0,0,0,0,Other,1
1726,2017-11-07 06:59:00,2017-11-07,6,11,2017,Tuesday,-1.32834,36.892242,Non-Fatal,0,0,0,0,Other,1
1727,2017-11-07 07:24:00,2017-11-07,7,11,2017,Tuesday,-1.2168065,36.894635,Non-Fatal,0,0,0,0,Other,1
1728,2017-11-07 07:25:00,2017-11-07,7,11,2017,Tuesday,-0.937527,37.12936,Non-Fatal,0,0,0,0,Other,1
1729,2017-11-07 15:57:00,2017-11-07,15,11,2017,Tuesday,-1.337953,36.77334,Non-Fatal,0,0,0,0,Other,1
1730,2017-11-08 06:02:00,2017-11-08,6,11,2017,Wednesday,-1.292822,36.7893985,Non-Fatal,0,0,0,1,Matatu,1
1731,2017-11-08 06:42:00,2017-11-08,6,11,2017,Wednesday,-1.3241865,36.7984475,Non-Fatal,0,0,0,0,Other,1
1732,2017-11-08 19:36:00,2017-11-08,19,11,2017,Wednesday,-1.328492,36.881012,Non-Fatal,0,0,0,0,Other,1
1733,2017-11-09 06:30:00,2017-11-09,6,11,2017,Thursday,-1.364719,36.911405,Non-Fatal,0,0,0,0,Other,1
1734,2017-11-09 07:17:00,2017-11-09,7,11,2017,Thursday,-1.259334,36.768715,Non-Fatal,0,0,0,0,Other,1
1735,2017-11-09 10:18:00,2017-11-09,10,11,2017,Thursday,-1.323847,36.845086,Non-Fatal,0,0,0,0,Other,1
1736,2017-11-09 10:47:00,2017-11-09,10,11,2017,Thursday,-1.212214,36.903169,Non-Fatal,0,0,0,0,Other,1
1737,2017-11-09 11:08:00,2017-11-09,11,11,2017,Thursday,-1.218165,36.892943,Non-Fatal,0,0,0,0,Other,1
1738,2017-11-09 12:11:00,2017-11-09,12,11,2017,Thursday,-1.301126,36.8249105,Non-Fatal,0,0,0,0,Other,1
1739,2017-11-09 19:33:00,2017-11-09,19,11,2017,Thursday,-1.4050515,36.94582,Non-Fatal,0,0,0,0,Other,1
1740,2017-11-09 20:01:00,2017-11-09,20,11,2017,Thursday,-1.180847,36.9385375,Non-Fatal,0,0,0,0,Other,1
1741,2017-11-10 07:43:00,2017-11-10,7,11,2017,Friday,-1.272844,36.809703,Non-Fatal,0,0,0,1,Matatu,1
1742,2017-11-10 09:42:00,2017-11-10,9,11,2017,Friday,-1.2563705,36.8521065,Non-Fatal,0,0,0,0,Other,1
1743,2017-11-10 17:34:00,2017-11-10,17,11,2017,Friday,-1.283364,36.823503,Non-Fatal,0,0,0,1,Matatu,1
1744,2017-11-10 19:50:00,2017-11-10,19,11,2017,Friday,-1.17649,36.9405545,Non-Fatal,0,0,0,1,Matatu,1
1745,2017-11-10 23:34:00,2017-11-10,23,11,2017,Friday,-2.86069,40.149325,Non-Fatal,0,0,0,0,Other,1
1746,2017-11-11 03:59:00,2017-11-11,3,11,2017,Saturday,-1.851339,37.257668,Non-Fatal,0,0,0,0,Other,1
1747,2017-11-11 08:29:00,2017-11-11,8,11,2017,Saturday,-1.396859,36.9423245,Non-Fatal,0,0,0,0,Other,1
1748,2017-11-11 09:30:00,2017-11-11,9,11,2017,Saturday,-1.274594,36.824276,Fatal,1,0,0,0,Other,1
1749,2017-11-11 09:34:00,2017-11-11,9,11,2017,Saturday,-1.263306,36.7576425,Non-Fatal,0,0,0,0,Other,1
1750,2017-11-11 10:34:00,2017-11-11,10,11,2017,Saturday,-1.230411,36.8777295,Fatal,1,0,0,0,Other,1
1751,2017-11-11 10:50:00,2017-11-11,10,11,2017,Saturday,-1.226387,36.883872,Non-Fatal,0,0,0,0,Other,1
1752,2017-11-11 10:53:00,2017-11-11,10,11,2017,Saturday,-1.315791,36.813751,Non-Fatal,0,0,0,1,Matatu,1
1753,2017-11-11 19:52:00,2017-11-11,19,11,2017,Saturday,-1.48839,37.054444,Non-Fatal,0,0,0,0,Other,1
1754,2017-11-12 21:02:00,2017-11-12,21,11,2017,Sunday,-1.3122695,36.8166355,Non-Fatal,0,0,0,0,Other,1
1755,2017-11-13 10:49:00,2017-11-13,10,11,2017,Monday,-1.331035,36.8649665,Non-Fatal,0,0,0,0,Other,1
1756,2017-11-13 15:06:00,2017-11-13,15,11,2017,Monday,-1.330251,36.8657725,Non-Fatal,0,0,0,0,Other,1
1757,2017-11-13 15:53:00,2017-11-13,15,11,2017,Monday,-1.280748,36.816784,Non-Fatal,0,0,0,0,Other,1
1758,2017-11-13 16:41:00,2017-11-13,16,11,2017,Monday,-1.3287965,36.871064,Non-Fatal,0,0,0,0,Other,1
1759,2017-11-13 18:20:00,2017-11-13,18,11,2017,Monday,-1.25891,36.7860285,Non-Fatal,0,0,0,0,Other,1
1760,2017-11-13 21:32:00,2017-11-13,21,11,2017,Monday,-1.155495,36.9597295,Non-Fatal,0,0,0,0,Other,1
1761,2017-11-13 22:32:00,2017-11-13,22,11,2017,Monday,-1.297161,36.802465,Non-Fatal,0,0,0,0,Other,1
1762,2017-11-14 17:23:00,2017-11-14,17,11,2017,Tuesday,-1.5177795,37.2499305,Non-Fatal,0,0,0,0,Other,1
1763,2017-11-14 17:23:00,2017-11-14,17,11,2017,Tuesday,-1.170854,36.9488,Non-Fatal,0,0,0,0,Other,1
1764,2017-11-15 17:56:00,2017-11-15,17,11,2017,Wednesday,-1.349476,36.904482,Non-Fatal,0,0,0,0,Other,1
1765,2017-11-15 18:19:00,2017-11-15,18,11,2017,Wednesday,-1.327807,36.8519,Non-Fatal,0,0,0,0,Other,1
1766,2017-11-15 18:36:00,2017-11-15,18,11,2017,Wednesday,-1.332898,36.889253,Non-Fatal,0,0,0,0,Other,1
1767,2017-11-16 06:43:00,2017-11-16,6,11,2017,Thursday,-1.4791005,37.0419535,Non-Fatal,0,0,0,0,Other,1
1768,2017-11-16 07:23:00,2017-11-16,7,11,2017,Thursday,-4.059868,39.671098,Non-Fatal,0,0,0,0,Other,1
1769,2017-11-16 07:45:00,2017-11-16,7,11,2017,Thursday,-1.245126,36.8668165,Non-Fatal,0,0,0,0,Other,1
1770,2017-11-16 17:42:00,2017-11-16,17,11,2017,Thursday,-1.288019,36.8186715,Non-Fatal,0,0,0,0,Other,1
1771,2017-11-16 19:34:00,2017-11-16,19,11,2017,Thursday,-1.2445355,36.8674125,Non-Fatal,0,0,0,0,Other,1
1772,2017-11-17 08:27:00,2017-11-17,8,11,2017,Friday,-1.33011,36.870825,Non-Fatal,0,0,0,0,Other,1
1773,2017-11-17 09:14:00,2017-11-17,9,11,2017,Friday,-1.286155,36.834185,Non-Fatal,0,0,0,0,Other,1
1774,2017-11-17 11:04:00,2017-11-17,11,11,2017,Friday,-1.26078,36.716661,Non-Fatal,0,0,0,0,Other,1
1775,2017-11-17 15:24:00,2017-11-17,15,11,2017,Friday,-1.265222,36.8026,Non-Fatal,0,0,0,0,Other,1
1776,2017-11-18 04:19:00,2017-11-18,4,11,2017,Saturday,-1.3123195,36.8928545,Non-Fatal,0,0,1,0,Motorcycle,1
1777,2017-11-18 07:33:00,2017-11-18,7,11,2017,Saturday,-1.244672,36.793656,Non-Fatal,0,0,0,0,Other,1
1778,2017-11-18 09:43:00,2017-11-18,9,11,2017,Saturday,-1.508226,37.095072,Non-Fatal,0,0,0,0,Other,1
1779,2017-11-18 11:12:00,2017-11-18,11,11,2017,Saturday,-1.461896,37.0127285,Non-Fatal,0,0,0,0,Other,1
1780,2017-11-19 04:35:00,2017-11-19,4,11,2017,Sunday,-0.2046375,35.8477885,Non-Fatal,0,0,0,0,Other,1
1781,2017-11-19 09:26:00,2017-11-19,9,11,2017,Sunday,-0.2046375,35.8477885,Non-Fatal,0,0,0,0,Other,1
1782,2017-11-20 07:51:00,2017-11-20,7,11,2017,Monday,-1.2925405,36.820283,Non-Fatal,0,0,0,0,Other,1
1783,2017-11-20 13:18:00,2017-11-20,13,11,2017,Monday,-1.2327155,36.8738105,Non-Fatal,0,0,0,0,Other,1
1784,2017-11-21 08:31:00,2017-11-21,8,11,2017,Tuesday,-1.298269,36.797763,Non-Fatal,0,0,0,0,Other,1
1785,2017-11-21 08:44:00,2017-11-21,8,11,2017,Tuesday,-1.2982275,36.803097,Non-Fatal,0,0,0,0,Other,1
1786,2017-11-21 08:56:00,2017-11-21,8,11,2017,Tuesday,-1.335767,36.8932625,Non-Fatal,0,0,0,0,Other,1
1787,2017-11-21 12:36:00,2017-11-21,12,11,2017,Tuesday,-1.3220555,36.7741765,Non-Fatal,0,0,0,0,Other,1
1788,2017-11-21 14:09:00,2017-11-21,14,11,2017,Tuesday,-1.2955,36.85703,Non-Fatal,0,0,0,0,Other,1
1789,2017-11-21 16:58:00,2017-11-21,16,11,2017,Tuesday,-1.331472,36.887747,Non-Fatal,0,0,0,0,Other,1
1790,2017-11-21 22:57:00,2017-11-21,22,11,2017,Tuesday,-1.33117,36.888818,Non-Fatal,0,0,0,0,Other,1
1791,2017-11-22 06:34:00,2017-11-22,6,11,2017,Wednesday,-1.2628265,36.8031865,Non-Fatal,0,0,0,0,Other,1
1792,2017-11-22 17:24:00,2017-11-22,17,11,2017,Wednesday,-1.3271525,36.852423,Non-Fatal,0,0,0,0,Other,1
1793,2017-11-23 07:00:00,2017-11-23,7,11,2017,Thursday,-2.863738,40.171389,Non-Fatal,0,0,0,0,Other,1
1794,2017-11-23 07:40:00,2017-11-23,7,11,2017,Thursday,-1.244849,36.867224,Non-Fatal,0,0,0,0,Other,1
1795,2017-11-23 07:43:00,2017-11-23,7,11,2017,Thursday,-1.315701,36.813834,Non-Fatal,0,0,0,0,Other,1
1796,2017-11-23 08:52:00,2017-11-23,8,11,2017,Thursday,-1.3228785,36.8991215,Non-Fatal,0,0,0,0,Other,1
1797,2017-11-23 09:32:00,2017-11-23,9,11,2017,Thursday,-1.284477,36.821578,Non-Fatal,0,0,0,0,Other,1
1798,2017-11-23 20:56:00,2017-11-23,20,11,2017,Thursday,-1.24803,36.863567,Non-Fatal,0,0,0,0,Other,1
1799,2017-11-23 21:05:00,2017-11-23,21,11,2017,Thursday,-1.34132,36.666683,Fatal,1,0,0,0,Other,1
1800,2017-11-24 09:25:00,2017-11-24,9,11,2017,Friday,-1.274082,36.811188,Non-Fatal,0,0,0,0,Other,1
1801,2017-11-24 17:26:00,2017-11-24,17,11,2017,Friday,-3.8159305,39.627563,Non-Fatal,0,0,0,0,Other,1
1802,2017-11-24 19:47:00,2017-11-24,19,11,2017,Friday,-1.296291,36.8615,Non-Fatal,0,0,0,0,Other,1
1803,2017-11-25 07:20:00,2017-11-25,7,11,2017,Saturday,-1.25557,36.694358,Non-Fatal,0,0,0,0,Other,1
1804,2017-11-25 08:40:00,2017-11-25,8,11,2017,Saturday,-1.250696,36.664278,Non-Fatal,0,0,0,0,Other,1
1805,2017-11-25 08:43:00,2017-11-25,8,11,2017,Saturday,-1.242395,36.868585,Non-Fatal,0,0,0,0,Other,1
1806,2017-11-25 09:31:00,2017-11-25,9,11,2017,Saturday,-1.3720986,36.91968,Non-Fatal,0,0,0,0,Other,1
1807,2017-11-25 12:49:00,2017-11-25,12,11,2017,Saturday,-1.3896025,36.9374325,Fatal,1,0,0,0,Other,1
1808,2017-11-25 15:19:00,2017-11-25,15,11,2017,Saturday,-1.344414,36.902542,Non-Fatal,0,0,0,0,Other,1
1809,2017-11-25 15:38:00,2017-11-25,15,11,2017,Saturday,-1.364719,36.911405,Non-Fatal,0,0,0,0,Other,1
1810,2017-11-25 16:09:00,2017-11-25,16,11,2017,Saturday,-1.3291545,36.8559275,Non-Fatal,0,0,0,0,Other,1
1811,2017-11-25 19:26:00,2017-11-25,19,11,2017,Saturday,-1.334911,36.892291,Non-Fatal,0,0,0,0,Other,1
1812,2017-11-25 21:27:00,2017-11-25,21,11,2017,Saturday,-1.287751,36.891665,Non-Fatal,0,0,0,0,Other,1
1813,2017-11-26 11:11:00,2017-11-26,11,11,2017,Sunday,-1.118238,37.0095155,Non-Fatal,0,0,0,0,Other,1
1814,2017-11-26 11:50:00,2017-11-26,11,11,2017,Sunday,-1.130143,36.9906355,Non-Fatal,0,0,0,0,Other,1
1815,2017-11-26 15:12:00,2017-11-26,15,11,2017,Sunday,-1.264576,36.72047,Non-Fatal,0,0,0,0,Other,1
1816,2017-11-26 16:55:00,2017-11-26,16,11,2017,Sunday,-1.299999,36.7869295,Non-Fatal,0,0,0,0,Other,1
1817,2017-11-27 11:01:00,2017-11-27,11,11,2017,Monday,-1.33117,36.888818,Non-Fatal,0,0,0,0,Other,1
1818,2017-11-27 17:09:00,2017-11-27,17,11,2017,Monday,-1.2661995,36.844143,Non-Fatal,0,0,0,0,Other,1
1819,2017-11-27 18:30:00,2017-11-27,18,11,2017,Monday,-1.233985,36.8734125,Non-Fatal,0,0,0,0,Other,1
1820,2017-11-27 18:30:00,2017-11-27,18,11,2017,Monday,-1.222775,36.8374915,Non-Fatal,0,0,0,0,Other,1
1821,2017-11-27 19:07:00,2017-11-27,19,11,2017,Monday,-1.345336,36.901452,Non-Fatal,0,0,0,0,Other,1
1822,2017-11-28 08:11:00,2017-11-28,8,11,2017,Tuesday,-1.262579,36.879047,Non-Fatal,0,0,0,0,Other,1
1823,2017-11-28 14:53:00,2017-11-28,14,11,2017,Tuesday,-1.321741,36.80823,Non-Fatal,0,0,1,0,Motorcycle,1
1824,2017-11-29 09:42:00,2017-11-29,9,11,2017,Wednesday,-1.3218,36.707906,Non-Fatal,0,0,0,0,Other,1
1825,2017-11-29 12:17:00,2017-11-29,12,11,2017,Wednesday,-1.324826,36.847401,Non-Fatal,0,0,0,0,Other,1
1826,2017-11-29 14:08:00,2017-11-29,14,11,2017,Wednesday,-1.3314295,36.887656,Non-Fatal,0,0,0,0,Other,1
1827,2017-11-29 17:41:00,2017-11-29,17,11,2017,Wednesday,-1.289462,36.761555,Non-Fatal,0,0,0,0,Other,1
1828,2017-11-29 18:10:00,2017-11-29,18,11,2017,Wednesday,-1.2190745,36.765658,Fatal,1,0,1,0,Motorcycle,1
1829,2017-11-30 07:11:00,2017-11-30,7,11,2017,Thursday,-1.2482685,36.7972245,Non-Fatal,0,0,0,0,Other,1
1830,2017-11-30 08:39:00,2017-11-30,8,11,2017,Thursday,-1.298173,36.797997,Non-Fatal,0,0,0,0,Other,1
1831,2017-11-30 12:29:00,2017-11-30,12,11,2017,Thursday,-1.2475105,36.8726695,Non-Fatal,0,0,0,0,Other,1
1832,2017-11-30 16:28:00,2017-11-30,16,11,2017,Thursday,-1.2918685,36.885468,Non-Fatal,0,0,0,0,Other,1
1833,2017-11-30 17:24:00,2017-11-30,17,11,2017,Thursday,-1.279233,36.84977,Non-Fatal,0,0,1,0,Motorcycle,1
1834,2017-11-30 19:00:00,2017-11-30,19,11,2017,Thursday,-1.246393,36.879859,Non-Fatal,0,0,0,0,Other,1
1835,2017-12-01 06:38:00,2017-12-01,6,12,2017,Friday,-1.3821491,36.77053,Non-Fatal,0,0,0,0,Other,1
1836,2017-12-01 09:02:00,2017-12-01,9,12,2017,Friday,-1.252202,36.859396,Non-Fatal,0,0,0,0,Other,1
1837,2017-12-01 13:11:00,2017-12-01,13,12,2017,Friday,-1.262679,36.757618,Non-Fatal,0,0,0,0,Other,1
1838,2017-12-01 18:46:00,2017-12-01,18,12,2017,Friday,-1.300266,36.774317,Non-Fatal,0,0,0,0,Other,1
1839,2017-12-02 00:06:00,2017-12-02,0,12,2017,Saturday,-1.212645,36.903327,Non-Fatal,0,0,0,0,Other,1
1840,2017-12-02 07:47:00,2017-12-02,7,12,2017,Saturday,-1.159431,36.881798,Non-Fatal,0,0,0,0,Other,1
1841,2017-12-02 10:49:00,2017-12-02,10,12,2017,Saturday,-1.260998,36.797304,Non-Fatal,0,0,0,0,Other,1
1842,2017-12-02 11:18:00,2017-12-02,11,12,2017,Saturday,-1.322909,36.899182,Non-Fatal,0,0,0,0,Other,1
1843,2017-12-02 13:48:00,2017-12-02,13,12,2017,Saturday,-1.074864,37.046338,Non-Fatal,0,0,0,0,Other,1
1844,2017-12-02 13:56:00,2017-12-02,13,12,2017,Saturday,-1.259469,36.785572,Non-Fatal,0,0,0,0,Other,1
1845,2017-12-02 19:55:00,2017-12-02,19,12,2017,Saturday,-1.234829,36.872948,Non-Fatal,0,0,0,0,Other,1
1846,2017-12-02 22:48:00,2017-12-02,22,12,2017,Saturday,-1.262446,36.757452,Non-Fatal,0,0,0,0,Other,1
1847,2017-12-02 23:25:00,2017-12-02,23,12,2017,Saturday,-1.259562,36.776188,Non-Fatal,0,0,0,0,Other,1
1848,2017-12-03 01:13:00,2017-12-03,1,12,2017,Sunday,-1.329043,36.875004,Non-Fatal,0,0,0,0,Other,1
1849,2017-12-04 05:52:00,2017-12-04,5,12,2017,Monday,-1.215497,36.835163,Non-Fatal,0,0,0,0,Other,1
1850,2017-12-04 06:22:00,2017-12-04,6,12,2017,Monday,-1.256997,36.8547795,Non-Fatal,0,0,0,0,Other,1
1851,2017-12-04 06:38:00,2017-12-04,6,12,2017,Monday,-1.307547,36.889912,Non-Fatal,0,0,0,0,Other,1
1852,2017-12-04 06:43:00,2017-12-04,6,12,2017,Monday,-1.241488,36.813309,Non-Fatal,0,0,0,0,Other,1
1853,2017-12-04 11:03:00,2017-12-04,11,12,2017,Monday,-1.093182,37.032313,Non-Fatal,0,0,0,0,Other,1
1854,2017-12-04 12:22:00,2017-12-04,12,12,2017,Monday,-4.047225,39.695068,Non-Fatal,0,0,0,0,Other,1
1855,2017-12-04 12:59:00,2017-12-04,12,12,2017,Monday,-1.325097,36.79538,Non-Fatal,0,0,0,1,Matatu,1
1856,2017-12-04 19:09:00,2017-12-04,19,12,2017,Monday,-1.260858,36.713524,Non-Fatal,0,0,0,0,Other,1
1857,2017-12-04 19:17:00,2017-12-04,19,12,2017,Monday,-1.2823945,36.825266,Non-Fatal,0,0,0,0,Other,1
1858,2017-12-04 20:35:00,2017-12-04,20,12,2017,Monday,-1.2834915,37.0885155,Non-Fatal,0,0,0,0,Other,1
1859,2017-12-04 20:39:00,2017-12-04,20,12,2017,Monday,1.218463,36.892471,Non-Fatal,0,0,0,0,Other,1
1860,2017-12-05 06:44:00,2017-12-05,6,12,2017,Tuesday,-1.3306395,36.8602665,Non-Fatal,0,0,0,0,Other,1
1861,2017-12-05 07:52:00,2017-12-05,7,12,2017,Tuesday,-1.33142,36.887771,Non-Fatal,0,0,0,0,Other,1
1862,2017-12-05 08:05:00,2017-12-05,8,12,2017,Tuesday,-1.305665,36.827043,Non-Fatal,0,0,0,0,Other,1
1863,2017-12-05 08:35:00,2017-12-05,8,12,2017,Tuesday,-1.379012,36.927758,Non-Fatal,0,0,0,0,Other,1
1864,2017-12-05 17:13:00,2017-12-05,17,12,2017,Tuesday,-1.31948,36.768812,Non-Fatal,0,0,0,0,Other,1
1865,2017-12-05 18:10:00,2017-12-05,18,12,2017,Tuesday,-1.417392,36.952023,Non-Fatal,0,0,0,0,Other,1
1866,2017-12-06 04:17:00,2017-12-06,4,12,2017,Wednesday,-1.234307,36.873819,Non-Fatal,0,0,0,0,Other,1
1867,2017-12-06 07:23:00,2017-12-06,7,12,2017,Wednesday,-1.309226,36.845256,Non-Fatal,0,0,0,0,Other,1
1868,2017-12-06 13:52:00,2017-12-06,13,12,2017,Wednesday,-1.2499915,36.8212795,Non-Fatal,0,0,0,0,Other,1
1869,2017-12-06 14:11:00,2017-12-06,14,12,2017,Wednesday,-1.312607,36.819119,Non-Fatal,0,0,0,0,Other,1
1870,2017-12-06 15:16:00,2017-12-06,15,12,2017,Wednesday,-1.420306,36.953936,Non-Fatal,0,0,0,0,Other,1
1871,2017-12-06 18:41:00,2017-12-06,18,12,2017,Wednesday,-1.278403,36.8213105,Non-Fatal,0,0,0,1,Matatu,1
1872,2017-12-07 11:50:00,2017-12-07,11,12,2017,Thursday,-1.294853,36.813958,Non-Fatal,0,0,0,0,Other,1
1873,2017-12-07 12:02:00,2017-12-07,12,12,2017,Thursday,-1.491511,37.057739,Non-Fatal,0,0,0,0,Other,1
1874,2017-12-07 16:04:00,2017-12-07,16,12,2017,Thursday,-1.329589,36.855695,Non-Fatal,0,0,0,0,Other,1
1875,2017-12-07 19:39:00,2017-12-07,19,12,2017,Thursday,-1.286579,36.817414,Non-Fatal,0,0,0,0,Other,1
1876,2017-12-07 19:49:00,2017-12-07,19,12,2017,Thursday,-1.266714,36.834694,Non-Fatal,0,0,0,0,Other,1
1877,2017-12-08 01:19:00,2017-12-08,1,12,2017,Friday,-1.260297,36.771259,Non-Fatal,0,0,0,0,Other,1
1878,2017-12-08 07:45:00,2017-12-08,7,12,2017,Friday,-1.244839,36.866974,Non-Fatal,0,0,0,0,Other,1
1879,2017-12-08 07:51:00,2017-12-08,7,12,2017,Friday,-1.260275,36.77083,Non-Fatal,0,0,0,0,Other,1
1880,2017-12-08 20:18:00,2017-12-08,20,12,2017,Friday,-1.2592215,36.7767385,Non-Fatal,0,0,0,0,Other,1
1881,2017-12-09 07:33:00,2017-12-09,7,12,2017,Saturday,-1.2126375,36.903285,Non-Fatal,0,0,0,0,Other,1
1882,2017-12-09 07:59:00,2017-12-09,7,12,2017,Saturday,-1.35951,36.907839,Non-Fatal,0,0,0,0,Other,1
1883,2017-12-09 13:52:00,2017-12-09,13,12,2017,Saturday,-1.286472,36.8173765,Non-Fatal,0,0,0,0,Other,1
1884,2017-12-09 17:05:00,2017-12-09,17,12,2017,Saturday,-1.2576,36.854319,Non-Fatal,0,0,0,0,Other,1
1885,2017-12-09 23:21:00,2017-12-09,23,12,2017,Saturday,-1.024217,37.066723,Non-Fatal,0,0,0,0,Other,1
1886,2017-12-10 01:10:00,2017-12-10,1,12,2017,Sunday,-1.323766,36.899965,Non-Fatal,0,0,0,0,Other,1
1887,2017-12-10 16:37:00,2017-12-10,16,12,2017,Sunday,-1.291616,36.891681,Non-Fatal,0,0,0,0,Other,1
1888,2017-12-11 17:44:00,2017-12-11,17,12,2017,Monday,-1.129648,36.988736,Non-Fatal,0,0,0,0,Other,1
1889,2017-12-11 19:09:00,2017-12-11,19,12,2017,Monday,-1.2534305,36.857856,Non-Fatal,0,0,0,0,Other,1
1890,2017-12-11 21:28:00,2017-12-11,21,12,2017,Monday,-1.328663,36.882455,Non-Fatal,0,0,0,1,Matatu,1
1891,2017-12-12 05:30:00,2017-12-12,5,12,2017,Tuesday,-1.218473,36.89262,Non-Fatal,0,0,0,0,Other,1
1892,2017-12-12 10:36:00,2017-12-12,10,12,2017,Tuesday,-0.982928,36.5861,Non-Fatal,0,0,0,1,Matatu,1
1893,2017-12-12 13:22:00,2017-12-12,13,12,2017,Tuesday,-1.240635,36.844245,Non-Fatal,0,0,0,0,Other,1
1894,2017-12-13 05:43:00,2017-12-13,5,12,2017,Wednesday,-1.211206,36.906606,Non-Fatal,0,0,0,0,Other,1
1895,2017-12-13 10:33:00,2017-12-13,10,12,2017,Wednesday,-1.47553,36.958696,Non-Fatal,0,0,0,0,Other,1
1896,2017-12-13 13:20:00,2017-12-13,13,12,2017,Wednesday,-1.12963,36.987723,Non-Fatal,0,0,0,0,Other,1
1897,2017-12-13 15:12:00,2017-12-13,15,12,2017,Wednesday,0.827637,35.12181,Non-Fatal,0,0,0,0,Other,1
1898,2017-12-13 16:57:00,2017-12-13,16,12,2017,Wednesday,-1.299657,36.787209,Non-Fatal,0,0,0,0,Other,1
1899,2017-12-14 10:24:00,2017-12-14,10,12,2017,Thursday,-1.260772,36.842033,Non-Fatal,0,0,0,1,Matatu,1
1900,2017-12-14 12:08:00,2017-12-14,12,12,2017,Thursday,-1.469576,36.960561,Fatal,1,0,0,0,Other,1
1901,2017-12-14 21:23:00,2017-12-14,21,12,2017,Thursday,-1.2520115,36.859948,Non-Fatal,0,0,1,0,Motorcycle,1
1902,2017-12-15 09:57:00,2017-12-15,9,12,2017,Friday,-1.218893,36.892208,Non-Fatal,0,0,0,0,Other,1
1903,2017-12-15 10:05:00,2017-12-15,10,12,2017,Friday,-1.211047,36.907074,Non-Fatal,0,0,0,0,Other,1
1904,2017-12-15 15:37:00,2017-12-15,15,12,2017,Friday,-1.129345,36.99237,Non-Fatal,0,0,0,0,Other,1
1905,2017-12-15 16:02:00,2017-12-15,16,12,2017,Friday,-1.129693,36.987598,Non-Fatal,0,0,0,0,Other,1
1906,2017-12-15 18:44:00,2017-12-15,18,12,2017,Friday,-1.244991,36.86694635,Non-Fatal,0,0,0,0,Other,1
1907,2017-12-15 19:00:00,2017-12-15,19,12,2017,Friday,-1.298226,36.886981,Non-Fatal,0,0,0,0,Other,1
1908,2017-12-15 19:39:00,2017-12-15,19,12,2017,Friday,-1.299952,36.779641,Non-Fatal,0,0,0,0,Other,1
1909,2017-12-16 05:12:00,2017-12-16,5,12,2017,Saturday,-1.304699,36.826291,Non-Fatal,0,0,0,0,Other,1
1910,2017-12-16 10:00:00,2017-12-16,10,12,2017,Saturday,-1.098771,37.024285,Non-Fatal,0,0,0,0,Other,1
1911,2017-12-16 10:55:00,2017-12-16,10,12,2017,Saturday,-1.219471,36.891591,Non-Fatal,0,0,0,0,Other,1
1912,2017-12-16 13:42:00,2017-12-16,13,12,2017,Saturday,-1.266713,36.834188,Non-Fatal,0,0,0,0,Other,1
1913,2017-12-17 05:09:00,2017-12-17,5,12,2017,Sunday,-1.329926,36.870701,Non-Fatal,0,0,0,0,Other,1
1914,2017-12-17 08:48:00,2017-12-17,8,12,2017,Sunday,-1.29222,36.78721,Non-Fatal,0,0,0,0,Other,1
1915,2017-12-17 13:29:00,2017-12-17,13,12,2017,Sunday,-1.390191,36.937159,Non-Fatal,0,0,0,0,Other,1
1916,2017-12-17 16:44:00,2017-12-17,16,12,2017,Sunday,-1.329589,36.855695,Non-Fatal,0,0,0,0,Other,1
1917,2017-12-17 20:14:00,2017-12-17,20,12,2017,Sunday,-1.260772,36.842033,Non-Fatal,0,0,0,0,Other,1
1918,2017-12-17 21:15:00,2017-12-17,21,12,2017,Sunday,-1.331264,36.86059,Non-Fatal,0,0,0,0,Other,1
1919,2017-12-17 22:15:00,2017-12-17,22,12,2017,Sunday,-1.038446,37.081157,Non-Fatal,0,0,0,0,Other,1
1920,2017-12-18 13:17:00,2017-12-18,13,12,2017,Monday,-1.289545,36.7615555,Non-Fatal,0,0,0,0,Other,1
1921,2017-12-18 18:18:00,2017-12-18,18,12,2017,Monday,-1.153991,36.638782,Non-Fatal,0,0,0,0,Other,1
1922,2017-12-18 18:42:00,2017-12-18,18,12,2017,Monday,-1.3128205,36.830201,Non-Fatal,0,0,0,0,Other,1
1923,2017-12-18 19:28:00,2017-12-18,19,12,2017,Monday,-1.2922815,36.8216995,Non-Fatal,0,0,0,0,Other,1
1924,2017-12-19 06:58:00,2017-12-19,6,12,2017,Tuesday,-1.3319135,36.888746,Non-Fatal,0,0,0,1,Matatu,1
1925,2017-12-19 07:43:00,2017-12-19,7,12,2017,Tuesday,-1.270921,36.807785,Non-Fatal,0,0,0,0,Other,1
1926,2017-12-20 11:48:00,2017-12-20,11,12,2017,Wednesday,-1.274158,36.8005675,Non-Fatal,0,0,0,0,Other,1
1927,2017-12-20 14:03:00,2017-12-20,14,12,2017,Wednesday,-1.2588255,36.780138,Non-Fatal,0,0,0,0,Other,1
1928,2017-12-20 17:19:00,2017-12-20,17,12,2017,Wednesday,-1.2742315,36.800186,Non-Fatal,0,0,0,0,Other,1
1929,2017-12-20 19:02:00,2017-12-20,19,12,2017,Wednesday,-1.3295475,36.855592,Non-Fatal,0,0,0,0,Other,1
1930,2017-12-21 05:33:00,2017-12-21,5,12,2017,Thursday,-1.382017,36.770618,Non-Fatal,0,0,0,0,Other,1
1931,2017-12-22 07:52:00,2017-12-22,7,12,2017,Friday,-1.262079,36.839992,Non-Fatal,0,0,0,0,Other,1
1932,2017-12-22 12:53:00,2017-12-22,12,12,2017,Friday,-1.2918,36.822384,Non-Fatal,0,0,0,0,Other,1
1933,2017-12-22 18:32:00,2017-12-22,18,12,2017,Friday,-1.2579775,36.701298,Non-Fatal,0,0,0,0,Other,1
1934,2017-12-23 06:09:00,2017-12-23,6,12,2017,Saturday,-1.220565,36.663215,Non-Fatal,0,0,0,0,Other,1
1935,2017-12-23 06:48:00,2017-12-23,6,12,2017,Saturday,-1.073494,37.047653,Non-Fatal,0,0,0,0,Other,1
1936,2017-12-23 15:59:00,2017-12-23,15,12,2017,Saturday,-1.334046,36.6734185,Non-Fatal,0,0,0,1,Matatu,1
1937,2017-12-23 19:56:00,2017-12-23,19,12,2017,Saturday,-1.27265,36.731701,Non-Fatal,0,0,0,0,Other,1
1938,2017-12-24 11:11:00,2017-12-24,11,12,2017,Sunday,-1.320549,36.809532,Non-Fatal,0,0,0,0,Other,1
1939,2017-12-26 14:25:00,2017-12-26,14,12,2017,Tuesday,-1.266311,36.8347405,Non-Fatal,0,0,0,0,Other,1
1940,2018-03-13 07:38:00,2018-03-13,7,3,2018,Tuesday,-1.460337,36.9635545,Non-Fatal,0,0,0,0,Other,1
1941,2018-03-13 09:20:00,2018-03-13,9,3,2018,Tuesday,-1.0655185,37.053372,Non-Fatal,0,0,0,0,Other,1
1942,2018-03-13 20:02:00,2018-03-13,20,3,2018,Tuesday,-1.2995415,36.820373,Non-Fatal,0,0,0,0,Other,1
1943,2018-03-13 21:02:00,2018-03-13,21,3,2018,Tuesday,-1.263655,36.872786,Non-Fatal,0,0,1,0,Motorcycle,1
1944,2018-03-13 22:16:00,2018-03-13,22,3,2018,Tuesday,-1.262671,36.764223,Non-Fatal,0,0,0,0,Other,1
1945,2018-03-14 07:10:00,2018-03-14,7,3,2018,Wednesday,-1.257314,36.699829,Non-Fatal,0,0,0,0,Other,1
1946,2018-03-14 07:31:00,2018-03-14,7,3,2018,Wednesday,-1.2097735,36.851203,Non-Fatal,0,0,0,0,Other,1
1947,2018-03-14 07:38:00,2018-03-14,7,3,2018,Wednesday,-1.215306,36.850626,Non-Fatal,0,0,0,0,Other,1
1948,2018-03-14 07:53:00,2018-03-14,7,3,2018,Wednesday,-1.312536,36.8159315,Non-Fatal,0,0,0,0,Other,1
1949,2018-03-14 08:40:00,2018-03-14,8,3,2018,Wednesday,-1.296979,36.838858,Non-Fatal,0,0,0,0,Other,1
1950,2018-03-14 17:44:00,2018-03-14,17,3,2018,Wednesday,-1.295047,36.821932,Non-Fatal,0,0,0,0,Other,1
1951,2018-03-14 18:04:00,2018-03-14,18,3,2018,Wednesday,-1.234118,36.8733595,Non-Fatal,0,0,0,0,Other,1
1952,2018-03-14 18:08:00,2018-03-14,18,3,2018,Wednesday,-1.24489,36.867803,Non-Fatal,0,0,0,0,Other,1
1953,2018-03-14 19:31:00,2018-03-14,19,3,2018,Wednesday,-1.094889,37.0288045,Non-Fatal,0,0,0,0,Other,1
1954,2018-03-14 19:51:00,2018-03-14,19,3,2018,Wednesday,-1.174996,36.834315,Non-Fatal,0,0,0,0,Other,1
1955,2018-03-14 23:05:00,2018-03-14,23,3,2018,Wednesday,-1.266915,36.834424,Non-Fatal,0,0,0,0,Other,1
1956,2018-03-15 06:27:00,2018-03-15,6,3,2018,Thursday,-1.259206,36.7770485,Non-Fatal,0,0,0,0,Other,1
1957,2018-03-15 06:35:00,2018-03-15,6,3,2018,Thursday,-1.237446,36.844233,Non-Fatal,0,0,0,0,Other,1
1958,2018-03-15 06:51:00,2018-03-15,6,3,2018,Thursday,-1.211013,36.794982,Non-Fatal,0,0,0,0,Other,1
1959,2018-03-15 07:33:00,2018-03-15,7,3,2018,Thursday,-1.231225,36.878543,Non-Fatal,0,0,0,0,Other,1
1960,2018-03-15 07:58:00,2018-03-15,7,3,2018,Thursday,-1.330787,36.864385,Non-Fatal,0,0,0,0,Other,1
1961,2018-03-15 17:13:00,2018-03-15,17,3,2018,Thursday,-1.319559,36.838041,Non-Fatal,0,0,0,0,Other,1
1962,2018-03-15 17:14:00,2018-03-15,17,3,2018,Thursday,-1.325775,36.848605,Non-Fatal,0,0,0,0,Other,1
1963,2018-03-15 17:14:00,2018-03-15,17,3,2018,Thursday,-1.260889,36.842022,Non-Fatal,0,0,0,0,Other,1
1964,2018-03-15 19:29:00,2018-03-15,19,3,2018,Thursday,-1.2782075,36.8214985,Non-Fatal,0,0,0,1,Matatu,1
1965,2018-03-16 11:28:00,2018-03-16,11,3,2018,Friday,-1.317396,36.8965795,Non-Fatal,0,0,0,0,Other,1
1966,2018-03-16 12:31:00,2018-03-16,12,3,2018,Friday,-1.293309,36.817706,Non-Fatal,0,0,1,0,Motorcycle,1
1967,2018-03-16 16:32:00,2018-03-16,16,3,2018,Friday,-1.1164465,37.011283,Non-Fatal,0,0,0,0,Other,1
1968,2018-03-16 18:05:00,2018-03-16,18,3,2018,Friday,-1.1707485,36.9721805,Non-Fatal,0,0,0,0,Other,1
1969,2018-03-16 19:58:00,2018-03-16,19,3,2018,Friday,-1.323624,36.844773,Non-Fatal,0,0,0,0,Other,1
1970,2018-03-16 21:05:00,2018-03-16,21,3,2018,Friday,-1.284413,36.833376,Non-Fatal,0,0,0,1,Matatu,1
1971,2018-03-16 22:40:00,2018-03-16,22,3,2018,Friday,-1.505751,37.096684,Fatal,1,0,0,0,Other,1
1972,2018-03-16 23:13:00,2018-03-16,23,3,2018,Friday,-1.179694,36.939152,Non-Fatal,0,0,0,0,Other,1
1973,2018-03-18 16:13:00,2018-03-18,16,3,2018,Sunday,-1.301972,36.887986,Non-Fatal,0,0,1,0,Motorcycle,1
1974,2018-03-18 19:45:00,2018-03-18,19,3,2018,Sunday,-1.29952,36.790639,Non-Fatal,0,0,0,0,Other,1
1975,2018-03-18 19:48:00,2018-03-18,19,3,2018,Sunday,-1.300255,36.7566285,Non-Fatal,0,0,0,0,Other,1
1976,2018-03-18 20:46:00,2018-03-18,20,3,2018,Sunday,-1.180514,36.938472,Non-Fatal,0,0,0,0,Other,1
1977,2018-03-19 15:48:00,2018-03-19,15,3,2018,Monday,-1.234131,36.990949,Non-Fatal,0,0,0,0,Other,1
1978,2018-03-19 18:19:00,2018-03-19,18,3,2018,Monday,-1.336986,36.894911,Non-Fatal,0,0,0,0,Other,1
1979,2018-03-20 06:56:00,2018-03-20,6,3,2018,Tuesday,-1.284577,36.820585,Non-Fatal,0,0,0,0,Other,1
1980,2018-03-20 09:48:00,2018-03-20,9,3,2018,Tuesday,-1.294134,36.851995,Non-Fatal,0,0,0,0,Other,1
1981,2018-03-20 10:49:00,2018-03-20,10,3,2018,Tuesday,-1.18282,36.992086,Non-Fatal,0,0,0,0,Other,1
1982,2018-03-20 14:50:00,2018-03-20,14,3,2018,Tuesday,-1.265247,36.802521,Non-Fatal,0,0,0,0,Other,1
1983,2018-03-20 16:33:00,2018-03-20,16,3,2018,Tuesday,-1.285319,36.883845,Non-Fatal,0,0,0,0,Other,1
1984,2018-03-20 16:41:00,2018-03-20,16,3,2018,Tuesday,-1.178768,36.837459,Non-Fatal,0,0,0,0,Other,1
1985,2018-03-21 06:37:00,2018-03-21,6,3,2018,Wednesday,-1.365051,36.911713,Non-Fatal,0,0,0,0,Other,1
1986,2018-03-21 07:39:00,2018-03-21,7,3,2018,Wednesday,-1.352009,36.762853,Non-Fatal,0,0,0,0,Other,1
1987,2018-03-21 17:21:00,2018-03-21,17,3,2018,Wednesday,-1.328158,36.885401,Non-Fatal,0,0,0,0,Other,1
1988,2018-03-21 21:28:00,2018-03-21,21,3,2018,Wednesday,-1.263386,36.862444,Non-Fatal,0,0,0,1,Matatu,1
1989,2018-03-22 07:48:00,2018-03-22,7,3,2018,Thursday,-1.2985555,36.8114115,Non-Fatal,0,0,0,0,Other,1
1990,2018-03-22 07:50:00,2018-03-22,7,3,2018,Thursday,-1.230684,36.8785395,Non-Fatal,0,0,0,0,Other,1
1991,2018-03-22 16:54:00,2018-03-22,16,3,2018,Thursday,-1.2950095,36.8219215,Non-Fatal,0,0,0,0,Other,1
1992,2018-03-23 06:33:00,2018-03-23,6,3,2018,Friday,-1.262236,36.879176,Non-Fatal,0,0,0,0,Other,1
1993,2018-03-23 15:34:00,2018-03-23,15,3,2018,Friday,-1.2847685,36.820321,Non-Fatal,0,0,0,0,Other,1
1994,2018-03-23 16:51:00,2018-03-23,16,3,2018,Friday,-1.49297,37.055336,Non-Fatal,0,0,0,0,Other,1
1995,2018-03-23 17:31:00,2018-03-23,17,3,2018,Friday,-1.088132,37.03654,Non-Fatal,0,0,0,0,Other,1
1996,2018-03-23 17:43:00,2018-03-23,17,3,2018,Friday,-1.267237,36.812078,Non-Fatal,0,0,0,0,Other,1
1997,2018-03-23 17:50:00,2018-03-23,17,3,2018,Friday,-1.077846,37.045754,Non-Fatal,0,0,0,0,Other,1
1998,2018-03-23 18:04:00,2018-03-23,18,3,2018,Friday,-1.232749,36.873717,Non-Fatal,0,0,0,0,Other,1
1999,2018-03-23 18:17:00,2018-03-23,18,3,2018,Friday,-1.505751,37.096684,Non-Fatal,0,0,0,0,Other,1
2000,2018-03-24 06:01:00,2018-03-24,6,3,2018,Saturday,-1.316221,36.895251,Non-Fatal,0,0,0,0,Other,1
2001,2018-03-24 08:25:00,2018-03-24,8,3,2018,Saturday,-1.3042395,36.7461325,Non-Fatal,0,0,0,0,Other,1
2002,2018-03-24 09:16:00,2018-03-24,9,3,2018,Saturday,-1.379048,36.927754,Non-Fatal,0,0,0,0,Other,1
2003,2018-03-24 13:02:00,2018-03-24,13,3,2018,Saturday,-1.3204505,36.8087515,Non-Fatal,0,0,0,0,Other,1
2004,2018-03-24 13:03:00,2018-03-24,13,3,2018,Saturday,-1.365637,36.911578,Non-Fatal,0,0,0,0,Other,1
2005,2018-03-24 13:50:00,2018-03-24,13,3,2018,Saturday,-1.2810185,36.8208895,Non-Fatal,0,0,0,1,Matatu,1
2006,2018-03-24 18:30:00,2018-03-24,18,3,2018,Saturday,-1.508318,37.095209,Non-Fatal,0,0,0,0,Other,1
2007,2018-03-25 05:30:00,2018-03-25,5,3,2018,Sunday,-1.330541,36.889433,Non-Fatal,0,0,0,0,Other,1
2008,2018-03-25 18:09:00,2018-03-25,18,3,2018,Sunday,-1.223701,36.663542,Non-Fatal,0,0,0,0,Other,1
2009,2018-03-26 06:45:00,2018-03-26,6,3,2018,Monday,-1.278065,36.8213225,Non-Fatal,0,0,0,0,Other,1
2010,2018-03-26 07:09:00,2018-03-26,7,3,2018,Monday,-1.267953,36.72423,Non-Fatal,0,0,1,0,Motorcycle,1
2011,2018-03-26 07:58:00,2018-03-26,7,3,2018,Monday,-1.287631,36.837438,Non-Fatal,0,0,0,1,Matatu,1
2012,2018-03-26 21:32:00,2018-03-26,21,3,2018,Monday,-1.307542,36.889997,Non-Fatal,0,0,0,0,Other,1
2013,2018-03-27 04:49:00,2018-03-27,4,3,2018,Tuesday,-1.325184,36.847343,Non-Fatal,0,0,0,0,Other,1
2014,2018-03-27 08:03:00,2018-03-27,8,3,2018,Tuesday,-1.264842,36.8025185,Non-Fatal,0,0,0,0,Other,1
2015,2018-03-27 08:51:00,2018-03-27,8,3,2018,Tuesday,-1.292994,36.845606,Non-Fatal,0,0,0,0,Other,1
2016,2018-03-27 14:36:00,2018-03-27,14,3,2018,Tuesday,-1.267478,36.831772,Non-Fatal,0,0,0,0,Other,1
2017,2018-03-27 15:17:00,2018-03-27,15,3,2018,Tuesday,-1.281492,36.817549,Non-Fatal,0,0,0,0,Other,1
2018,2018-03-27 19:58:00,2018-03-27,19,3,2018,Tuesday,-1.125515,37.002577,Fatal,1,0,0,0,Other,1
2019,2018-03-27 20:07:00,2018-03-27,20,3,2018,Tuesday,-1.1884305,36.9310955,Non-Fatal,0,1,0,0,Pedestrian,1
2020,2018-03-28 05:28:00,2018-03-28,5,3,2018,Wednesday,-1.160419,36.958629,Non-Fatal,0,0,0,0,Other,1
2021,2018-03-28 06:33:00,2018-03-28,6,3,2018,Wednesday,-1.212257,36.833821,Non-Fatal,0,0,0,1,Matatu,1
2022,2018-03-28 06:53:00,2018-03-28,6,3,2018,Wednesday,-1.364719,36.911405,Non-Fatal,0,0,0,0,Other,1
2023,2018-03-28 08:50:00,2018-03-28,8,3,2018,Wednesday,-1.211009,36.822759,Non-Fatal,0,0,0,0,Other,1
2024,2018-03-28 11:50:00,2018-03-28,11,3,2018,Wednesday,-1.266753,36.834427,Non-Fatal,0,0,0,0,Other,1
2025,2018-03-28 16:47:00,2018-03-28,16,3,2018,Wednesday,-1.431609,36.963136,Non-Fatal,0,0,0,0,Other,1
2026,2018-03-28 17:21:00,2018-03-28,17,3,2018,Wednesday,-1.323831,36.899864,Non-Fatal,0,0,0,0,Other,1
2027,2018-03-28 17:48:00,2018-03-28,17,3,2018,Wednesday,-1.263935,36.754211,Non-Fatal,0,0,0,0,Other,1
2028,2018-03-28 20:25:00,2018-03-28,20,3,2018,Wednesday,-1.381755,36.770635,Non-Fatal,0,0,0,0,Other,1
2029,2018-03-29 12:32:00,2018-03-29,12,3,2018,Thursday,-1.299677,36.7873995,Non-Fatal,0,0,0,0,Other,1
2030,2018-03-29 13:49:00,2018-03-29,13,3,2018,Thursday,-1.171065,36.972569,Non-Fatal,0,0,0,0,Other,1
2031,2018-03-29 20:36:00,2018-03-29,20,3,2018,Thursday,-1.299491,36.824845,Non-Fatal,0,0,0,0,Other,1
2032,2018-03-29 22:32:00,2018-03-29,22,3,2018,Thursday,-1.2862645,36.8178255,Non-Fatal,0,0,0,0,Other,1
2033,2018-03-30 05:24:00,2018-03-30,5,3,2018,Friday,-2.499257,38.011129,Non-Fatal,0,0,0,0,Other,1
2034,2018-03-30 06:42:00,2018-03-30,6,3,2018,Friday,-2.482063,37.995276,Fatal,1,0,0,0,Other,1
2035,2018-03-30 07:40:00,2018-03-30,7,3,2018,Friday,-1.3142215,36.894369,Non-Fatal,0,0,0,0,Other,1
2036,2018-03-30 08:53:00,2018-03-30,8,3,2018,Friday,-3.091475,38.492725,Non-Fatal,0,0,0,0,Other,1
2037,2018-03-30 09:22:00,2018-03-30,9,3,2018,Friday,-1.262279,36.7262045,Non-Fatal,0,0,0,0,Other,1
2038,2018-03-30 09:45:00,2018-03-30,9,3,2018,Friday,-3.400588,38.550081,Non-Fatal,0,0,0,0,Other,1
2039,2018-03-30 20:35:00,2018-03-30,20,3,2018,Friday,-1.188456,36.931119,Non-Fatal,0,0,0,0,Other,1
2040,2018-03-31 08:27:00,2018-03-31,8,3,2018,Saturday,-1.330467,36.863271,Non-Fatal,0,0,0,0,Other,1
2041,2018-03-31 17:04:00,2018-03-31,17,3,2018,Saturday,-1.269986,36.837482,Non-Fatal,0,0,0,0,Other,1
2042,2018-04-01 18:59:00,2018-04-01,18,4,2018,Sunday,-1.302702,36.7494215,Non-Fatal,0,0,0,1,Matatu,1
2043,2018-04-01 21:37:00,2018-04-01,21,4,2018,Sunday,-1.308493,36.804687,Non-Fatal,0,0,0,0,Other,1
2044,2018-04-02 16:18:00,2018-04-02,16,4,2018,Monday,-1.207129,36.785784,Non-Fatal,0,0,0,0,Other,1
2045,2018-04-02 18:02:00,2018-04-02,18,4,2018,Monday,-1.4318875,36.9633775,Non-Fatal,0,0,0,0,Other,1
2046,2018-04-03 06:10:00,2018-04-03,6,4,2018,Tuesday,-1.233941,36.8734135,Non-Fatal,0,0,0,0,Other,1
2047,2018-04-03 07:11:00,2018-04-03,7,4,2018,Tuesday,-1.2574585,36.8543535,Non-Fatal,0,0,0,0,Other,1
2048,2018-04-03 08:00:00,2018-04-03,8,4,2018,Tuesday,-1.2069895,36.785956,Non-Fatal,0,0,0,0,Other,1
2049,2018-04-03 08:19:00,2018-04-03,8,4,2018,Tuesday,-1.284543,36.826125,Non-Fatal,0,0,0,1,Matatu,1
2050,2018-04-03 21:07:00,2018-04-03,21,4,2018,Tuesday,-1.2672965,36.843625,Non-Fatal,0,0,0,0,Other,1
2051,2018-04-04 06:04:00,2018-04-04,6,4,2018,Wednesday,-1.219449,36.891518,Fatal,1,0,1,0,Motorcycle,1
2052,2018-04-04 07:02:00,2018-04-04,7,4,2018,Wednesday,-1.329642,36.871013,Non-Fatal,0,0,0,0,Other,1
2053,2018-04-04 07:57:00,2018-04-04,7,4,2018,Wednesday,-1.292466,36.805081,Non-Fatal,0,0,0,0,Other,1
2054,2018-04-04 09:28:00,2018-04-04,9,4,2018,Wednesday,-1.256305,36.85529,Non-Fatal,0,0,0,0,Other,1
2055,2018-04-04 12:41:00,2018-04-04,12,4,2018,Wednesday,-1.239465,36.869924,Non-Fatal,0,0,0,0,Other,1
2056,2018-04-04 12:59:00,2018-04-04,12,4,2018,Wednesday,-1.30027055,36.75761485,Non-Fatal,0,0,0,0,Other,1
2057,2018-04-04 18:20:00,2018-04-04,18,4,2018,Wednesday,-1.274537,36.812092,Non-Fatal,0,0,0,0,Other,1
2058,2018-04-04 18:31:00,2018-04-04,18,4,2018,Wednesday,-1.285345,36.814062,Non-Fatal,0,0,0,0,Other,1
2059,2018-04-05 09:16:00,2018-04-05,9,4,2018,Thursday,-1.257969,36.701381,Non-Fatal,0,0,0,1,Matatu,1
2060,2018-04-05 10:28:00,2018-04-05,10,4,2018,Thursday,-1.2180455,36.9905205,Non-Fatal,0,0,0,0,Other,1
2061,2018-04-05 16:48:00,2018-04-05,16,4,2018,Thursday,-1.133148,36.974508,Non-Fatal,0,0,0,0,Other,1
2062,2018-04-05 16:57:00,2018-04-05,16,4,2018,Thursday,-1.29434,36.853423,Non-Fatal,0,0,0,0,Other,1
2063,2018-04-05 19:01:00,2018-04-05,19,4,2018,Thursday,-1.504949,37.090503,Non-Fatal,0,0,0,0,Other,1
2064,2018-04-05 22:08:00,2018-04-05,22,4,2018,Thursday,-1.2975705,36.869744,Non-Fatal,0,0,0,0,Other,1
2065,2018-04-06 14:35:00,2018-04-06,14,4,2018,Friday,-1.129622,36.9887095,Non-Fatal,0,0,0,0,Other,1
2066,2018-04-06 15:42:00,2018-04-06,15,4,2018,Friday,-1.220258,36.891094,Non-Fatal,0,0,0,0,Other,1
2067,2018-04-06 16:12:00,2018-04-06,16,4,2018,Friday,-1.3819635,36.7706135,Non-Fatal,0,0,0,0,Other,1
2068,2018-04-06 18:29:00,2018-04-06,18,4,2018,Friday,-1.329765,36.890921,Non-Fatal,0,0,0,0,Other,1
2069,2018-04-06 20:05:00,2018-04-06,20,4,2018,Friday,-1.228848,36.8805195,Non-Fatal,0,0,0,0,Other,1
2070,2018-04-07 07:55:00,2018-04-07,7,4,2018,Saturday,-1.381969,36.770619,Non-Fatal,0,0,0,0,Other,1
2071,2018-04-07 12:09:00,2018-04-07,12,4,2018,Saturday,-1.312359,36.815866,Non-Fatal,0,0,0,0,Other,1
2072,2018-04-07 12:13:00,2018-04-07,12,4,2018,Saturday,-1.308611,36.804687,Non-Fatal,0,0,0,0,Other,1
2073,2018-04-07 12:32:00,2018-04-07,12,4,2018,Saturday,-1.3141665,36.8075905,Non-Fatal,0,0,0,0,Other,1
2074,2018-04-07 13:58:00,2018-04-07,13,4,2018,Saturday,-1.2735535,36.813109,Non-Fatal,0,0,0,1,Matatu,1
2075,2018-04-07 18:26:00,2018-04-07,18,4,2018,Saturday,-1.181801,36.936968,Non-Fatal,0,0,0,0,Other,1
2076,2018-04-07 21:57:00,2018-04-07,21,4,2018,Saturday,-1.331644,36.888107,Non-Fatal,0,0,0,0,Other,1
2077,2018-04-07 22:25:00,2018-04-07,22,4,2018,Saturday,-1.4353885,36.966056,Non-Fatal,0,0,1,0,Motorcycle,1
2078,2018-04-07 22:34:00,2018-04-07,22,4,2018,Saturday,-1.381969,36.770603,Non-Fatal,0,0,0,0,Other,1
2079,2018-04-08 13:16:00,2018-04-08,13,4,2018,Sunday,-1.2606225,36.7168985,Fatal,1,1,0,0,Pedestrian,1
2080,2018-04-08 18:27:00,2018-04-08,18,4,2018,Sunday,-1.308611,36.804687,Non-Fatal,0,0,0,0,Other,1
2081,2018-04-08 23:40:00,2018-04-08,23,4,2018,Sunday,-1.300783,36.7691785,Fatal,1,0,0,0,Other,1
2082,2018-04-09 15:43:00,2018-04-09,15,4,2018,Monday,-1.265459,36.802701,Non-Fatal,0,0,0,0,Other,1
2083,2018-04-09 18:04:00,2018-04-09,18,4,2018,Monday,-1.235357,36.872533,Non-Fatal,0,0,0,1,Matatu,1
2084,2018-04-09 20:47:00,2018-04-09,20,4,2018,Monday,-1.13118,36.982201,Non-Fatal,0,0,0,0,Other,1
2085,2018-04-09 20:49:00,2018-04-09,20,4,2018,Monday,-1.432016,36.962643,Non-Fatal,0,0,0,0,Other,1
2086,2018-04-09 21:35:00,2018-04-09,21,4,2018,Monday,-1.212495,36.903013,Non-Fatal,0,0,0,0,Other,1
2087,2018-04-09 21:50:00,2018-04-09,21,4,2018,Monday,-1.164116,36.957625,Non-Fatal,0,0,0,0,Other,1
2088,2018-04-10 06:47:00,2018-04-10,6,4,2018,Tuesday,-1.145417,36.637411,Non-Fatal,0,0,0,0,Other,1
2089,2018-04-10 06:55:00,2018-04-10,6,4,2018,Tuesday,-1.330991,36.8664425,Non-Fatal,0,0,0,0,Other,1
2090,2018-04-10 06:58:00,2018-04-10,6,4,2018,Tuesday,-1.343995,36.902578,Non-Fatal,0,1,0,0,Pedestrian,1
2091,2018-04-10 07:44:00,2018-04-10,7,4,2018,Tuesday,-1.310409,36.837332,Non-Fatal,0,0,0,0,Other,1
2092,2018-04-10 08:09:00,2018-04-10,8,4,2018,Tuesday,-1.2957905,36.886901,Non-Fatal,0,0,0,0,Other,1
2093,2018-04-10 08:46:00,2018-04-10,8,4,2018,Tuesday,-1.299545,36.824738,Non-Fatal,0,0,0,0,Other,1
2094,2018-04-10 12:16:00,2018-04-10,12,4,2018,Tuesday,-0.805729,36.532477,Non-Fatal,0,0,0,0,Other,1
2095,2018-04-10 14:07:00,2018-04-10,14,4,2018,Tuesday,-1.2832545,36.8235505,Non-Fatal,0,0,0,0,Other,1
2096,2018-04-11 06:49:00,2018-04-11,6,4,2018,Wednesday,-1.254323,36.85761,Non-Fatal,0,0,0,0,Other,1
2097,2018-04-11 06:51:00,2018-04-11,6,4,2018,Wednesday,-1.232427,36.873744,Non-Fatal,0,0,0,0,Other,1
2098,2018-04-11 16:21:00,2018-04-11,16,4,2018,Wednesday,-1.313351,36.855159,Non-Fatal,0,0,0,0,Other,1
2099,2018-04-11 20:48:00,2018-04-11,20,4,2018,Wednesday,-1.3817185,36.7705415,Non-Fatal,0,0,0,0,Other,1
2100,2018-04-12 15:56:00,2018-04-12,15,4,2018,Thursday,-1.05181,37.082969,Non-Fatal,0,0,0,0,Other,1
2101,2018-04-12 17:12:00,2018-04-12,17,4,2018,Thursday,-0.878152,36.566685,Non-Fatal,0,0,0,1,Matatu,1
2102,2018-04-12 18:54:00,2018-04-12,18,4,2018,Thursday,-1.329798,36.870927,Non-Fatal,0,0,0,0,Other,1
2103,2018-04-12 20:58:00,2018-04-12,20,4,2018,Thursday,-1.328878,36.799897,Non-Fatal,0,0,0,0,Other,1
2104,2018-04-12 21:07:00,2018-04-12,21,4,2018,Thursday,-1.133084,36.974441,Non-Fatal,0,0,0,0,Other,1
2105,2018-04-13 06:26:00,2018-04-13,6,4,2018,Friday,-1.24534,36.8665035,Non-Fatal,0,0,0,0,Other,1
2106,2018-04-13 06:39:00,2018-04-13,6,4,2018,Friday,-1.238966,36.870452,Non-Fatal,0,0,0,0,Other,1
2107,2018-04-13 13:33:00,2018-04-13,13,4,2018,Friday,-1.201716,36.833582,Non-Fatal,0,0,0,1,Matatu,1
2108,2018-04-13 16:10:00,2018-04-13,16,4,2018,Friday,-1.349447,36.904522,Non-Fatal,0,0,0,0,Other,1
2109,2018-04-13 18:02:00,2018-04-13,18,4,2018,Friday,-1.386387,36.815172,Non-Fatal,0,0,0,0,Other,1
2110,2018-04-13 19:37:00,2018-04-13,19,4,2018,Friday,-1.269996,36.737964,Non-Fatal,0,0,0,0,Other,1
2111,2018-04-14 11:45:00,2018-04-14,11,4,2018,Saturday,-1.234478,36.843502,Non-Fatal,0,0,0,0,Other,1
2112,2018-04-14 12:28:00,2018-04-14,12,4,2018,Saturday,-1.015158,37.073014,Non-Fatal,0,0,0,0,Other,1
2113,2018-04-14 14:35:00,2018-04-14,14,4,2018,Saturday,-1.326672,36.8456975,Non-Fatal,0,0,0,0,Other,1
2114,2018-04-14 19:36:00,2018-04-14,19,4,2018,Saturday,-1.3235415,36.844416,Non-Fatal,0,0,0,1,Matatu,1
2115,2018-04-14 22:07:00,2018-04-14,22,4,2018,Saturday,-1.3000195,36.7817435,Non-Fatal,0,0,0,0,Other,1
2116,2018-04-15 00:32:00,2018-04-15,0,4,2018,Sunday,-1.319572,36.8380405,Non-Fatal,0,0,0,0,Other,1
2117,2018-04-15 23:24:00,2018-04-15,23,4,2018,Sunday,-1.289995,36.770244,Non-Fatal,0,0,0,1,Matatu,1
2118,2018-04-16 07:59:00,2018-04-16,7,4,2018,Monday,-1.327398,36.894241,Non-Fatal,0,0,0,0,Other,1
2119,2018-04-16 16:57:00,2018-04-16,16,4,2018,Monday,-1.259615,36.785986,Non-Fatal,0,0,0,0,Other,1
2120,2018-04-16 17:33:00,2018-04-16,17,4,2018,Monday,-1.360396,36.908357,Non-Fatal,0,0,0,0,Other,1
2121,2018-04-16 17:44:00,2018-04-16,17,4,2018,Monday,-1.266315,36.834746,Non-Fatal,0,0,0,1,Matatu,1
2122,2018-04-16 17:53:00,2018-04-16,17,4,2018,Monday,-1.257225,36.8545795,Non-Fatal,0,0,0,0,Other,1
2123,2018-04-16 18:18:00,2018-04-16,18,4,2018,Monday,-1.364719,36.911405,Non-Fatal,0,1,0,1,Pedestrian,1
2124,2018-04-17 09:03:00,2018-04-17,9,4,2018,Tuesday,-1.273092,36.835772,Non-Fatal,0,0,0,0,Other,1
2125,2018-04-17 09:18:00,2018-04-17,9,4,2018,Tuesday,-1.294602,36.812197,Non-Fatal,0,0,0,0,Other,1
2126,2018-04-17 13:54:00,2018-04-17,13,4,2018,Tuesday,-1.265182,36.835912,Non-Fatal,0,0,0,0,Other,1
2127,2018-04-17 16:45:00,2018-04-17,16,4,2018,Tuesday,-1.365584,36.766425,Non-Fatal,0,0,0,0,Other,1
2128,2018-04-17 19:05:00,2018-04-17,19,4,2018,Tuesday,-1.2921455,36.8426555,Non-Fatal,0,0,0,0,Other,1
2129,2018-04-17 19:30:00,2018-04-17,19,4,2018,Tuesday,-1.3118,36.7102425,Non-Fatal,0,0,0,0,Other,1
2130,2018-04-18 06:20:00,2018-04-18,6,4,2018,Wednesday,-1.273092,36.835772,Non-Fatal,0,0,1,1,Matatu,1
2131,2018-04-18 08:02:00,2018-04-18,8,4,2018,Wednesday,-1.2431275,36.792245,Non-Fatal,0,0,0,0,Other,1
2132,2018-04-18 09:18:00,2018-04-18,9,4,2018,Wednesday,-1.292208,36.8431095,Non-Fatal,0,1,0,0,Pedestrian,1
2133,2018-04-18 12:00:00,2018-04-18,12,4,2018,Wednesday,-1.385438,36.813008,Non-Fatal,0,0,1,0,Motorcycle,1
2134,2018-04-18 15:48:00,2018-04-18,15,4,2018,Wednesday,-1.317788,36.83527,Non-Fatal,0,0,0,0,Other,1
2135,2018-04-18 16:07:00,2018-04-18,16,4,2018,Wednesday,-1.263112,36.921451,Non-Fatal,0,0,0,0,Other,1
2136,2018-04-18 17:12:00,2018-04-18,17,4,2018,Wednesday,-1.462464,37.011741,Non-Fatal,0,0,0,0,Other,1
2137,2018-04-18 20:55:00,2018-04-18,20,4,2018,Wednesday,-1.272598,36.813824,Non-Fatal,0,0,0,0,Other,1
2138,2018-04-19 07:01:00,2018-04-19,7,4,2018,Thursday,-1.344451,36.902882,Fatal,1,1,0,0,Pedestrian,1
2139,2018-04-19 11:41:00,2018-04-19,11,4,2018,Thursday,-1.0994685,37.023199,Non-Fatal,0,0,1,0,Motorcycle,1
2140,2018-04-19 12:23:00,2018-04-19,12,4,2018,Thursday,-1.180099,36.939007,Non-Fatal,0,1,0,0,Pedestrian,1
2141,2018-04-19 13:24:00,2018-04-19,13,4,2018,Thursday,-1.461591,36.945913,Non-Fatal,0,0,0,0,Other,1
2142,2018-04-19 17:57:00,2018-04-19,17,4,2018,Thursday,-1.2849745,36.81698425,Non-Fatal,0,0,0,1,Matatu,1
2143,2018-04-19 18:45:00,2018-04-19,18,4,2018,Thursday,-1.371196,36.919154,Non-Fatal,0,0,0,0,Other,1
2144,2018-04-19 20:11:00,2018-04-19,20,4,2018,Thursday,-1.4211455,36.9551235,Non-Fatal,0,0,0,0,Other,1
2145,2018-04-20 18:20:00,2018-04-20,18,4,2018,Friday,-1.275611,36.822966,Non-Fatal,0,0,0,0,Other,1
2146,2018-04-20 20:15:00,2018-04-20,20,4,2018,Friday,-1.309401,36.727525,Non-Fatal,0,0,0,0,Other,1
2147,2018-04-20 21:38:00,2018-04-20,21,4,2018,Friday,-1.252337,36.860682,Non-Fatal,0,0,0,0,Other,1
2148,2018-04-20 23:59:00,2018-04-20,23,4,2018,Friday,-1.33791,36.7733955,Non-Fatal,0,0,0,0,Other,1
2149,2018-04-21 02:21:00,2018-04-21,2,4,2018,Saturday,-1.3229835,36.8991635,Non-Fatal,0,0,0,0,Other,1
2150,2018-04-21 13:41:00,2018-04-21,13,4,2018,Saturday,-1.223207,36.663534,Non-Fatal,0,0,0,0,Other,1
2151,2018-04-21 14:23:00,2018-04-21,14,4,2018,Saturday,-1.364719,36.911405,Non-Fatal,0,0,0,0,Other,1
2152,2018-04-21 15:22:00,2018-04-21,15,4,2018,Saturday,-1.309908,36.891274,Non-Fatal,0,0,0,0,Other,1
2153,2018-04-21 19:15:00,2018-04-21,19,4,2018,Saturday,-1.261471,36.803439,Non-Fatal,0,0,0,0,Other,1
2154,2018-04-21 20:45:00,2018-04-21,20,4,2018,Saturday,-1.071111,37.047736,Non-Fatal,0,0,0,0,Other,1
2155,2018-04-21 20:49:00,2018-04-21,20,4,2018,Saturday,-1.26535,36.7972655,Non-Fatal,0,0,0,0,Other,1
2156,2018-04-21 21:25:00,2018-04-21,21,4,2018,Saturday,-1.20742,36.913647,Non-Fatal,0,0,0,0,Other,1
2157,2018-04-21 21:35:00,2018-04-21,21,4,2018,Saturday,-1.0562575,37.0563485,Non-Fatal,0,0,0,0,Other,1
2158,2018-04-21 22:08:00,2018-04-21,22,4,2018,Saturday,-1.255177,36.856082,Non-Fatal,0,0,0,0,Other,1
2159,2018-04-22 07:55:00,2018-04-22,7,4,2018,Sunday,-1.528871,37.127105,Non-Fatal,0,0,0,1,Matatu,1
2160,2018-04-22 08:24:00,2018-04-22,8,4,2018,Sunday,-1.309908,36.891274,Non-Fatal,0,0,0,0,Other,1
2161,2018-04-22 10:57:00,2018-04-22,10,4,2018,Sunday,-1.2645525,36.7483925,Non-Fatal,0,0,0,0,Other,1
2162,2018-04-22 14:33:00,2018-04-22,14,4,2018,Sunday,-1.326742,36.845503,Non-Fatal,0,0,0,0,Other,1
2163,2018-04-22 15:12:00,2018-04-22,15,4,2018,Sunday,-1.248256,36.863703,Non-Fatal,0,0,0,0,Other,1
2164,2018-04-22 15:27:00,2018-04-22,15,4,2018,Sunday,-1.2962695,36.863458,Non-Fatal,0,0,0,0,Other,1
2165,2018-04-23 06:53:00,2018-04-23,6,4,2018,Monday,-1.244784,36.8676315,Non-Fatal,0,0,0,1,Matatu,1
2166,2018-04-23 07:52:00,2018-04-23,7,4,2018,Monday,-1.325609,36.84833,Non-Fatal,0,0,0,0,Other,1
2167,2018-04-23 12:33:00,2018-04-23,12,4,2018,Monday,-1.460696,36.963388,Non-Fatal,0,0,0,0,Other,1
2168,2018-04-23 15:07:00,2018-04-23,15,4,2018,Monday,-1.244826,36.867825,Non-Fatal,0,0,0,0,Other,1
2169,2018-04-23 15:28:00,2018-04-23,15,4,2018,Monday,-1.259469,36.8453475,Non-Fatal,0,0,0,0,Other,1
2170,2018-04-23 17:46:00,2018-04-23,17,4,2018,Monday,-1.300899,36.88814,Non-Fatal,0,0,0,0,Other,1
2171,2018-04-23 20:49:00,2018-04-23,20,4,2018,Monday,-1.252294,36.860699,Non-Fatal,0,0,0,0,Other,1
2172,2018-04-24 06:36:00,2018-04-24,6,4,2018,Tuesday,-1.323424,36.798903,Non-Fatal,0,0,0,0,Other,1
2173,2018-04-24 07:03:00,2018-04-24,7,4,2018,Tuesday,-1.354392,36.906625,Non-Fatal,0,0,0,0,Other,1
2174,2018-04-24 09:25:00,2018-04-24,9,4,2018,Tuesday,-1.261731,36.803244,Non-Fatal,0,0,0,0,Other,1
2175,2018-04-24 09:30:00,2018-04-24,9,4,2018,Tuesday,-1.1956,36.924899,Non-Fatal,0,0,0,1,Matatu,1
2176,2018-04-24 16:46:00,2018-04-24,16,4,2018,Tuesday,-1.269336,36.8322475,Non-Fatal,0,0,0,0,Other,1
2177,2018-04-24 22:17:00,2018-04-24,22,4,2018,Tuesday,-1.203611,36.916902,Non-Fatal,0,0,0,0,Other,1
2178,2018-04-25 06:52:00,2018-04-25,6,4,2018,Wednesday,-1.299065,36.826678,Non-Fatal,0,0,0,0,Other,1
2179,2018-04-25 10:14:00,2018-04-25,10,4,2018,Wednesday,-1.2896455,36.8101945,Non-Fatal,0,0,0,0,Other,1
2180,2018-04-25 12:06:00,2018-04-25,12,4,2018,Wednesday,-1.2740005,36.812214,Non-Fatal,0,0,0,0,Other,1
2181,2018-04-25 21:18:00,2018-04-25,21,4,2018,Wednesday,-1.225818,36.884752,Non-Fatal,0,0,0,0,Other,1
2182,2018-04-26 08:54:00,2018-04-26,8,4,2018,Thursday,-1.304827,36.826587,Non-Fatal,0,0,0,0,Other,1
2183,2018-04-26 13:40:00,2018-04-26,13,4,2018,Thursday,-1.331624,36.783613,Non-Fatal,0,0,0,0,Other,1
2184,2018-04-26 17:35:00,2018-04-26,17,4,2018,Thursday,-1.26106,36.768446,Non-Fatal,0,0,0,0,Other,1
2185,2018-04-26 18:09:00,2018-04-26,18,4,2018,Thursday,-1.3409175,36.767954,Non-Fatal,0,0,0,0,Other,1
2186,2018-04-26 21:01:00,2018-04-26,21,4,2018,Thursday,-1.255586,36.855654,Non-Fatal,0,0,0,0,Other,1
2187,2018-04-26 21:15:00,2018-04-26,21,4,2018,Thursday,-1.2521665,36.859396,Non-Fatal,0,0,0,0,Other,1
2188,2018-04-27 10:05:00,2018-04-27,10,4,2018,Friday,-1.2325915,36.8751665,Non-Fatal,0,0,0,0,Other,1
2189,2018-04-27 10:51:00,2018-04-27,10,4,2018,Friday,-1.106895,37.015932,Non-Fatal,0,0,0,0,Other,1
2190,2018-04-27 16:59:00,2018-04-27,16,4,2018,Friday,-1.243782,36.867959,Non-Fatal,0,0,0,0,Other,1
2191,2018-04-27 18:03:00,2018-04-27,18,4,2018,Friday,-1.282288,36.7367825,Non-Fatal,0,1,0,1,Pedestrian,1
2192,2018-04-27 18:22:00,2018-04-27,18,4,2018,Friday,-1.3317535,36.8884575,Non-Fatal,0,0,0,0,Other,1
2193,2018-04-27 18:32:00,2018-04-27,18,4,2018,Friday,-1.107634,37.014837,Non-Fatal,0,0,0,0,Other,1
2194,2018-04-30 06:12:00,2018-04-30,6,4,2018,Monday,-1.259462,36.844841,Non-Fatal,0,0,0,0,Other,1
2195,2018-04-30 15:40:00,2018-04-30,15,4,2018,Monday,-1.343127,36.901525,Non-Fatal,0,0,0,0,Other,1
2196,2018-04-30 15:50:00,2018-04-30,15,4,2018,Monday,-1.3495415,36.9044765,Non-Fatal,0,0,0,0,Other,1
2197,2018-04-30 20:09:00,2018-04-30,20,4,2018,Monday,-1.3262295,36.847005,Non-Fatal,0,0,0,0,Other,1
2198,2018-04-30 21:24:00,2018-04-30,21,4,2018,Monday,-1.230559,36.99016,Non-Fatal,0,0,0,0,Other,1
2199,2018-04-30 22:56:00,2018-04-30,22,4,2018,Monday,-1.2579845,36.7015875,Non-Fatal,0,0,0,0,Other,1
2200,2018-05-01 06:46:00,2018-05-01,6,5,2018,Tuesday,-1.311672,36.925171,Non-Fatal,0,0,0,0,Other,1
2201,2018-05-01 18:54:00,2018-05-01,18,5,2018,Tuesday,-1.190003,36.83959,Non-Fatal,0,0,1,0,Motorcycle,1
2202,2018-05-01 21:30:00,2018-05-01,21,5,2018,Tuesday,-1.329727,36.855435,Non-Fatal,0,0,0,0,Other,1
2203,2018-05-01 21:39:00,2018-05-01,21,5,2018,Tuesday,-1.331041,36.862618,Non-Fatal,0,0,0,0,Other,1
2204,2018-05-02 07:13:00,2018-05-02,7,5,2018,Wednesday,-0.939316,37.125202,Non-Fatal,0,0,0,0,Other,1
2205,2018-05-02 07:48:00,2018-05-02,7,5,2018,Wednesday,-1.2478825,36.8155065,Non-Fatal,0,0,0,0,Other,1
2206,2018-05-02 08:49:00,2018-05-02,8,5,2018,Wednesday,-1.301873,36.81666,Non-Fatal,0,0,0,0,Other,1
2207,2018-05-02 11:21:00,2018-05-02,11,5,2018,Wednesday,-1.3168165,36.834097,Non-Fatal,0,0,0,0,Other,1
2208,2018-05-02 11:53:00,2018-05-02,11,5,2018,Wednesday,-1.315755,36.813814,Non-Fatal,0,0,0,0,Other,1
2209,2018-05-02 11:54:00,2018-05-02,11,5,2018,Wednesday,-1.183489,36.838462,Non-Fatal,0,0,1,0,Motorcycle,1
2210,2018-05-02 16:01:00,2018-05-02,16,5,2018,Wednesday,-1.024367,37.06727,Non-Fatal,0,0,0,0,Other,1
2211,2018-05-02 17:45:00,2018-05-02,17,5,2018,Wednesday,-1.2857255,36.8823335,Non-Fatal,0,0,0,0,Other,1
2212,2018-05-02 17:46:00,2018-05-02,17,5,2018,Wednesday,-1.298336,36.802103,Non-Fatal,0,0,0,0,Other,1
2213,2018-05-02 18:33:00,2018-05-02,18,5,2018,Wednesday,-1.2256105,36.8849465,Non-Fatal,0,0,0,0,Other,1
2214,2018-05-03 08:37:00,2018-05-03,8,5,2018,Thursday,-1.3818805,36.770601,Non-Fatal,0,0,0,0,Other,1
2215,2018-05-03 10:57:00,2018-05-03,10,5,2018,Thursday,-1.331562,36.888179,Non-Fatal,0,0,0,1,Matatu,1
2216,2018-05-03 17:42:00,2018-05-03,17,5,2018,Thursday,-1.2810995,36.8225445,Non-Fatal,0,0,0,0,Other,1
2217,2018-05-03 18:47:00,2018-05-03,18,5,2018,Thursday,-1.0242485,37.0670165,Non-Fatal,0,0,0,0,Other,1
2218,2018-05-03 19:09:00,2018-05-03,19,5,2018,Thursday,-1.296187,36.861011,Non-Fatal,0,0,0,0,Other,1
2219,2018-05-03 19:19:00,2018-05-03,19,5,2018,Thursday,-1.297202,36.8752705,Non-Fatal,0,0,0,0,Other,1
2220,2018-05-03 19:23:00,2018-05-03,19,5,2018,Thursday,-1.2446395,36.8671316,Non-Fatal,0,0,0,0,Other,1
2221,2018-05-03 19:38:00,2018-05-03,19,5,2018,Thursday,-1.2266657,36.88365505,Non-Fatal,0,0,0,0,Other,1
2222,2018-05-03 19:46:00,2018-05-03,19,5,2018,Thursday,-1.221853,36.889219,Non-Fatal,0,0,0,0,Other,1
2223,2018-05-03 21:17:00,2018-05-03,21,5,2018,Thursday,-1.286496,36.835055,Non-Fatal,0,0,0,0,Other,1
2224,2018-05-04 06:15:00,2018-05-04,6,5,2018,Friday,-1.244933,36.8675495,Non-Fatal,0,0,0,0,Other,1
2225,2018-05-04 08:41:00,2018-05-04,8,5,2018,Friday,-1.244234,36.768329,Non-Fatal,0,0,0,0,Other,1
2226,2018-05-04 13:56:00,2018-05-04,13,5,2018,Friday,-1.087766,37.036788,Non-Fatal,0,0,0,0,Other,1
2227,2018-05-04 17:58:00,2018-05-04,17,5,2018,Friday,-1.2921995,36.8420185,Non-Fatal,0,0,0,0,Other,1
2228,2018-05-04 18:33:00,2018-05-04,18,5,2018,Friday,-1.087766,37.036788,Non-Fatal,0,0,0,0,Other,1
2229,2018-05-04 19:42:00,2018-05-04,19,5,2018,Friday,-1.259436,36.7766815,Non-Fatal,0,0,0,0,Other,1
2230,2018-05-04 20:14:00,2018-05-04,20,5,2018,Friday,-1.2787545,36.967989,Non-Fatal,0,0,0,0,Other,1
2231,2018-05-05 00:34:00,2018-05-05,0,5,2018,Saturday,-1.2340225,36.8724965,Non-Fatal,0,0,0,0,Other,1
2232,2018-05-05 07:10:00,2018-05-05,7,5,2018,Saturday,-1.2053893,36.9154736,Fatal,1,0,0,1,Matatu,1
2233,2018-05-05 08:52:00,2018-05-05,8,5,2018,Saturday,-1.2752995,36.823017,Non-Fatal,0,0,0,0,Other,1
2234,2018-05-05 09:15:00,2018-05-05,9,5,2018,Saturday,-1.2307315,36.877782,Non-Fatal,0,0,0,0,Other,1
2235,2018-05-05 14:08:00,2018-05-05,14,5,2018,Saturday,-1.218345,36.892792,Non-Fatal,0,0,0,0,Other,1
2236,2018-05-06 19:24:00,2018-05-06,19,5,2018,Sunday,-1.266845,36.834337,Non-Fatal,0,0,0,0,Other,1
2237,2018-05-07 06:08:00,2018-05-07,6,5,2018,Monday,-1.3194405,36.838222,Non-Fatal,0,0,0,0,Other,1
2238,2018-05-07 06:33:00,2018-05-07,6,5,2018,Monday,-1.2621755,36.87908,Non-Fatal,0,0,0,0,Other,1
2239,2018-05-07 06:52:00,2018-05-07,6,5,2018,Monday,-1.2104946,36.7895,Non-Fatal,0,0,0,0,Other,1
2240,2018-05-07 07:07:00,2018-05-07,7,5,2018,Monday,-1.273969,36.898657,Non-Fatal,0,0,0,0,Other,1
2241,2018-05-07 07:55:00,2018-05-07,7,5,2018,Monday,-1.298977,36.762755,Non-Fatal,0,0,0,0,Other,1
2242,2018-05-07 09:10:00,2018-05-07,9,5,2018,Monday,-1.285154,36.884024,Non-Fatal,0,0,0,0,Other,1
2243,2018-05-07 09:30:00,2018-05-07,9,5,2018,Monday,-1.3643565,36.9117825,Non-Fatal,0,0,0,0,Other,1
2244,2018-05-07 15:15:00,2018-05-07,15,5,2018,Monday,-1.270761,36.807176,Non-Fatal,0,0,0,0,Other,1
2245,2018-05-07 15:28:00,2018-05-07,15,5,2018,Monday,-1.329398,36.8708945,Non-Fatal,0,0,0,0,Other,1
2246,2018-05-07 15:56:00,2018-05-07,15,5,2018,Monday,-1.269274,36.8323415,Non-Fatal,0,0,0,0,Other,1
2247,2018-05-07 16:17:00,2018-05-07,16,5,2018,Monday,-1.264877,36.836224,Non-Fatal,0,0,0,0,Other,1
2248,2018-05-07 16:51:00,2018-05-07,16,5,2018,Monday,-1.112097,37.013013,Non-Fatal,0,0,0,0,Other,1
2249,2018-05-07 19:50:00,2018-05-07,19,5,2018,Monday,-1.25555,36.797538,Non-Fatal,0,0,0,0,Other,1
2250,2018-05-07 21:24:00,2018-05-07,21,5,2018,Monday,-1.31279,36.815837,Non-Fatal,0,0,1,0,Motorcycle,1
2251,2018-05-08 06:58:00,2018-05-08,6,5,2018,Tuesday,-1.3318088,36.78358505,Non-Fatal,0,0,0,0,Other,1
2252,2018-05-08 09:17:00,2018-05-08,9,5,2018,Tuesday,-1.29885815,36.88711895,Non-Fatal,0,0,0,0,Other,1
2253,2018-05-08 09:28:00,2018-05-08,9,5,2018,Tuesday,-1.33052,36.866298,Non-Fatal,0,0,0,0,Other,1
2254,2018-05-08 18:17:00,2018-05-08,18,5,2018,Tuesday,-1.255404,36.855952,Non-Fatal,0,0,0,0,Other,1
2255,2018-05-09 00:11:00,2018-05-09,0,5,2018,Wednesday,-1.2193635,36.891821,Non-Fatal,0,0,0,0,Other,1
2256,2018-05-09 05:54:00,2018-05-09,5,5,2018,Wednesday,-1.262347,36.7264045,Non-Fatal,0,0,0,0,Other,1
2257,2018-05-09 06:29:00,2018-05-09,6,5,2018,Wednesday,-1.329905,36.870669,Fatal,1,0,0,0,Other,1
2258,2018-05-09 08:14:00,2018-05-09,8,5,2018,Wednesday,-1.2963355,36.761272,Non-Fatal,0,0,0,0,Other,1
2259,2018-05-09 10:56:00,2018-05-09,10,5,2018,Wednesday,-1.215286,36.85044,Non-Fatal,0,0,0,0,Other,1
2260,2018-05-09 13:08:00,2018-05-09,13,5,2018,Wednesday,-1.331713,36.888642,Non-Fatal,0,0,0,0,Other,1
2261,2018-05-09 14:25:00,2018-05-09,14,5,2018,Wednesday,-1.323823,36.799103,Non-Fatal,0,0,0,1,Matatu,1
2262,2018-05-09 14:41:00,2018-05-09,14,5,2018,Wednesday,-1.260815,36.71673,Non-Fatal,0,0,0,0,Other,1
2263,2018-05-10 10:46:00,2018-05-10,10,5,2018,Thursday,-1.422998,36.955802,Non-Fatal,0,0,0,0,Other,1
2264,2018-05-10 13:36:00,2018-05-10,13,5,2018,Thursday,-1.2594625,36.776659,Non-Fatal,0,0,0,1,Matatu,1
2265,2018-05-10 15:49:00,2018-05-10,15,5,2018,Thursday,-1.443317,36.988859,Non-Fatal,0,0,0,0,Other,1
2266,2018-05-10 16:02:00,2018-05-10,16,5,2018,Thursday,-1.1294739,36.9890355,Non-Fatal,0,0,0,0,Other,1
2267,2018-05-10 16:09:00,2018-05-10,16,5,2018,Thursday,-1.435227,36.966443,Non-Fatal,0,0,0,0,Other,1
2268,2018-05-10 18:25:00,2018-05-10,18,5,2018,Thursday,-1.2783295,36.821644,Non-Fatal,0,0,0,0,Other,1
2269,2018-05-10 21:36:00,2018-05-10,21,5,2018,Thursday,-1.3018475,36.8879345,Non-Fatal,0,0,0,0,Other,1
2270,2018-05-10 21:42:00,2018-05-10,21,5,2018,Thursday,-1.334742,36.7799345,Non-Fatal,0,0,0,0,Other,1
2271,2018-05-11 06:13:00,2018-05-11,6,5,2018,Friday,-1.329272,36.8555745,Non-Fatal,0,0,0,0,Other,1
2272,2018-05-11 08:10:00,2018-05-11,8,5,2018,Friday,-1.313305,36.806939,Non-Fatal,0,0,0,0,Other,1
2273,2018-05-11 08:48:00,2018-05-11,8,5,2018,Friday,-1.2451465,36.8663245,Non-Fatal,0,0,0,0,Other,1
2274,2018-05-11 17:57:00,2018-05-11,17,5,2018,Friday,-1.243128,36.792154,Non-Fatal,0,0,0,0,Other,1
2275,2018-05-11 21:49:00,2018-05-11,21,5,2018,Friday,-1.330175,36.8705935,Non-Fatal,0,0,0,0,Other,1
2276,2018-05-12 09:47:00,2018-05-12,9,5,2018,Saturday,-1.1296645,36.988721,Non-Fatal,0,0,0,0,Other,1
2277,2018-05-12 10:00:00,2018-05-12,10,5,2018,Saturday,-1.1330575,36.973908,Non-Fatal,0,0,0,0,Other,1
2278,2018-05-12 19:36:00,2018-05-12,19,5,2018,Saturday,-1.779366,36.8227385,Non-Fatal,0,0,0,0,Other,1
2279,2018-05-13 00:43:00,2018-05-13,0,5,2018,Sunday,-1.317361,36.8349615,Non-Fatal,0,0,0,0,Other,1
2280,2018-05-13 14:30:00,2018-05-13,14,5,2018,Sunday,-1.3320595,36.8604535,Non-Fatal,0,0,0,0,Other,1
2281,2018-05-13 16:01:00,2018-05-13,16,5,2018,Sunday,-1.2340735,36.8734185,Non-Fatal,0,0,0,0,Other,1
2282,2018-05-13 21:36:00,2018-05-13,21,5,2018,Sunday,-1.235349,36.872522,Non-Fatal,0,0,0,0,Other,1
2283,2018-05-14 07:09:00,2018-05-14,7,5,2018,Monday,-1.2174368,36.8552136,Non-Fatal,0,0,0,0,Other,1
2284,2018-05-14 08:34:00,2018-05-14,8,5,2018,Monday,-1.0242565,37.067192,Non-Fatal,0,0,0,0,Other,1
2285,2018-05-14 08:52:00,2018-05-14,8,5,2018,Monday,-1.3157665,36.8138205,Non-Fatal,0,0,0,0,Other,1
2286,2018-05-14 11:42:00,2018-05-14,11,5,2018,Monday,-1.299963,36.781833,Non-Fatal,0,1,0,0,Pedestrian,1
2287,2018-05-14 18:41:00,2018-05-14,18,5,2018,Monday,-1.356921,36.761957,Non-Fatal,0,0,0,1,Matatu,1
2288,2018-05-15 16:11:00,2018-05-15,16,5,2018,Tuesday,-1.364719,36.911405,Non-Fatal,0,0,0,0,Other,1
2289,2018-05-15 20:50:00,2018-05-15,20,5,2018,Tuesday,-1.117856,37.008992,Non-Fatal,0,0,0,0,Other,1
2290,2018-05-16 11:21:00,2018-05-16,11,5,2018,Wednesday,-1.334893,36.7796745,Non-Fatal,0,0,0,0,Other,1
2291,2018-05-16 12:58:00,2018-05-16,12,5,2018,Wednesday,-1.170503,36.707835,Non-Fatal,0,0,0,0,Other,1
2292,2018-05-16 13:42:00,2018-05-16,13,5,2018,Wednesday,-1.298538,36.886425,Non-Fatal,0,0,0,0,Other,1
2293,2018-05-16 15:10:00,2018-05-16,15,5,2018,Wednesday,-1.275658,36.8230065,Non-Fatal,0,0,0,0,Other,1
2294,2018-05-16 15:11:00,2018-05-16,15,5,2018,Wednesday,-1.3230235,36.8999025,Non-Fatal,0,0,0,0,Other,1
2295,2018-05-16 18:19:00,2018-05-16,18,5,2018,Wednesday,-1.220197,36.8891455,Non-Fatal,0,0,0,0,Other,1
2296,2018-05-17 06:47:00,2018-05-17,6,5,2018,Thursday,-1.298538,36.886425,Non-Fatal,0,0,0,0,Other,1
2297,2018-05-17 07:04:00,2018-05-17,7,5,2018,Thursday,-1.393512,36.764927,Non-Fatal,0,0,0,1,Matatu,1
2298,2018-05-17 07:28:00,2018-05-17,7,5,2018,Thursday,-1.258084,36.701765,Non-Fatal,0,0,0,0,Other,1
2299,2018-05-17 12:04:00,2018-05-17,12,5,2018,Thursday,-1.2594795,36.7766165,Non-Fatal,0,0,0,0,Other,1
2300,2018-05-17 21:41:00,2018-05-17,21,5,2018,Thursday,-1.259688,36.767516,Non-Fatal,0,0,0,0,Other,1
2301,2018-05-17 21:48:00,2018-05-17,21,5,2018,Thursday,-1.483805,37.048448,Non-Fatal,0,0,0,0,Other,1
2302,2018-05-17 23:44:00,2018-05-17,23,5,2018,Thursday,-1.241273,36.813523,Non-Fatal,0,0,0,0,Other,1
2303,2018-05-18 06:18:00,2018-05-18,6,5,2018,Friday,-0.4330345,35.972662,Non-Fatal,0,0,0,0,Other,1
2304,2018-05-18 06:28:00,2018-05-18,6,5,2018,Friday,-1.26403,36.7542435,Non-Fatal,0,0,0,0,Other,1
2305,2018-05-18 08:26:00,2018-05-18,8,5,2018,Friday,-1.326761,36.8455975,Non-Fatal,0,0,0,0,Other,1
2306,2018-05-18 17:55:00,2018-05-18,17,5,2018,Friday,-1.286123,36.826727,Non-Fatal,0,0,0,0,Other,1
2307,2018-05-18 19:33:00,2018-05-18,19,5,2018,Friday,-1.125042,37.002965,Non-Fatal,0,0,0,0,Other,1
2308,2018-05-18 20:37:00,2018-05-18,20,5,2018,Friday,-1.181747,36.937396,Non-Fatal,0,0,0,0,Other,1
2309,2018-05-18 20:43:00,2018-05-18,20,5,2018,Friday,-1.293221,36.943775,Fatal,1,0,1,0,Motorcycle,1
2310,2018-05-18 22:04:00,2018-05-18,22,5,2018,Friday,-1.268505,36.820928,Non-Fatal,0,0,0,1,Matatu,1
2311,2018-05-19 01:00:00,2018-05-19,1,5,2018,Saturday,-1.2592245,36.789415,Non-Fatal,0,0,0,0,Other,1
2312,2018-05-19 07:33:00,2018-05-19,7,5,2018,Saturday,-1.266046,36.83483,Non-Fatal,0,0,0,0,Other,1
2313,2018-05-19 09:00:00,2018-05-19,9,5,2018,Saturday,-1.317817,36.835042,Non-Fatal,0,0,0,0,Other,1
2314,2018-05-19 10:54:00,2018-05-19,10,5,2018,Saturday,-1.304878,36.8263635,Non-Fatal,0,0,0,0,Other,1
2315,2018-05-19 11:29:00,2018-05-19,11,5,2018,Saturday,-1.099692,37.023466,Non-Fatal,0,0,0,0,Other,1
2316,2018-05-19 13:56:00,2018-05-19,13,5,2018,Saturday,-1.254829,36.6926665,Non-Fatal,0,0,0,0,Other,1
2317,2018-05-19 17:25:00,2018-05-19,17,5,2018,Saturday,-1.307425,36.889886,Non-Fatal,0,0,0,0,Other,1
2318,2018-05-20 00:21:00,2018-05-20,0,5,2018,Sunday,-1.352301,36.762878,Non-Fatal,0,0,0,0,Other,1
2319,2018-05-20 00:22:00,2018-05-20,0,5,2018,Sunday,-1.365748,36.7666595,Non-Fatal,0,0,0,0,Other,1
2320,2018-05-20 04:58:00,2018-05-20,4,5,2018,Sunday,-1.299682,36.7872335,Fatal,1,0,0,0,Other,1
2321,2018-05-20 10:13:00,2018-05-20,10,5,2018,Sunday,-4.0306665,39.6399445,Non-Fatal,0,0,0,0,Other,1
2322,2018-05-20 23:41:00,2018-05-20,23,5,2018,Sunday,-1.282115,36.815266,Non-Fatal,0,0,0,0,Other,1
2323,2018-05-21 06:36:00,2018-05-21,6,5,2018,Monday,-1.298863,36.8927995,Non-Fatal,0,0,0,0,Other,1
2324,2018-05-21 07:19:00,2018-05-21,7,5,2018,Monday,-1.2810975,36.822497,Non-Fatal,0,0,0,0,Other,1
2325,2018-05-21 07:34:00,2018-05-21,7,5,2018,Monday,-1.2696,36.806995,Non-Fatal,0,0,0,0,Other,1
2326,2018-05-21 12:48:00,2018-05-21,12,5,2018,Monday,-1.211085,36.874236,Non-Fatal,0,0,0,0,Other,1
2327,2018-05-21 19:47:00,2018-05-21,19,5,2018,Monday,-1.221144,36.89023,Non-Fatal,0,0,0,0,Other,1
2328,2018-05-21 21:39:00,2018-05-21,21,5,2018,Monday,-1.196024,36.925287,Non-Fatal,0,0,0,0,Other,1
2329,2018-05-21 21:40:00,2018-05-21,21,5,2018,Monday,-1.2040309,36.9168058,Non-Fatal,0,0,0,0,Other,1
2330,2018-05-22 06:42:00,2018-05-22,6,5,2018,Tuesday,-1.35951,36.907839,Non-Fatal,0,1,0,0,Pedestrian,1
2331,2018-05-22 07:08:00,2018-05-22,7,5,2018,Tuesday,-1.2658575,36.802406,Non-Fatal,0,0,0,0,Other,1
2332,2018-05-22 07:12:00,2018-05-22,7,5,2018,Tuesday,-1.2106075,36.789571,Non-Fatal,0,0,0,0,Other,1
2333,2018-05-22 09:52:00,2018-05-22,9,5,2018,Tuesday,-1.2996565,36.787266,Non-Fatal,0,0,0,0,Other,1
2334,2018-05-22 12:37:00,2018-05-22,12,5,2018,Tuesday,-1.290739,36.947409,Non-Fatal,0,0,0,0,Other,1
2335,2018-05-22 15:04:00,2018-05-22,15,5,2018,Tuesday,-1.2622625,36.8789525,Non-Fatal,0,0,0,0,Other,1
2336,2018-05-22 19:04:00,2018-05-22,19,5,2018,Tuesday,-1.309716,36.805007,Non-Fatal,0,0,1,0,Motorcycle,1
2337,2018-05-22 21:27:00,2018-05-22,21,5,2018,Tuesday,-1.316739,36.833961,Non-Fatal,0,0,0,0,Other,1
2338,2018-05-22 23:20:00,2018-05-22,23,5,2018,Tuesday,-1.2976315,36.8696935,Non-Fatal,0,0,0,0,Other,1
2339,2018-05-23 06:26:00,2018-05-23,6,5,2018,Wednesday,-1.260647,36.841915,Non-Fatal,0,0,0,0,Other,1
2340,2018-05-23 07:12:00,2018-05-23,7,5,2018,Wednesday,-1.42741,36.95951,Non-Fatal,0,0,0,0,Other,1
2341,2018-05-23 07:16:00,2018-05-23,7,5,2018,Wednesday,-1.410445,36.948864,Non-Fatal,0,0,0,0,Other,1
2342,2018-05-23 07:25:00,2018-05-23,7,5,2018,Wednesday,-1.419949,36.954017,Non-Fatal,0,0,0,0,Other,1
2343,2018-05-23 14:35:00,2018-05-23,14,5,2018,Wednesday,-1.170503,36.707835,Non-Fatal,0,0,0,0,Other,1
2344,2018-05-23 15:07:00,2018-05-23,15,5,2018,Wednesday,-1.3003837,36.7690742,Non-Fatal,0,0,0,0,Other,1
2345,2018-05-23 16:16:00,2018-05-23,16,5,2018,Wednesday,-1.3520385,36.762872,Non-Fatal,0,0,0,0,Other,1
2346,2018-05-23 17:28:00,2018-05-23,17,5,2018,Wednesday,-1.328492,36.881012,Non-Fatal,0,0,0,0,Other,1
2347,2018-05-23 18:11:00,2018-05-23,18,5,2018,Wednesday,-1.2807625,36.8219925,Non-Fatal,0,0,0,0,Other,1
2348,2018-05-23 20:25:00,2018-05-23,20,5,2018,Wednesday,-1.331418,36.88816455,Non-Fatal,0,0,0,0,Other,1
2349,2018-05-24 06:16:00,2018-05-24,6,5,2018,Thursday,-1.29748,36.885739,Non-Fatal,0,0,0,0,Other,1
2350,2018-05-24 12:26:00,2018-05-24,12,5,2018,Thursday,-1.2654405,36.802761,Non-Fatal,0,1,0,0,Pedestrian,1
2351,2018-05-24 13:38:00,2018-05-24,13,5,2018,Thursday,-1.284668,36.8250785,Non-Fatal,0,0,0,0,Other,1
2352,2018-05-24 17:31:00,2018-05-24,17,5,2018,Thursday,-1.269872,36.836251,Non-Fatal,0,0,0,0,Other,1
2353,2018-05-24 18:25:00,2018-05-24,18,5,2018,Thursday,-1.255121,36.856045,Non-Fatal,0,0,0,0,Other,1
2354,2018-05-24 18:49:00,2018-05-24,18,5,2018,Thursday,-1.2341045,36.873421,Non-Fatal,0,0,0,0,Other,1
2355,2018-05-24 19:28:00,2018-05-24,19,5,2018,Thursday,-1.262843,36.764477,Non-Fatal,0,0,0,0,Other,1
2356,2018-05-25 06:02:00,2018-05-25,6,5,2018,Friday,-1.352205,36.762873,Non-Fatal,0,0,0,0,Other,1
2357,2018-05-25 06:32:00,2018-05-25,6,5,2018,Friday,-1.2918355,36.805642,Non-Fatal,0,0,0,0,Other,1
2358,2018-05-25 08:33:00,2018-05-25,8,5,2018,Friday,-1.260786,36.716693,Non-Fatal,0,0,0,0,Other,1
2359,2018-05-25 08:41:00,2018-05-25,8,5,2018,Friday,-1.0681025,37.050875,Non-Fatal,0,0,0,0,Other,1
2360,2018-05-25 11:16:00,2018-05-25,11,5,2018,Friday,-1.2551185,36.856014,Non-Fatal,0,0,0,0,Other,1
2361,2018-06-08 05:26:00,2018-06-08,5,6,2018,Friday,-1.528807,37.1267235,Non-Fatal,0,0,0,1,Matatu,4
2362,2018-06-15 13:30:00,2018-06-15,13,6,2018,Friday,-1.29236975,36.84304025,Non-Fatal,0,0,0,0,Other,2
2363,2018-07-04 07:19:00,2018-07-04,7,7,2018,Wednesday,-2.079735,37.4729565,Fatal,1,0,0,0,Other,3
2364,2018-05-27 17:48:00,2018-05-27,17,5,2018,Sunday,-1.264186,36.731611,Non-Fatal,0,0,0,0,Other,3
2365,2018-05-28 19:35:00,2018-05-28,19,5,2018,Monday,-1.2641145,36.811623,Non-Fatal,0,0,0,0,Other,2
2366,2018-05-31 09:05:00,2018-05-31,9,5,2018,Thursday,-1.314641,36.8942375,Non-Fatal,0,1,0,0,Pedestrian,2
2367,2018-05-31 20:11:00,2018-05-31,20,5,2018,Thursday,-1.131297,36.982169,Non-Fatal,0,0,0,1,Matatu,3
2368,2018-05-31 21:16:00,2018-05-31,21,5,2018,Thursday,-1.12957395,36.98866,Non-Fatal,0,0,0,0,Other,4
2369,2018-06-01 10:45:00,2018-06-01,10,6,2018,Friday,-1.2601895,36.770802,Non-Fatal,0,0,0,0,Other,2
2370,2018-06-02 08:50:00,2018-06-02,8,6,2018,Saturday,-1.3227795,36.8990905,Non-Fatal,0,0,0,1,Matatu,4
2371,2018-06-02 10:47:00,2018-06-02,10,6,2018,Saturday,-1.296297,36.774477,Non-Fatal,0,0,0,0,Other,2
2372,2018-06-03 18:07:00,2018-06-03,18,6,2018,Sunday,-1.26084225,36.79574475,Non-Fatal,0,0,0,1,Matatu,2
2373,2018-06-05 11:33:00,2018-06-05,11,6,2018,Tuesday,-1.164525345,36.95722745,Non-Fatal,0,0,0,0,Other,3
2374,2018-06-06 08:26:00,2018-06-06,8,6,2018,Wednesday,-1.3384985,36.7699315,Non-Fatal,0,0,0,0,Other,2
2375,2018-06-07 21:49:00,2018-06-07,21,6,2018,Thursday,-1.316698,36.8339595,Non-Fatal,0,0,0,0,Other,2
2376,2018-06-10 13:46:00,2018-06-10,13,6,2018,Sunday,-1.124903,37.003405,Non-Fatal,0,0,0,0,Other,2
2377,2018-06-10 13:49:00,2018-06-10,13,6,2018,Sunday,-1.12955795,36.98887425,Non-Fatal,0,0,0,0,Other,8
2378,2018-06-12 07:15:00,2018-06-12,7,6,2018,Tuesday,-1.298511,36.762132,Non-Fatal,0,0,0,0,Other,2
2379,2018-06-12 07:20:00,2018-06-12,7,6,2018,Tuesday,-1.26307275,36.80231575,Non-Fatal,0,0,0,0,Other,2
2380,2018-06-12 08:01:00,2018-06-12,8,6,2018,Tuesday,-1.195495,36.9246875,Non-Fatal,0,0,0,1,Matatu,2
2381,2018-06-13 07:27:00,2018-06-13,7,6,2018,Wednesday,-1.2646,36.738673,Non-Fatal,0,0,0,0,Other,2
2382,2018-06-13 10:31:00,2018-06-13,10,6,2018,Wednesday,-2.014975,37.372785,Fatal,1,0,0,0,Other,4
2383,2018-06-13 17:50:00,2018-06-13,17,6,2018,Wednesday,-1.129642,36.988713,Non-Fatal,0,0,0,0,Other,4
2384,2018-06-13 19:41:00,2018-06-13,19,6,2018,Wednesday,-1.266839,36.834049,Non-Fatal,0,0,0,0,Other,3
2385,2018-06-14 08:05:00,2018-06-14,8,6,2018,Thursday,-1.291594455,36.8222174,Non-Fatal,0,0,0,1,Matatu,4
2386,2018-06-14 21:34:00,2018-06-14,21,6,2018,Thursday,-1.25692025,36.85478325,Non-Fatal,0,0,1,0,Motorcycle,2
2387,2018-06-16 18:27:00,2018-06-16,18,6,2018,Saturday,-1.32948575,36.87121875,Non-Fatal,0,0,0,0,Other,2
2388,2018-06-21 10:00:00,2018-06-21,10,6,2018,Thursday,-1.3596845,36.907341,Non-Fatal,0,0,0,0,Other,2
2389,2018-06-22 05:47:00,2018-06-22,5,6,2018,Friday,-1.344114,36.902572,Non-Fatal,0,0,1,0,Motorcycle,3
2390,2018-06-25 09:50:00,2018-06-25,9,6,2018,Monday,-1.2981625,36.8018855,Fatal,1,0,0,0,Other,2
2391,2018-06-26 06:15:00,2018-06-26,6,6,2018,Tuesday,-1.204517,36.916251,Non-Fatal,0,0,0,0,Other,2
2392,2018-06-26 08:04:00,2018-06-26,8,6,2018,Tuesday,-1.3302695,36.889576,Non-Fatal,0,0,0,0,Other,2
2393,2018-06-27 06:31:00,2018-06-27,6,6,2018,Wednesday,-1.2700295,36.8268965,Non-Fatal,0,0,0,0,Other,3
2394,2018-06-27 16:38:00,2018-06-27,16,6,2018,Wednesday,-1.284868,36.820474,Non-Fatal,0,0,0,0,Other,2
2395,2018-06-30 07:20:00,2018-06-30,7,6,2018,Saturday,-1.20462382,36.91617059,Non-Fatal,0,0,0,0,Other,15
2396,2018-06-30 07:52:00,2018-06-30,7,6,2018,Saturday,-1.211147691,36.90657324,Non-Fatal,0,0,0,0,Other,4
2397,2018-07-01 19:07:00,2018-07-01,19,7,2018,Sunday,-1.2319215,36.878174,Non-Fatal,0,0,0,0,Other,3
2398,2018-07-03 06:25:00,2018-07-03,6,7,2018,Tuesday,-1.3432145,36.7666795,Non-Fatal,0,0,0,1,Matatu,2
2399,2018-07-04 07:26:00,2018-07-04,7,7,2018,Wednesday,-2.019608,37.377723,Fatal,1,0,0,0,Other,2
2400,2018-07-05 07:46:00,2018-07-05,7,7,2018,Thursday,-1.26414054,36.75601916,Non-Fatal,0,0,0,0,Other,4
2401,2018-07-06 07:32:00,2018-07-06,7,7,2018,Friday,-1.325388597,36.84872686,Fatal,1,1,0,0,Pedestrian,7
2402,2018-07-07 15:28:00,2018-07-07,15,7,2018,Saturday,-1.4089685,36.9476855,Non-Fatal,0,0,0,1,Matatu,3
2403,2018-07-07 16:00:00,2018-07-07,16,7,2018,Saturday,-1.320155,36.8395355,Non-Fatal,0,1,0,0,Pedestrian,3
2404,2018-07-08 09:57:00,2018-07-08,9,7,2018,Sunday,-1.3208305,36.8084,Non-Fatal,0,0,0,0,Other,2
2405,2018-07-09 11:23:00,2018-07-09,11,7,2018,Monday,-1.143242,36.9664115,Non-Fatal,0,0,0,0,Other,2
2406,2018-07-10 07:25:00,2018-07-10,7,7,2018,Tuesday,-1.240019903,36.67550564,Fatal,1,0,0,1,Matatu,12
2407,2018-07-10 08:16:00,2018-07-10,8,7,2018,Tuesday,-1.227806,36.66455,Non-Fatal,0,0,0,0,Other,2
2408,2018-07-11 06:07:00,2018-07-11,6,7,2018,Wednesday,-1.346106243,36.90258728,Non-Fatal,0,0,0,0,Other,10
2409,2018-07-13 17:24:00,2018-07-13,17,7,2018,Friday,-1.25628572,36.85527114,Non-Fatal,0,0,0,0,Other,2
2410,2018-07-14 07:58:00,2018-07-14,7,7,2018,Saturday,-1.2737405,36.813137,Non-Fatal,0,0,0,0,Other,2
2411,2018-07-15 11:33:00,2018-07-15,11,7,2018,Sunday,-1.050403,37.058077,Non-Fatal,0,0,0,1,Matatu,3
2412,2018-07-16 08:10:00,2018-07-16,8,7,2018,Monday,-1.325446,36.848511,Non-Fatal,0,0,0,0,Other,2
2413,2018-07-17 06:25:00,2018-07-17,6,7,2018,Tuesday,-1.26051814,36.84258859,Non-Fatal,0,0,0,0,Other,2
2414,2018-07-17 11:04:00,2018-07-17,11,7,2018,Tuesday,-1.3236809,36.8443572,Non-Fatal,0,0,0,0,Other,2
2415,2018-07-18 18:09:00,2018-07-18,18,7,2018,Wednesday,-1.182253335,36.93728017,Non-Fatal,0,0,1,0,Motorcycle,2
2416,2018-07-19 09:11:00,2018-07-19,9,7,2018,Thursday,-1.28089129,36.81678868,Non-Fatal,0,0,1,0,Motorcycle,3
2417,2018-07-19 13:26:00,2018-07-19,13,7,2018,Thursday,-1.27013784,36.8071035,Non-Fatal,0,0,0,0,Other,4
2418,2018-07-19 17:44:00,2018-07-19,17,7,2018,Thursday,-1.273351,36.813615,Non-Fatal,0,0,0,0,Other,2
2419,2018-07-20 06:15:00,2018-07-20,6,7,2018,Friday,-1.2310229,36.8783239,Non-Fatal,0,0,0,0,Other,3
2420,2018-07-20 12:24:00,2018-07-20,12,7,2018,Friday,-1.260259925,36.77113503,Non-Fatal,0,0,0,0,Other,3
2421,2018-07-21 14:58:00,2018-07-21,14,7,2018,Saturday,-1.25628572,36.85527114,Non-Fatal,0,0,0,0,Other,2
2422,2018-07-24 13:05:00,2018-07-24,13,7,2018,Tuesday,-1.330512853,36.86594675,Fatal,1,0,0,0,Other,49
2423,2018-07-24 13:24:00,2018-07-24,13,7,2018,Tuesday,-1.329132,36.877385,Non-Fatal,0,0,0,0,Other,4
2424,2018-07-24 15:25:00,2018-07-24,15,7,2018,Tuesday,-1.328961,36.883844,Non-Fatal,0,0,0,0,Other,2
2425,2018-07-24 19:28:00,2018-07-24,19,7,2018,Tuesday,-1.2563527,36.8552737,Non-Fatal,0,0,1,0,Motorcycle,2
2426,2018-07-25 08:50:00,2018-07-25,8,7,2018,Wednesday,-1.3196244,36.8383712,Non-Fatal,0,0,0,0,Other,2
2427,2018-07-26 06:48:00,2018-07-26,6,7,2018,Thursday,-1.418857,36.9533395,Non-Fatal,0,0,0,0,Other,3
2428,2018-07-26 08:03:00,2018-07-26,8,7,2018,Thursday,-1.329803,36.8556445,Non-Fatal,0,0,0,0,Other,2
2429,2018-07-26 21:12:00,2018-07-26,21,7,2018,Thursday,-1.169529,36.969956,Non-Fatal,0,0,0,0,Other,2
2430,2018-07-27 10:24:00,2018-07-27,10,7,2018,Friday,-1.3648865,36.911607,Fatal,1,0,0,0,Other,2
2431,2018-07-27 17:12:00,2018-07-27,17,7,2018,Friday,-1.203625,36.91691148,Fatal,1,1,0,0,Pedestrian,3
2432,2018-07-27 20:18:00,2018-07-27,20,7,2018,Friday,-1.33239295,36.7826791,Non-Fatal,0,0,0,0,Other,2
2433,2018-07-28 09:19:00,2018-07-28,9,7,2018,Saturday,-1.259476,36.774409,Non-Fatal,0,0,0,0,Other,2
2434,2017-12-30 19:16:00,2017-12-30,19,12,2017,Saturday,-1.2196018,36.891219,Non-Fatal,0,0,0,0,Other,2
2435,2017-12-29 17:49:00,2017-12-29,17,12,2017,Friday,-1.212943,36.659981,Non-Fatal,0,0,0,0,Other,2
2436,2017-12-27 13:01:00,2017-12-27,13,12,2017,Wednesday,-1.297097,36.875643,Non-Fatal,0,0,0,0,Other,2
2437,2018-03-08 10:26:00,2018-03-08,10,3,2018,Thursday,-1.3287405,36.7996985,Non-Fatal,0,0,0,0,Other,3
2438,2018-03-08 03:12:00,2018-03-08,3,3,2018,Thursday,-1.329384,36.79988325,Non-Fatal,0,0,0,0,Other,4
2439,2018-03-06 09:29:00,2018-03-06,9,3,2018,Tuesday,-1.3440685,36.902356,Fatal,1,0,0,0,Other,2
2440,2018-03-06 04:28:00,2018-03-06,4,3,2018,Tuesday,-1.343441717,36.90155477,Fatal,1,0,0,0,Other,3
2441,2018-03-05 03:20:00,2018-03-05,3,3,2018,Monday,-1.297309272,36.88605308,Non-Fatal,0,0,0,1,Matatu,11
2442,2018-03-05 06:09:00,2018-03-05,6,3,2018,Monday,-1.25936,36.7691215,Non-Fatal,0,0,0,0,Other,3
2443,2018-03-05 06:16:00,2018-03-05,6,3,2018,Monday,-1.20439575,36.91646725,Non-Fatal,0,0,0,0,Other,2
2444,2018-03-04 21:25:00,2018-03-04,21,3,2018,Sunday,-1.234812116,36.87302461,Fatal,1,0,0,0,Other,3
2445,2018-03-04 21:39:00,2018-03-04,21,3,2018,Sunday,-1.181749,36.937413,Non-Fatal,0,0,0,0,Other,3
2446,2018-03-04 20:45:00,2018-03-04,20,3,2018,Sunday,-0.805787,36.5328905,Non-Fatal,0,0,0,0,Other,3
2447,2018-03-03 14:55:00,2018-03-03,14,3,2018,Saturday,-1.244914475,36.86689433,Non-Fatal,0,0,0,0,Other,3
2448,2018-03-09 20:12:00,2018-03-09,20,3,2018,Friday,-1.328073,36.892506,Non-Fatal,0,0,0,0,Other,2
2449,2018-01-01 00:25:00,2018-01-01,0,1,2018,Monday,-1.18872225,36.9314745,Non-Fatal,0,0,0,0,Other,2
2450,2018-01-01 02:02:00,2018-01-01,2,1,2018,Monday,-0.671004,37.2039285,Non-Fatal,0,0,0,0,Other,3
2451,2018-01-02 07:23:00,2018-01-02,7,1,2018,Tuesday,-1.2641245,36.7459925,Non-Fatal,0,0,0,1,Matatu,5
2452,2018-01-02 07:37:00,2018-01-02,7,1,2018,Tuesday,-1.2640605,36.75428025,Non-Fatal,0,0,0,0,Other,4
2453,2018-01-02 12:54:00,2018-01-02,12,1,2018,Tuesday,-1.328538039,36.880776,Non-Fatal,0,1,0,0,Pedestrian,8
2454,2018-01-02 13:08:00,2018-01-02,13,1,2018,Tuesday,-1.33004845,36.86930725,Fatal,1,1,0,0,Pedestrian,2
2455,2018-01-03 01:05:00,2018-01-03,1,1,2018,Wednesday,-1.284994425,36.82015008,Non-Fatal,0,0,0,0,Other,9
2456,2018-01-03 03:13:00,2018-01-03,3,1,2018,Wednesday,-1.3167865,36.83380875,Non-Fatal,0,0,0,0,Other,2
2457,2018-01-03 05:06:00,2018-01-03,5,1,2018,Wednesday,-1.328453083,36.88061276,Non-Fatal,0,0,0,0,Other,8
2458,2018-01-03 08:24:00,2018-01-03,8,1,2018,Wednesday,-1.2039545,36.916767,Non-Fatal,0,0,0,0,Other,2
2459,2018-01-05 07:09:00,2018-01-05,7,1,2018,Friday,-1.23225175,36.87598,Non-Fatal,0,0,0,1,Matatu,6
2460,2018-01-06 17:36:00,2018-01-06,17,1,2018,Saturday,-1.31678975,36.83380675,Non-Fatal,0,0,0,0,Other,2
2461,2018-01-07 02:25:00,2018-01-07,2,1,2018,Sunday,-1.32347355,36.84469453,Fatal,1,0,0,0,Other,3
2462,2018-01-07 09:38:00,2018-01-07,9,1,2018,Sunday,-1.262866544,36.76474102,Non-Fatal,0,0,0,0,Other,14
2463,2018-01-08 02:49:00,2018-01-08,2,1,2018,Monday,-1.260268541,36.84336081,Fatal,1,1,0,0,Pedestrian,6
2464,2018-01-08 05:10:00,2018-01-08,5,1,2018,Monday,-1.289635178,36.76159164,Non-Fatal,0,0,0,1,Matatu,5
2465,2018-01-08 10:11:00,2018-01-08,10,1,2018,Monday,-1.233480252,36.87477535,Non-Fatal,0,0,0,0,Other,7
2466,2018-01-08 10:26:00,2018-01-08,10,1,2018,Monday,-1.2448625,36.86691,Non-Fatal,0,0,0,0,Other,3
2467,2018-01-09 03:41:00,2018-01-09,3,1,2018,Tuesday,-3.09128004,38.49272812,Fatal,1,0,0,0,Other,5
2468,2018-01-10 00:42:00,2018-01-10,0,1,2018,Wednesday,-1.264316,36.740057,Non-Fatal,0,0,0,1,Matatu,2
2469,2018-01-11 14:29:00,2018-01-11,14,1,2018,Thursday,-1.2568653,36.85500857,Non-Fatal,0,0,0,1,Matatu,2
2470,2018-01-11 14:53:00,2018-01-11,14,1,2018,Thursday,-1.260772,36.842033,Non-Fatal,0,0,0,0,Other,2
2471,2018-01-12 01:14:00,2018-01-12,1,1,2018,Friday,-1.256693,36.854704,Non-Fatal,0,0,0,0,Other,2
2472,2018-01-12 01:38:00,2018-01-12,1,1,2018,Friday,-1.260772,36.842033,Non-Fatal,0,0,0,0,Other,2
2473,2018-01-12 07:08:00,2018-01-12,7,1,2018,Friday,-1.289615106,36.76104187,Non-Fatal,0,0,0,0,Other,5
2474,2018-01-13 05:56:00,2018-01-13,5,1,2018,Saturday,-1.259966,36.843747,Fatal,1,0,0,1,Matatu,2
2475,2018-01-13 11:32:00,2018-01-13,11,1,2018,Saturday,-2.07953172,37.47247616,Fatal,1,0,0,0,Other,5
2476,2018-01-14 06:50:00,2018-01-14,6,1,2018,Sunday,-1.2050055,36.9158445,Non-Fatal,0,0,0,0,Other,4
2477,2018-01-14 15:42:00,2018-01-14,15,1,2018,Sunday,-1.218893,36.892208,Non-Fatal,0,0,0,0,Other,2
2478,2018-01-14 15:45:00,2018-01-14,15,1,2018,Sunday,-1.260286,36.77105,Non-Fatal,0,0,0,0,Other,6
2479,2018-01-15 12:05:00,2018-01-15,12,1,2018,Monday,-1.331725,36.888135,Non-Fatal,0,0,0,0,Other,2
2480,2018-01-16 01:38:00,2018-01-16,1,1,2018,Tuesday,-1.366112,36.91328,Non-Fatal,0,0,0,0,Other,2
2481,2018-01-17 07:03:00,2018-01-17,7,1,2018,Wednesday,-1.317658,36.776336,Non-Fatal,0,0,0,0,Other,3
2482,2018-01-20 02:55:00,2018-01-20,2,1,2018,Saturday,-1.285867,36.818659,Non-Fatal,0,0,0,0,Other,2
2483,2018-01-20 04:52:00,2018-01-20,4,1,2018,Saturday,-0.063141,34.647299,Non-Fatal,0,0,0,0,Other,2
2484,2018-01-22 02:48:00,2018-01-22,2,1,2018,Monday,-1.2399125,36.8120525,Non-Fatal,0,0,0,0,Other,6
2485,2018-01-22 09:07:00,2018-01-22,9,1,2018,Monday,-1.1194915,37.0091085,Fatal,1,0,0,0,Other,2
2486,2018-01-23 01:01:00,2018-01-23,1,1,2018,Tuesday,-1.379238,36.927857,Non-Fatal,0,0,0,0,Other,2
2487,2018-01-23 01:13:00,2018-01-23,1,1,2018,Tuesday,-1.142708289,36.96683521,Fatal,1,0,0,1,Matatu,5
2488,2018-01-23 15:40:00,2018-01-23,15,1,2018,Tuesday,-0.108522252,34.77005937,Fatal,1,0,0,0,Other,3
2489,2018-01-24 02:15:00,2018-01-24,2,1,2018,Wednesday,-1.182002,36.937491,Non-Fatal,0,0,0,1,Matatu,3
2490,2018-01-24 03:29:00,2018-01-24,3,1,2018,Wednesday,-1.2674389,36.84364343,Non-Fatal,0,0,0,0,Other,2
2491,2018-01-24 11:41:00,2018-01-24,11,1,2018,Wednesday,-1.278539,36.88257,Non-Fatal,0,0,0,0,Other,3
2492,2018-01-25 01:10:00,2018-01-25,1,1,2018,Thursday,-1.182002,36.937491,Non-Fatal,0,0,0,1,Matatu,20
2493,2018-01-25 09:43:00,2018-01-25,9,1,2018,Thursday,-1.236614201,36.87178343,Non-Fatal,0,0,0,0,Other,3
2495,2018-01-25 12:13:00,2018-01-25,12,1,2018,Thursday,-1.364631264,36.91132973,Fatal,1,0,1,0,Motorcycle,4
2496,2018-01-25 12:38:00,2018-01-25,12,1,2018,Thursday,-1.35951,36.907839,Fatal,1,0,1,0,Motorcycle,3
2497,2018-01-25 16:08:00,2018-01-25,16,1,2018,Thursday,-1.263867,36.758596,Non-Fatal,0,0,0,1,Matatu,2
2498,2018-01-26 01:48:00,2018-01-26,1,1,2018,Friday,-1.23867,36.81054,Non-Fatal,0,0,0,0,Other,2
2504,2018-01-27 09:07:00,2018-01-27,9,1,2018,Saturday,-1.205178,36.915715,Non-Fatal,0,0,0,0,Other,2
2505,2018-01-28 07:22:00,2018-01-28,7,1,2018,Sunday,-1.149233,36.962258,Fatal,1,0,0,0,Other,4
2506,2018-01-28 07:24:00,2018-01-28,7,1,2018,Sunday,-1.162393759,36.95802319,Non-Fatal,0,0,0,0,Other,3
2509,2018-01-29 00:22:00,2018-01-29,0,1,2018,Monday,-1.323109725,36.8022356,Non-Fatal,0,0,0,0,Other,14
2510,2018-01-29 01:03:00,2018-01-29,1,1,2018,Monday,-1.329883,36.870701,Non-Fatal,0,0,0,0,Other,2
2512,2018-01-30 01:35:00,2018-01-30,1,1,2018,Tuesday,-1.264153,36.748832,Non-Fatal,0,0,0,0,Other,2
2514,2018-01-30 03:05:00,2018-01-30,3,1,2018,Tuesday,-0.413843,36.955327,Non-Fatal,0,0,0,1,Matatu,2
2519,2018-01-31 08:18:00,2018-01-31,8,1,2018,Wednesday,-1.2218574,36.8360209,Non-Fatal,0,0,0,0,Other,2
2520,2018-01-31 13:24:00,2018-01-31,13,1,2018,Wednesday,-0.7764085,34.9456325,Non-Fatal,0,0,0,0,Other,2
2523,2018-02-01 01:55:00,2018-02-01,1,2,2018,Thursday,-1.263383,36.862411,Non-Fatal,0,0,0,0,Other,4
2524,2018-02-01 12:01:00,2018-02-01,12,2,2018,Thursday,-1.3650765,36.9114945,Non-Fatal,0,0,0,0,Other,2
2526,2018-02-03 02:28:00,2018-02-03,2,2,2018,Saturday,-1.372432258,36.92027613,Fatal,1,0,0,0,Other,8
2528,2018-02-03 04:45:00,2018-02-03,4,2,2018,Saturday,-1.248073983,36.86358152,Non-Fatal,0,0,0,0,Other,4
2529,2018-02-04 15:45:00,2018-02-04,15,2,2018,Sunday,-1.329622,36.87286,Non-Fatal,0,0,0,0,Other,2
2530,2018-02-05 01:23:00,2018-02-05,1,2,2018,Monday,-1.216706,36.89436,Non-Fatal,0,0,0,0,Other,2
2534,2018-02-06 03:02:00,2018-02-06,3,2,2018,Tuesday,-1.3307655,36.858272,Non-Fatal,0,0,0,0,Other,2
2535,2018-02-07 01:41:00,2018-02-07,1,2,2018,Wednesday,-1.278182,36.8213395,Non-Fatal,0,0,0,0,Other,2
2539,2018-02-08 02:09:00,2018-02-08,2,2,2018,Thursday,-1.2331115,36.875108,Non-Fatal,0,0,0,0,Other,2
2543,2018-02-12 01:37:00,2018-02-12,1,2,2018,Monday,-1.2037545,36.7725965,Non-Fatal,0,0,0,0,Other,2
2546,2018-02-12 15:05:00,2018-02-12,15,2,2018,Monday,-1.36515025,36.911473,Non-Fatal,0,1,1,1,Pedestrian,4
2547,2018-02-13 02:52:00,2018-02-13,2,2,2018,Tuesday,-0.1084685,34.77008725,Fatal,1,0,1,0,Motorcycle,3
2548,2018-02-13 07:09:00,2018-02-13,7,2,2018,Tuesday,-1.328045,36.7886185,Non-Fatal,0,0,0,0,Other,2
2554,2018-02-16 00:05:00,2018-02-16,0,2,2018,Friday,-1.3258105,36.793914,Non-Fatal,0,0,0,0,Other,2
2557,2018-02-17 03:35:00,2018-02-17,3,2,2018,Saturday,-1.255763,36.695119,Non-Fatal,0,0,0,0,Other,2
2561,2018-02-19 17:48:00,2018-02-19,17,2,2018,Monday,-0.474461,36.29151,Fatal,1,0,0,1,Matatu,5
2562,2018-02-20 00:55:00,2018-02-20,0,2,2018,Tuesday,-1.250117,36.8210865,Non-Fatal,0,0,0,0,Other,2
2563,2018-02-20 01:01:00,2018-02-20,1,2,2018,Tuesday,-1.205178,36.915715,Non-Fatal,0,0,0,0,Other,9
2564,2018-02-20 09:21:00,2018-02-20,9,2,2018,Tuesday,-1.271568141,36.80796545,Non-Fatal,0,0,0,0,Other,7
2565,2018-02-21 01:29:00,2018-02-21,1,2,2018,Wednesday,-1.3299315,36.87061,Non-Fatal,0,0,0,0,Other,2
2567,2018-02-21 07:34:00,2018-02-21,7,2,2018,Wednesday,-1.381678,36.770532,Non-Fatal,0,0,1,0,Motorcycle,2
2568,2018-02-21 10:44:00,2018-02-21,10,2,2018,Wednesday,-1.259588,36.785738,Non-Fatal,0,0,0,0,Other,2
2569,2018-02-21 11:29:00,2018-02-21,11,2,2018,Wednesday,-1.260297,36.77127,Non-Fatal,0,0,0,0,Other,2
2570,2018-02-22 03:34:00,2018-02-22,3,2,2018,Thursday,-1.269197935,36.83241608,Fatal,1,0,0,0,Other,2
2572,2018-02-23 01:54:00,2018-02-23,1,2,2018,Friday,-1.3251675,36.847711,Non-Fatal,0,1,1,0,Pedestrian,2
2573,2018-02-24 11:56:00,2018-02-24,11,2,2018,Saturday,-1.297821,36.869973,Non-Fatal,0,0,0,0,Other,2
2575,2018-02-24 14:52:00,2018-02-24,14,2,2018,Saturday,-1.067908,37.050887,Non-Fatal,0,0,0,0,Other,2
2577,2018-02-26 10:41:00,2018-02-26,10,2,2018,Monday,-1.333656727,36.89035581,Non-Fatal,0,0,1,1,Matatu,3
2579,2018-02-27 05:18:00,2018-02-27,5,2,2018,Tuesday,-1.343753,36.902161,Fatal,1,0,0,1,Matatu,2
2582,2018-02-28 12:47:00,2018-02-28,12,2,2018,Wednesday,-1.2923355,36.805283,Non-Fatal,0,0,0,0,Other,5
2583,2018-03-01 01:14:00,2018-03-01,1,3,2018,Thursday,-1.3314475,36.8884765,Non-Fatal,0,0,0,0,Other,5
2584,2018-03-01 02:37:00,2018-03-01,2,3,2018,Thursday,-1.263897,36.759321,Non-Fatal,0,0,0,0,Other,2
2585,2018-03-01 04:33:00,2018-03-01,4,3,2018,Thursday,-1.1889446,36.9311382,Non-Fatal,0,0,1,0,Motorcycle,2
2586,2018-03-01 07:28:00,2018-03-01,7,3,2018,Thursday,-1.31928505,36.8381258,Non-Fatal,0,0,0,0,Other,2
2587,2018-03-01 10:40:00,2018-03-01,10,3,2018,Thursday,-1.2975883,36.8726707,Non-Fatal,0,0,0,1,Matatu,2
2588,2018-03-01 13:29:00,2018-03-01,13,3,2018,Thursday,-1.024056,37.0668035,Non-Fatal,0,0,0,0,Other,2
2589,2018-03-02 02:28:00,2018-03-02,2,3,2018,Friday,-1.313517,36.813062,Non-Fatal,0,0,0,0,Other,2
2590,2018-03-02 08:04:00,2018-03-02,8,3,2018,Friday,-0.74211,35.1868285,Fatal,1,0,0,1,Matatu,2
2597,2018-03-03 09:55:00,2018-03-03,9,3,2018,Saturday,-1.2449585,36.86688518,Non-Fatal,0,0,0,0,Other,2
2602,2018-03-04 06:01:00,2018-03-04,6,3,2018,Sunday,-0.712994,36.4409465,Fatal,1,0,0,0,Other,2
2604,2018-03-04 11:25:00,2018-03-04,11,3,2018,Sunday,-1.489688,37.055915,Non-Fatal,0,0,0,0,Other,2
2605,2018-03-04 12:36:00,2018-03-04,12,3,2018,Sunday,-0.804893,36.532016,Non-Fatal,0,0,0,0,Other,6
2607,2018-03-04 16:25:00,2018-03-04,16,3,2018,Sunday,-1.23329535,36.8745434,Fatal,1,0,0,0,Other,3
2608,2018-03-04 16:39:00,2018-03-04,16,3,2018,Sunday,-1.182002,36.937491,Non-Fatal,0,0,0,0,Other,3
2609,2018-03-05 01:08:00,2018-03-05,1,3,2018,Monday,-1.260295036,36.77081021,Non-Fatal,0,0,0,0,Other,4
2610,2018-03-05 01:15:00,2018-03-05,1,3,2018,Monday,-1.204611,36.91626,Non-Fatal,0,0,0,0,Other,2
2611,2018-03-05 01:18:00,2018-03-05,1,3,2018,Monday,-1.218893,36.892208,Non-Fatal,0,0,0,0,Other,2
2612,2018-03-05 02:06:00,2018-03-05,2,3,2018,Monday,-1.2450735,36.866734,Non-Fatal,0,0,0,0,Other,2
2613,2018-03-05 02:52:00,2018-03-05,2,3,2018,Monday,-1.2564765,36.854973,Fatal,1,0,1,0,Motorcycle,2
2629,2018-03-08 04:05:00,2018-03-08,4,3,2018,Thursday,-1.133141,36.974054,Non-Fatal,0,0,0,0,Other,2
2633,2018-03-09 15:11:00,2018-03-09,15,3,2018,Friday,-1.325497,36.897189,Non-Fatal,0,0,0,0,Other,2
2640,2018-03-12 19:33:00,2018-03-12,19,3,2018,Monday,-2.690902,38.16362,Fatal,1,0,0,0,Other,2
2641,2018-03-13 02:14:00,2018-03-13,2,3,2018,Tuesday,-2.4110595,37.9500385,Non-Fatal,0,0,0,0,Other,5
2734,2017-07-01 05:41:00,2017-07-01,5,7,2017,Saturday,-1.328812858,36.88256955,Non-Fatal,0,0,0,0,Other,4
2735,2017-07-02 14:23:00,2017-07-02,14,7,2017,Sunday,-1.259876,36.844007,Non-Fatal,0,0,0,0,Other,2
2736,2017-07-03 19:31:00,2017-07-03,19,7,2017,Monday,-1.252287,36.859729,Non-Fatal,0,0,0,0,Other,3
2737,2017-07-03 22:45:00,2017-07-03,22,7,2017,Monday,-1.231734942,36.87707697,Non-Fatal,0,0,0,0,Other,6
2738,2017-07-04 20:32:00,2017-07-04,20,7,2017,Tuesday,-1.203387,36.91736,Fatal,1,0,0,0,Other,3
2739,2017-07-05 06:31:00,2017-07-05,6,7,2017,Wednesday,-1.264350983,36.74345142,Non-Fatal,0,0,0,0,Other,6
2740,2017-07-06 21:04:00,2017-07-06,21,7,2017,Thursday,-1.26026,36.771135,Non-Fatal,0,0,0,1,Matatu,2
2741,2017-07-07 07:21:00,2017-07-07,7,7,2017,Friday,-1.267198,36.804368,Non-Fatal,0,0,0,0,Other,2
2742,2017-07-08 07:15:00,2017-07-08,7,7,2017,Saturday,-1.32347878,36.80038537,Non-Fatal,0,0,0,1,Matatu,5
2743,2017-07-08 18:45:00,2017-07-08,18,7,2017,Saturday,-1.266482,36.8347195,Non-Fatal,0,0,0,0,Other,3
2744,2017-07-11 05:52:00,2017-07-11,5,7,2017,Tuesday,-1.292483915,36.80499497,Fatal,1,1,0,0,Pedestrian,4
2745,2017-07-11 06:46:00,2017-07-11,6,7,2017,Tuesday,-1.2520115,36.859948,Non-Fatal,0,0,0,0,Other,2
2746,2017-07-11 07:06:00,2017-07-11,7,7,2017,Tuesday,-1.297266,36.8865975,Non-Fatal,0,0,0,1,Matatu,2
2747,2017-07-11 07:54:00,2017-07-11,7,7,2017,Tuesday,-1.364719,36.911405,Non-Fatal,0,0,0,1,Matatu,2
2748,2017-07-12 07:56:00,2017-07-12,7,7,2017,Wednesday,-1.3176435,36.91867,Non-Fatal,0,0,0,1,Matatu,2
2749,2017-07-12 18:10:00,2017-07-12,18,7,2017,Wednesday,-1.226239,36.884136,Non-Fatal,0,0,0,0,Other,2
2750,2017-07-12 18:12:00,2017-07-12,18,7,2017,Wednesday,-1.219860411,36.89125887,Non-Fatal,0,0,0,0,Other,10
2751,2017-07-12 18:34:00,2017-07-12,18,7,2017,Wednesday,-1.211019,36.9070975,Non-Fatal,0,0,0,0,Other,4
2752,2017-07-13 06:17:00,2017-07-13,6,7,2017,Thursday,-1.228668925,36.80435533,Non-Fatal,0,0,0,0,Other,3
2753,2017-07-13 07:17:00,2017-07-13,7,7,2017,Thursday,-1.319344,36.8380535,Non-Fatal,0,0,0,0,Other,2
2754,2017-07-14 06:01:00,2017-07-14,6,7,2017,Friday,-1.364800646,36.91148242,Non-Fatal,0,0,0,0,Other,3
2755,2017-07-15 05:21:00,2017-07-15,5,7,2017,Saturday,-1.3712205,36.9188695,Non-Fatal,0,0,0,0,Other,2
2756,2017-07-17 07:09:00,2017-07-17,7,7,2017,Monday,-1.244991,36.86694635,Fatal,1,0,0,0,Other,3
2757,2017-07-17 19:42:00,2017-07-17,19,7,2017,Monday,-1.244706003,36.86709733,Non-Fatal,0,0,0,0,Other,7
2758,2017-07-17 19:52:00,2017-07-17,19,7,2017,Monday,-1.23117101,36.87752817,Non-Fatal,0,0,0,0,Other,5
2759,2017-07-17 19:57:00,2017-07-17,19,7,2017,Monday,-1.211499,36.905582,Non-Fatal,0,0,0,0,Other,2
2760,2017-07-18 05:58:00,2017-07-18,5,7,2017,Tuesday,-1.204583964,36.91630021,Non-Fatal,0,0,0,0,Other,3
2761,2017-07-19 14:28:00,2017-07-19,14,7,2017,Wednesday,-1.462818,37.012267,Non-Fatal,0,0,0,0,Other,3
2762,2017-07-19 16:51:00,2017-07-19,16,7,2017,Wednesday,-1.182002,36.937491,Non-Fatal,0,0,0,0,Other,6
2763,2017-07-19 17:05:00,2017-07-19,17,7,2017,Wednesday,-1.260327,36.718453,Non-Fatal,0,0,0,0,Other,2
2764,2017-07-21 06:06:00,2017-07-21,6,7,2017,Friday,-1.2045975,36.9161875,Non-Fatal,0,0,0,0,Other,3
2765,2017-07-21 06:32:00,2017-07-21,6,7,2017,Friday,-1.2858205,36.8187885,Non-Fatal,0,0,0,0,Other,8
2766,2017-07-21 20:52:00,2017-07-21,20,7,2017,Friday,-1.218893,36.892208,Non-Fatal,0,0,0,0,Other,2
2767,2017-07-23 14:14:00,2017-07-23,14,7,2017,Sunday,-1.2628965,36.764919,Non-Fatal,0,0,0,0,Other,2
2768,2017-07-24 07:01:00,2017-07-24,7,7,2017,Monday,-1.260286,36.77105,Non-Fatal,0,0,0,0,Other,3
2769,2017-07-24 17:56:00,2017-07-24,17,7,2017,Monday,-1.29769,36.871121,Non-Fatal,0,0,0,0,Other,2
2770,2017-07-25 05:14:00,2017-07-25,5,7,2017,Tuesday,-1.285867,36.818659,Non-Fatal,0,0,0,0,Other,2
2771,2017-07-25 19:27:00,2017-07-25,19,7,2017,Tuesday,-1.379238,36.927857,Non-Fatal,0,0,0,0,Other,2
2772,2017-07-26 13:12:00,2017-07-26,13,7,2017,Wednesday,-1.331105864,36.86148413,Non-Fatal,0,1,0,1,Pedestrian,5
2773,2017-07-27 06:24:00,2017-07-27,6,7,2017,Thursday,-1.267997,36.833427,Non-Fatal,0,0,0,1,Matatu,2
2774,2017-07-27 07:23:00,2017-07-27,7,7,2017,Thursday,-1.322163,36.707041,Non-Fatal,0,0,0,0,Other,2
2775,2017-07-27 07:57:00,2017-07-27,7,7,2017,Thursday,-1.325571,36.794551,Non-Fatal,0,0,0,0,Other,3
2776,2017-07-27 17:07:00,2017-07-27,17,7,2017,Thursday,-1.274509,36.81225,Fatal,1,0,1,0,Motorcycle,2
2777,2017-07-27 17:24:00,2017-07-27,17,7,2017,Thursday,-1.130569,36.98228,Non-Fatal,0,0,0,0,Other,2
2778,2017-07-28 07:36:00,2017-07-28,7,7,2017,Friday,-1.205178,36.915715,Non-Fatal,0,0,0,0,Other,2
2779,2017-07-28 07:40:00,2017-07-28,7,7,2017,Friday,-1.508392,37.095374,Non-Fatal,0,0,0,0,Other,2
2780,2017-07-28 15:22:00,2017-07-28,15,7,2017,Friday,-1.330284497,36.86754699,Non-Fatal,0,0,0,0,Other,7
2781,2017-07-28 20:28:00,2017-07-28,20,7,2017,Friday,-1.260175413,36.8428305,Non-Fatal,0,0,0,0,Other,3
2782,2017-08-01 07:03:00,2017-08-01,7,8,2017,Tuesday,-1.379238,36.927857,Non-Fatal,0,0,0,0,Other,4
2783,2017-08-01 10:10:00,2017-08-01,10,8,2017,Tuesday,-1.2341507,36.8729868,Non-Fatal,0,0,0,1,Matatu,4
2784,2017-08-01 10:20:00,2017-08-01,10,8,2017,Tuesday,-1.244900558,36.86692878,Non-Fatal,0,0,0,0,Other,7
2785,2017-08-01 11:44:00,2017-08-01,11,8,2017,Tuesday,-1.261394,36.798591,Non-Fatal,0,0,0,0,Other,2
2786,2017-08-01 18:07:00,2017-08-01,18,8,2017,Tuesday,-1.2415755,36.6762995,Non-Fatal,0,0,0,0,Other,2
2787,2017-08-02 00:14:00,2017-08-02,0,8,2017,Wednesday,-1.301653329,36.80266678,Fatal,1,0,0,0,Other,4
2788,2017-08-02 19:11:00,2017-08-02,19,8,2017,Wednesday,-1.2471454,36.81572135,Non-Fatal,0,0,0,0,Other,3
2789,2017-08-03 07:38:00,2017-08-03,7,8,2017,Thursday,-1.3299045,36.870701,Non-Fatal,0,0,0,0,Other,2
2790,2017-08-04 07:30:00,2017-08-04,7,8,2017,Friday,-1.26306225,36.7649247,Non-Fatal,0,0,0,0,Other,3
2791,2017-08-04 16:18:00,2017-08-04,16,8,2017,Friday,-1.182002,36.937491,Non-Fatal,0,0,0,1,Matatu,3
2792,2017-08-04 20:25:00,2017-08-04,20,8,2017,Friday,-1.32856015,36.880783,Non-Fatal,0,0,0,0,Other,2
2793,2017-08-04 20:33:00,2017-08-04,20,8,2017,Friday,-1.233390594,36.87481354,Non-Fatal,0,0,0,0,Other,5
2794,2017-08-04 21:57:00,2017-08-04,21,8,2017,Friday,-1.3296185,36.872863,Non-Fatal,0,0,0,0,Other,2
2795,2017-08-07 05:57:00,2017-08-07,5,8,2017,Monday,-1.323364529,36.84436569,Non-Fatal,0,1,0,0,Pedestrian,8
2796,2017-08-07 09:51:00,2017-08-07,9,8,2017,Monday,-1.319292,36.837924,Non-Fatal,0,0,0,0,Other,5
2797,2017-08-08 16:33:00,2017-08-08,16,8,2017,Tuesday,-1.329731,36.871967,Fatal,1,0,0,0,Other,5
2798,2017-08-08 17:22:00,2017-08-08,17,8,2017,Tuesday,-1.302099812,36.82528428,Non-Fatal,0,0,0,1,Matatu,6
2799,2017-08-09 10:38:00,2017-08-09,10,8,2017,Wednesday,-1.2154835,36.835102,Fatal,1,0,0,0,Other,2
2800,2017-08-10 09:00:00,2017-08-10,9,8,2017,Thursday,-1.532603,37.132015,Non-Fatal,0,0,0,0,Other,2
2801,2017-08-13 10:51:00,2017-08-13,10,8,2017,Sunday,-1.3242185,36.797472,Fatal,1,1,0,0,Pedestrian,2
2802,2017-08-13 12:41:00,2017-08-13,12,8,2017,Sunday,-1.2045935,36.9162725,Non-Fatal,0,0,0,0,Other,2
2803,2017-08-14 17:46:00,2017-08-14,17,8,2017,Monday,-1.3312035,36.8601515,Non-Fatal,0,0,0,0,Other,2
2804,2017-08-15 06:35:00,2017-08-15,6,8,2017,Tuesday,-1.260067,36.843404,Non-Fatal,0,0,0,0,Other,2
2805,2017-08-16 18:30:00,2017-08-16,18,8,2017,Wednesday,-1.2118245,36.904905,Non-Fatal,0,0,0,0,Other,3
2806,2017-08-17 06:44:00,2017-08-17,6,8,2017,Thursday,-1.271046852,36.80739582,Non-Fatal,0,0,0,0,Other,4
2807,2017-08-18 07:28:00,2017-08-18,7,8,2017,Friday,-1.310192125,36.89143125,Non-Fatal,0,0,0,0,Other,3
2808,2017-08-18 07:35:00,2017-08-18,7,8,2017,Friday,-1.258971,36.7792135,Non-Fatal,0,0,0,0,Other,3
2809,2017-08-19 19:19:00,2017-08-19,19,8,2017,Saturday,-1.267944158,36.83539978,Fatal,1,0,0,1,Matatu,4
2810,2018-05-09 06:50:00,2018-05-09,6,5,2018,Wednesday,-1.3314415,36.88873,Fatal,1,0,0,0,Other,4
2811,2017-08-22 19:30:00,2017-08-22,19,8,2017,Tuesday,-1.345364525,36.90260361,Fatal,1,0,0,0,Other,6
2812,2017-08-23 05:25:00,2017-08-23,5,8,2017,Wednesday,-1.259055477,36.7785192,Non-Fatal,0,0,0,0,Other,12
2813,2017-08-24 07:30:00,2017-08-24,7,8,2017,Thursday,-1.25247225,36.859501,Non-Fatal,0,0,0,0,Other,2
2814,2017-08-25 06:57:00,2017-08-25,6,8,2017,Friday,-1.263905207,36.75798493,Fatal,1,0,1,0,Motorcycle,9
2815,2017-08-25 07:15:00,2017-08-25,7,8,2017,Friday,-1.260275,36.77083,Fatal,1,0,0,0,Other,2
2816,2017-08-25 07:33:00,2017-08-25,7,8,2017,Friday,-1.25946,36.77551,Fatal,1,0,0,0,Other,2
2817,2017-08-26 19:49:00,2017-08-26,19,8,2017,Saturday,-1.255945265,36.69554907,Non-Fatal,0,0,0,0,Other,10
2818,2017-08-27 15:18:00,2017-08-27,15,8,2017,Sunday,-1.211206,36.906606,Non-Fatal,0,0,0,0,Other,2
2819,2017-08-27 20:04:00,2017-08-27,20,8,2017,Sunday,-1.2713755,36.997015,Non-Fatal,0,0,0,0,Other,2
2820,2017-08-28 16:49:00,2017-08-28,16,8,2017,Monday,-1.266038797,36.83512877,Non-Fatal,0,0,1,1,Matatu,4
2821,2017-08-28 17:29:00,2017-08-28,17,8,2017,Monday,-1.260772,36.842033,Non-Fatal,0,0,1,1,Matatu,2
2822,2017-08-29 06:12:00,2017-08-29,6,8,2017,Tuesday,-1.3792635,36.9278805,Fatal,1,0,0,0,Other,2
2823,2017-08-29 06:19:00,2017-08-29,6,8,2017,Tuesday,-1.2627803,36.76434337,Non-Fatal,0,0,0,0,Other,2
2824,2017-08-29 06:26:00,2017-08-29,6,8,2017,Tuesday,-1.2601155,36.843431,Non-Fatal,0,0,0,0,Other,11
2825,2017-08-29 06:31:00,2017-08-29,6,8,2017,Tuesday,-1.256751977,36.85479708,Non-Fatal,0,0,0,0,Other,10
2826,2017-08-29 13:36:00,2017-08-29,13,8,2017,Tuesday,-1.323534,36.7995,Non-Fatal,0,0,0,1,Matatu,7
2827,2017-08-29 20:49:00,2017-08-29,20,8,2017,Tuesday,-1.260772,36.842033,Non-Fatal,0,0,0,1,Matatu,3
2828,2017-08-31 17:39:00,2017-08-31,17,8,2017,Thursday,-1.324376161,36.89874925,Non-Fatal,0,0,0,0,Other,5
2829,2017-09-01 10:53:00,2017-09-01,10,9,2017,Friday,-1.2047445,36.916139,Non-Fatal,0,0,0,0,Other,2
2830,2017-09-01 18:00:00,2017-09-01,18,9,2017,Friday,-1.233559483,36.87298564,Non-Fatal,0,0,0,0,Other,3
2831,2017-09-03 09:20:00,2017-09-03,9,9,2017,Sunday,-1.258697108,36.84263438,Non-Fatal,0,0,0,0,Other,3
2832,2017-09-03 15:31:00,2017-09-03,15,9,2017,Sunday,-1.3293285,36.855178,Non-Fatal,0,0,0,0,Other,2
2833,2017-09-04 06:08:00,2017-09-04,6,9,2017,Monday,-1.260772,36.842033,Non-Fatal,0,0,0,0,Other,3
2834,2017-09-04 06:38:00,2017-09-04,6,9,2017,Monday,-1.299233,36.763282,Non-Fatal,0,0,0,0,Other,2
2835,2017-09-05 18:35:00,2017-09-05,18,9,2017,Tuesday,-1.443407,36.989655,Non-Fatal,0,0,0,0,Other,2
2836,2017-09-06 15:16:00,2017-09-06,15,9,2017,Wednesday,-1.234605842,36.87393577,Fatal,1,0,0,1,Matatu,67
2837,2017-09-06 15:29:00,2017-09-06,15,9,2017,Wednesday,-1.244803384,36.86700141,Fatal,1,0,0,0,Other,14
2838,2017-09-06 15:35:00,2017-09-06,15,9,2017,Wednesday,-1.2491535,36.862716,Fatal,1,0,0,0,Other,3
2839,2017-09-06 15:45:00,2017-09-06,15,9,2017,Wednesday,-1.2045935,36.9162725,Fatal,1,0,0,0,Other,5
2840,2017-09-06 20:03:00,2017-09-06,20,9,2017,Wednesday,-1.274886,36.818007,Non-Fatal,0,0,0,1,Matatu,6
2841,2017-09-07 06:03:00,2017-09-07,6,9,2017,Thursday,-1.2131508,36.9015692,Non-Fatal,0,0,0,0,Other,2
2842,2017-09-08 06:20:00,2017-09-08,6,9,2017,Friday,-1.149233,36.962258,Non-Fatal,0,0,0,0,Other,3
2843,2017-09-08 06:42:00,2017-09-08,6,9,2017,Friday,-1.229704,36.804086,Non-Fatal,0,0,0,0,Other,2
2844,2017-09-08 22:34:00,2017-09-08,22,9,2017,Friday,-1.328526075,36.8808975,Fatal,1,1,0,0,Pedestrian,4
2845,2017-09-09 05:44:00,2017-09-09,5,9,2017,Saturday,-1.273748899,36.82533053,Fatal,1,1,0,0,Pedestrian,5
2846,2017-09-11 17:07:00,2017-09-11,17,9,2017,Monday,-1.364553,36.911256,Non-Fatal,0,0,0,0,Other,2
2847,2017-09-12 07:20:00,2017-09-12,7,9,2017,Tuesday,-1.274509,36.81225,Non-Fatal,0,0,0,1,Matatu,2
2848,2017-09-12 19:13:00,2017-09-12,19,9,2017,Tuesday,-1.44941,36.968283,Non-Fatal,0,0,0,0,Other,2
2849,2017-09-12 20:01:00,2017-09-12,20,9,2017,Tuesday,-1.35951,36.907839,Non-Fatal,0,0,0,0,Other,2
2850,2017-09-13 07:51:00,2017-09-13,7,9,2017,Wednesday,-1.255880265,36.69553807,Non-Fatal,0,0,0,0,Other,2
2851,2017-09-14 13:35:00,2017-09-14,13,9,2017,Thursday,-0.982614,36.585946,Non-Fatal,0,0,0,0,Other,2
2852,2017-09-15 06:48:00,2017-09-15,6,9,2017,Friday,-1.244895,36.86697118,Non-Fatal,0,0,0,1,Matatu,3
2853,2017-09-16 08:01:00,2017-09-16,8,9,2017,Saturday,-1.42008,36.953915,Fatal,1,0,0,0,Other,4
2854,2017-09-18 07:18:00,2017-09-18,7,9,2017,Monday,-1.304150401,36.85599762,Non-Fatal,0,0,0,0,Other,3
2855,2017-09-18 11:18:00,2017-09-18,11,9,2017,Monday,-1.226156,36.884367,Non-Fatal,0,0,0,0,Other,2
2856,2017-09-18 15:20:00,2017-09-18,15,9,2017,Monday,-1.304764,36.856111,Non-Fatal,0,0,0,0,Other,2
2857,2017-09-18 16:45:00,2017-09-18,16,9,2017,Monday,-1.1503885,36.66795,Non-Fatal,0,0,0,0,Other,3
2858,2017-09-19 10:12:00,2017-09-19,10,9,2017,Tuesday,-1.244961868,36.86690041,Fatal,1,1,1,0,Pedestrian,3
2859,2017-09-19 12:08:00,2017-09-19,12,9,2017,Tuesday,-1.379238,36.927857,Non-Fatal,0,0,0,0,Other,3
2860,2017-09-21 07:38:00,2017-09-21,7,9,2017,Thursday,-1.344302,36.90205075,Non-Fatal,0,0,0,0,Other,2
2861,2017-09-21 07:45:00,2017-09-21,7,9,2017,Thursday,-1.1657735,36.6406665,Non-Fatal,0,0,0,0,Other,2
2862,2017-09-21 19:05:00,2017-09-21,19,9,2017,Thursday,-1.260757281,36.841947,Non-Fatal,0,0,1,0,Motorcycle,4
2863,2017-09-22 06:21:00,2017-09-22,6,9,2017,Friday,-1.2608235,36.841961,Non-Fatal,0,0,0,0,Other,3
2864,2017-09-22 06:48:00,2017-09-22,6,9,2017,Friday,-1.304699,36.826291,Non-Fatal,0,0,0,0,Other,2
2865,2017-09-22 07:56:00,2017-09-22,7,9,2017,Friday,-1.256578,36.854809,Non-Fatal,0,0,0,0,Other,2
2866,2017-09-22 11:17:00,2017-09-22,11,9,2017,Friday,-1.260709,36.716662,Non-Fatal,0,0,0,1,Matatu,2
2867,2017-09-22 20:04:00,2017-09-22,20,9,2017,Friday,-1.317724,36.918491,Non-Fatal,0,0,0,0,Other,2
2868,2017-09-23 06:41:00,2017-09-23,6,9,2017,Saturday,-1.44941,36.968283,Non-Fatal,0,0,0,0,Other,2
2869,2017-09-25 16:44:00,2017-09-25,16,9,2017,Monday,-1.227806,36.66455,Non-Fatal,0,0,0,0,Other,4
2870,2017-09-26 15:35:00,2017-09-26,15,9,2017,Tuesday,-1.205178,36.915715,Non-Fatal,0,0,0,0,Other,2
2871,2017-09-27 06:19:00,2017-09-27,6,9,2017,Wednesday,-1.27477928,36.82380596,Non-Fatal,0,0,0,1,Matatu,2
2872,2017-09-27 07:46:00,2017-09-27,7,9,2017,Wednesday,-1.26979834,36.82041772,Non-Fatal,0,0,0,1,Matatu,2
2873,2017-09-30 11:17:00,2017-09-30,11,9,2017,Saturday,-1.309324,36.856695,Non-Fatal,0,0,0,0,Other,2
2874,2017-10-01 19:28:00,2017-10-01,19,10,2017,Sunday,-1.218893,36.892208,Non-Fatal,0,0,0,0,Other,2
2875,2017-10-01 19:29:00,2017-10-01,19,10,2017,Sunday,-1.205292,36.915615,Non-Fatal,0,0,0,0,Other,3
2876,2017-10-02 21:33:00,2017-10-02,21,10,2017,Monday,-1.204017,36.916781,Fatal,1,0,0,0,Other,2
2877,2017-10-03 06:08:00,2017-10-03,6,10,2017,Tuesday,-1.24479,36.866975,Non-Fatal,0,0,0,0,Other,2
2878,2017-10-03 06:16:00,2017-10-03,6,10,2017,Tuesday,-1.2341507,36.8729868,Non-Fatal,0,0,0,0,Other,3
2879,2017-10-03 08:08:00,2017-10-03,8,10,2017,Tuesday,-1.256155,36.855219,Non-Fatal,0,0,0,0,Other,3
2880,2017-10-04 06:20:00,2017-10-04,6,10,2017,Wednesday,-1.205376908,36.78408236,Non-Fatal,0,0,0,0,Other,4
2881,2017-10-04 15:05:00,2017-10-04,15,10,2017,Wednesday,-1.327561,36.852158,Non-Fatal,0,0,0,0,Other,2
2882,2017-10-05 06:31:00,2017-10-05,6,10,2017,Thursday,-1.329867,36.8707925,Fatal,1,0,0,0,Other,2
2883,2017-10-05 15:02:00,2017-10-05,15,10,2017,Thursday,-1.204107,36.916781,Non-Fatal,0,0,0,0,Other,2
2884,2017-10-05 16:03:00,2017-10-05,16,10,2017,Thursday,-1.263632,36.8013385,Non-Fatal,0,0,0,0,Other,2
2885,2017-10-05 19:03:00,2017-10-05,19,10,2017,Thursday,-1.235208185,36.87338542,Non-Fatal,0,0,0,0,Other,15
2886,2017-10-05 19:15:00,2017-10-05,19,10,2017,Thursday,-1.244735,36.866984,Non-Fatal,0,0,0,0,Other,2
2887,2017-10-05 20:04:00,2017-10-05,20,10,2017,Thursday,-1.2597595,36.8439435,Non-Fatal,0,0,0,0,Other,2
2888,2017-10-05 20:41:00,2017-10-05,20,10,2017,Thursday,-1.325898663,36.84729829,Non-Fatal,0,0,0,0,Other,4
2889,2017-10-06 16:42:00,2017-10-06,16,10,2017,Friday,-1.272106,36.8276655,Non-Fatal,0,0,0,0,Other,2
2890,2017-10-07 07:36:00,2017-10-07,7,10,2017,Saturday,-1.4434185,36.9895455,Non-Fatal,0,0,0,0,Other,3
2891,2017-10-07 10:18:00,2017-10-07,10,10,2017,Saturday,-1.330879,36.858597,Non-Fatal,0,0,0,0,Other,2
2892,2017-10-07 10:35:00,2017-10-07,10,10,2017,Saturday,-1.2370915,36.8714125,Fatal,1,0,0,0,Other,3
2893,2017-10-07 17:35:00,2017-10-07,17,10,2017,Saturday,-1.249840685,36.86196296,Non-Fatal,0,0,0,0,Other,6
2894,2017-10-08 05:56:00,2017-10-08,5,10,2017,Sunday,-1.304699,36.826291,Non-Fatal,0,0,0,0,Other,2
2895,2017-10-09 05:52:00,2017-10-09,5,10,2017,Monday,-1.3324765,36.7822985,Non-Fatal,0,0,0,0,Other,6
2896,2017-10-09 11:58:00,2017-10-09,11,10,2017,Monday,-1.285867,36.818659,Non-Fatal,0,0,0,0,Other,2
2897,2017-10-09 17:58:00,2017-10-09,17,10,2017,Monday,-1.204461429,36.91637909,Non-Fatal,0,0,0,0,Other,9
2898,2017-10-09 18:13:00,2017-10-09,18,10,2017,Monday,-1.210992,36.9069185,Non-Fatal,0,0,0,0,Other,3
2899,2017-10-09 21:01:00,2017-10-09,21,10,2017,Monday,-1.206530985,36.78315454,Non-Fatal,0,1,0,0,Pedestrian,2
2900,2017-10-10 06:02:00,2017-10-10,6,10,2017,Tuesday,-1.3657209,36.76645335,Non-Fatal,0,0,0,0,Other,2
2901,2017-10-10 08:15:00,2017-10-10,8,10,2017,Tuesday,-1.2285955,36.79852,Non-Fatal,0,0,0,0,Other,2
2902,2017-10-12 06:10:00,2017-10-12,6,10,2017,Thursday,-1.280731,36.964065,Non-Fatal,0,0,0,0,Other,2
2903,2017-10-12 10:24:00,2017-10-12,10,10,2017,Thursday,-1.365051,36.911713,Non-Fatal,0,0,0,1,Matatu,2
2904,2017-10-12 17:14:00,2017-10-12,17,10,2017,Thursday,-1.256693,36.854704,Non-Fatal,0,0,0,0,Other,2
2905,2017-10-13 06:59:00,2017-10-13,6,10,2017,Friday,-1.274990821,36.82374002,Non-Fatal,0,1,0,0,Pedestrian,9
2906,2017-10-14 12:27:00,2017-10-14,12,10,2017,Saturday,-1.266714,36.834694,Non-Fatal,0,0,0,0,Other,4
2907,2017-10-14 20:42:00,2017-10-14,20,10,2017,Saturday,-1.149805,36.962075,Non-Fatal,0,0,0,0,Other,3
2908,2017-10-15 16:23:00,2017-10-15,16,10,2017,Sunday,-1.093941,37.0303095,Fatal,1,0,0,0,Other,2
2909,2017-10-17 06:20:00,2017-10-17,6,10,2017,Tuesday,-1.270912,36.80736713,Non-Fatal,0,0,0,0,Other,3
2910,2017-10-18 17:57:00,2017-10-18,17,10,2017,Wednesday,-1.262686,36.800498,Non-Fatal,0,0,1,0,Motorcycle,2
2911,2017-10-19 07:37:00,2017-10-19,7,10,2017,Thursday,-1.462711,37.012074,Non-Fatal,0,0,0,0,Other,3
2912,2017-10-20 08:00:00,2017-10-20,8,10,2017,Friday,-1.26935175,36.806341,Non-Fatal,0,0,0,0,Other,2
2913,2017-10-21 14:43:00,2017-10-21,14,10,2017,Saturday,-1.316605375,36.83387525,Non-Fatal,0,0,0,0,Other,2
2914,2017-10-22 18:50:00,2017-10-22,18,10,2017,Sunday,-1.204107,36.916781,Non-Fatal,0,0,0,0,Other,2
2915,2017-10-22 21:43:00,2017-10-22,21,10,2017,Sunday,-1.36511875,36.91155204,Fatal,1,0,0,0,Other,2
2916,2017-10-23 04:02:00,2017-10-23,4,10,2017,Monday,-1.261688,36.725195,Non-Fatal,0,0,0,0,Other,2
2917,2017-10-23 17:18:00,2017-10-23,17,10,2017,Monday,-1.21675105,36.894364,Non-Fatal,0,0,0,1,Matatu,2
2918,2017-10-24 15:27:00,2017-10-24,15,10,2017,Tuesday,-1.024290125,37.06712638,Non-Fatal,0,0,0,0,Other,2
2919,2017-10-26 20:58:00,2017-10-26,20,10,2017,Thursday,-1.260385,36.718111,Non-Fatal,0,0,0,0,Other,3
2920,2017-10-30 06:29:00,2017-10-30,6,10,2017,Monday,-1.34474027,36.90224185,Fatal,1,0,0,0,Other,4
2921,2017-10-30 07:26:00,2017-10-30,7,10,2017,Monday,-1.172443,36.850868,Non-Fatal,0,0,0,1,Matatu,2
2922,2017-10-30 07:37:00,2017-10-30,7,10,2017,Monday,-1.230958276,36.84228654,Non-Fatal,0,0,0,0,Other,3
2923,2017-10-30 15:46:00,2017-10-30,15,10,2017,Monday,-1.329371175,36.8557592,Non-Fatal,0,0,0,0,Other,2
2924,2017-10-31 07:46:00,2017-10-31,7,10,2017,Tuesday,-1.260283448,36.8429225,Non-Fatal,0,0,0,0,Other,3
2925,2017-10-31 07:47:00,2017-10-31,7,10,2017,Tuesday,-1.25638619,36.85500725,Non-Fatal,0,0,0,0,Other,4
2926,2017-11-02 16:50:00,2017-11-02,16,11,2017,Thursday,-1.2971575,36.802535,Non-Fatal,0,0,0,0,Other,2
2927,2017-11-02 20:35:00,2017-11-02,20,11,2017,Thursday,-1.277201,36.7722265,Fatal,1,0,0,0,Other,3
2928,2017-11-03 20:17:00,2017-11-03,20,11,2017,Friday,-1.188671,36.931044,Non-Fatal,0,0,0,0,Other,2
2929,2017-11-04 05:28:00,2017-11-04,5,11,2017,Saturday,-1.30005925,36.7739165,Non-Fatal,0,0,0,0,Other,2
2930,2017-11-04 07:22:00,2017-11-04,7,11,2017,Saturday,-1.320762861,36.80874104,Non-Fatal,0,0,0,0,Other,3
2931,2017-11-06 10:26:00,2017-11-06,10,11,2017,Monday,-1.3315585,36.86152975,Non-Fatal,0,0,0,0,Other,3
2932,2017-11-07 20:27:00,2017-11-07,20,11,2017,Tuesday,-1.32015,36.8373345,Non-Fatal,0,0,0,0,Other,2
2933,2017-11-09 07:37:00,2017-11-09,7,11,2017,Thursday,-1.479943,37.043182,Fatal,1,0,0,0,Other,2
2934,2017-11-10 07:57:00,2017-11-10,7,11,2017,Friday,-1.26336,36.838923,Non-Fatal,0,0,0,0,Other,2
2935,2017-11-10 07:59:00,2017-11-10,7,11,2017,Friday,-1.25000275,36.820415,Non-Fatal,0,0,0,0,Other,2
2936,2017-11-10 20:18:00,2017-11-10,20,11,2017,Friday,-1.1808665,36.9385855,Non-Fatal,0,0,0,0,Other,2
2937,2017-11-11 07:55:00,2017-11-11,7,11,2017,Saturday,-1.306627976,36.73831029,Non-Fatal,0,0,0,0,Other,6
2938,2017-11-13 07:52:00,2017-11-13,7,11,2017,Monday,-1.259459,36.844829,Non-Fatal,0,0,0,0,Other,2
2939,2017-11-13 15:53:00,2017-11-13,15,11,2017,Monday,-1.274114176,36.81262292,Non-Fatal,0,0,0,0,Other,4
2940,2017-11-14 07:09:00,2017-11-14,7,11,2017,Tuesday,-1.1815315,36.9378855,Non-Fatal,0,0,0,0,Other,7
2941,2017-11-15 16:40:00,2017-11-15,16,11,2017,Wednesday,-1.0244045,37.0671155,Non-Fatal,0,0,0,0,Other,2
2942,2017-11-16 06:21:00,2017-11-16,6,11,2017,Thursday,-1.461848,37.0126695,Non-Fatal,0,0,0,0,Other,2
2943,2017-11-16 06:35:00,2017-11-16,6,11,2017,Thursday,-1.266897875,36.81190563,Fatal,1,0,0,0,Other,2
2944,2017-11-16 06:59:00,2017-11-16,6,11,2017,Thursday,-1.292399626,36.78773774,Non-Fatal,0,1,0,0,Pedestrian,6
2945,2017-11-16 19:46:00,2017-11-16,19,11,2017,Thursday,-1.23112425,36.87774325,Non-Fatal,0,0,0,0,Other,2
2946,2017-11-16 19:48:00,2017-11-16,19,11,2017,Thursday,-1.234281754,36.87300667,Non-Fatal,0,0,0,0,Other,3
2947,2017-11-17 07:50:00,2017-11-17,7,11,2017,Friday,-1.328658003,36.87917515,Non-Fatal,0,0,0,1,Matatu,8
2948,2017-11-19 14:00:00,2017-11-19,14,11,2017,Sunday,-1.192766,36.747427,Non-Fatal,0,0,0,0,Other,2
2949,2017-11-21 16:00:00,2017-11-21,16,11,2017,Tuesday,-1.226137526,36.88410884,Fatal,1,0,0,0,Other,9
2950,2017-11-23 11:46:00,2017-11-23,11,11,2017,Thursday,-1.318903,36.913314,Non-Fatal,0,0,0,0,Other,2
2951,2017-11-24 20:09:00,2017-11-24,20,11,2017,Friday,-1.21911,36.801787,Non-Fatal,0,0,0,0,Other,3
2952,2017-11-24 20:17:00,2017-11-24,20,11,2017,Friday,-1.228292,36.8048075,Non-Fatal,0,0,0,0,Other,2
2953,2017-11-25 06:46:00,2017-11-25,6,11,2017,Saturday,-1.264142,36.749415,Non-Fatal,0,0,0,0,Other,2
2954,2017-11-25 14:17:00,2017-11-25,14,11,2017,Saturday,-1.333396,36.890702,Non-Fatal,0,0,0,0,Other,2
2955,2017-11-26 07:24:00,2017-11-26,7,11,2017,Sunday,-1.31471975,36.80722775,Non-Fatal,0,0,0,0,Other,2
2956,2017-11-26 11:18:00,2017-11-26,11,11,2017,Sunday,-1.242395,36.868585,Non-Fatal,0,0,0,0,Other,2
2957,2017-11-29 19:38:00,2017-11-29,19,11,2017,Wednesday,-1.364255,36.76560275,Non-Fatal,0,0,0,0,Other,3
2958,2017-11-30 06:18:00,2017-11-30,6,11,2017,Thursday,-1.324464,36.898624,Non-Fatal,0,0,0,0,Other,2
2959,2017-11-30 12:16:00,2017-11-30,12,11,2017,Thursday,-1.34322,36.765021,Non-Fatal,0,0,0,0,Other,2
2960,2017-11-30 12:35:00,2017-11-30,12,11,2017,Thursday,-1.3378135,36.7733045,Non-Fatal,0,0,0,0,Other,2
2961,2017-12-01 14:56:00,2017-12-01,14,12,2017,Friday,-1.337841,36.669442,Non-Fatal,0,0,0,0,Other,2
2962,2017-12-01 19:55:00,2017-12-01,19,12,2017,Friday,-1.237318,36.843874,Non-Fatal,0,0,0,0,Other,2
2963,2017-12-02 22:43:00,2017-12-02,22,12,2017,Saturday,-1.316124,36.813738,Non-Fatal,0,0,0,0,Other,4
2964,2017-12-03 06:10:00,2017-12-03,6,12,2017,Sunday,-1.319316,36.837946,Non-Fatal,0,0,0,0,Other,2
2965,2017-12-03 16:55:00,2017-12-03,16,12,2017,Sunday,-1.226377,36.883288,Non-Fatal,0,0,0,0,Other,2
2966,2017-12-04 05:42:00,2017-12-04,5,12,2017,Monday,-1.250000092,36.82102558,Non-Fatal,0,0,0,0,Other,5
2967,2017-12-04 06:52:00,2017-12-04,6,12,2017,Monday,-1.261422,36.839124,Non-Fatal,0,0,0,0,Other,2
2968,2017-12-05 05:24:00,2017-12-05,5,12,2017,Tuesday,-1.300091,36.780362,Non-Fatal,0,0,0,1,Matatu,2
2969,2017-12-05 06:36:00,2017-12-05,6,12,2017,Tuesday,-1.330419901,36.86750149,Non-Fatal,0,0,0,1,Matatu,35
2970,2017-12-06 04:14:00,2017-12-06,4,12,2017,Wednesday,-1.231445439,36.87795195,Non-Fatal,0,0,0,0,Other,18
2971,2017-12-06 06:50:00,2017-12-06,6,12,2017,Wednesday,-1.245125465,36.86688616,Non-Fatal,0,0,0,0,Other,5
2972,2017-12-06 14:58:00,2017-12-06,14,12,2017,Wednesday,-1.26359125,36.75934125,Non-Fatal,0,0,0,1,Matatu,2
2973,2017-12-06 16:48:00,2017-12-06,16,12,2017,Wednesday,-1.02449175,37.06718925,Non-Fatal,0,0,0,0,Other,16
2974,2017-12-07 08:26:00,2017-12-07,8,12,2017,Thursday,-1.2595755,36.7854535,Non-Fatal,0,0,0,0,Other,2
2975,2017-12-08 22:02:00,2017-12-08,22,12,2017,Friday,-1.294576,36.853294,Non-Fatal,0,0,0,0,Other,2
2976,2017-12-08 22:03:00,2017-12-08,22,12,2017,Friday,-1.329352,36.799189,Non-Fatal,0,0,0,0,Other,2
2977,2017-12-09 06:22:00,2017-12-09,6,12,2017,Saturday,-1.33146725,36.88820275,Fatal,1,0,0,0,Other,2
2978,2017-12-11 16:32:00,2017-12-11,16,12,2017,Monday,-1.356244,36.762113,Non-Fatal,0,0,0,0,Other,2
2979,2017-12-11 21:33:00,2017-12-11,21,12,2017,Monday,-1.33166996,36.8883105,Fatal,1,0,0,0,Other,3
2980,2017-12-12 13:03:00,2017-12-12,13,12,2017,Tuesday,-1.205178,36.915715,Non-Fatal,0,0,0,0,Other,3
2981,2017-12-13 05:18:00,2017-12-13,5,12,2017,Wednesday,-1.218893,36.892208,Non-Fatal,0,0,0,0,Other,2
2982,2017-12-13 13:03:00,2017-12-13,13,12,2017,Wednesday,-1.2311165,36.877668,Non-Fatal,0,0,0,0,Other,3
2983,2017-12-13 13:27:00,2017-12-13,13,12,2017,Wednesday,-1.1303825,36.982137,Non-Fatal,0,0,0,0,Other,3
2984,2017-12-13 17:05:00,2017-12-13,17,12,2017,Wednesday,-1.15104725,36.96168273,Non-Fatal,0,0,0,0,Other,3
2985,2017-12-15 17:46:00,2017-12-15,17,12,2017,Friday,-1.219204126,36.89185208,Non-Fatal,0,0,0,0,Other,9
2986,2017-12-15 18:36:00,2017-12-15,18,12,2017,Friday,-1.2109395,36.9073315,Non-Fatal,0,0,0,0,Other,3
2987,2017-12-17 16:50:00,2017-12-17,16,12,2017,Sunday,-1.329701,36.8722835,Non-Fatal,0,0,1,0,Motorcycle,2
2988,2017-12-22 20:37:00,2017-12-22,20,12,2017,Friday,-1.3212845,36.84128025,Non-Fatal,0,0,0,0,Other,2
2989,2017-12-24 21:42:00,2017-12-24,21,12,2017,Sunday,-1.1813435,36.937971,Non-Fatal,0,0,0,1,Matatu,2
2990,2018-03-14 06:37:00,2018-03-14,6,3,2018,Wednesday,-1.319083,36.9070425,Non-Fatal,0,0,0,0,Other,2
2991,2018-03-15 07:56:00,2018-03-15,7,3,2018,Thursday,-1.283922,36.82294375,Non-Fatal,0,0,0,0,Other,2
2992,2018-03-16 06:38:00,2018-03-16,6,3,2018,Friday,-1.258821,36.77946825,Non-Fatal,0,0,0,0,Other,3
2993,2018-03-17 10:03:00,2018-03-17,10,3,2018,Saturday,-1.323624,36.844773,Non-Fatal,0,0,0,0,Other,4
2994,2018-03-18 08:26:00,2018-03-18,8,3,2018,Sunday,-1.3313545,36.8885805,Fatal,1,0,0,0,Other,2
2995,2018-03-19 06:27:00,2018-03-19,6,3,2018,Monday,-1.331684674,36.7833913,Fatal,1,0,0,0,Other,5
2996,2018-03-19 12:10:00,2018-03-19,12,3,2018,Monday,-1.21925875,36.89145875,Non-Fatal,0,0,0,0,Other,2
2997,2018-03-21 10:33:00,2018-03-21,10,3,2018,Wednesday,-1.460663,37.013251,Non-Fatal,0,0,0,0,Other,2
2998,2018-03-22 07:02:00,2018-03-22,7,3,2018,Thursday,-1.284087,36.8193435,Non-Fatal,0,0,0,0,Other,2
2999,2018-03-23 17:16:00,2018-03-23,17,3,2018,Friday,-1.0242005,37.0671575,Non-Fatal,0,0,0,0,Other,3
3000,2018-03-24 01:29:00,2018-03-24,1,3,2018,Saturday,-1.331891092,36.8888481,Fatal,1,0,0,0,Other,3
3001,2018-03-24 06:24:00,2018-03-24,6,3,2018,Saturday,-1.33007425,36.87073575,Non-Fatal,0,0,0,1,Matatu,2
3002,2018-03-24 09:24:00,2018-03-24,9,3,2018,Saturday,-1.2939825,36.851174,Non-Fatal,0,0,0,1,Matatu,2
3003,2018-03-25 17:15:00,2018-03-25,17,3,2018,Sunday,-1.31024275,36.8179825,Non-Fatal,0,0,0,0,Other,2
3004,2018-03-26 06:43:00,2018-03-26,6,3,2018,Monday,-1.255458,36.694003,Non-Fatal,0,0,0,0,Other,2
3005,2018-03-27 07:35:00,2018-03-27,7,3,2018,Tuesday,-1.2960755,36.860385,Non-Fatal,0,0,0,0,Other,2
3006,2018-03-27 08:51:00,2018-03-27,8,3,2018,Tuesday,-1.29422675,36.852293,Non-Fatal,0,0,0,0,Other,2
3007,2018-03-27 11:50:00,2018-03-27,11,3,2018,Tuesday,-1.2609115,36.795766,Non-Fatal,0,0,1,0,Motorcycle,2
3008,2018-03-29 10:16:00,2018-03-29,10,3,2018,Thursday,-1.024104,37.0669645,Non-Fatal,0,0,0,0,Other,2
3009,2018-03-29 19:26:00,2018-03-29,19,3,2018,Thursday,-1.346559,36.902353,Fatal,1,0,0,0,Other,2
3010,2018-03-30 06:24:00,2018-03-30,6,3,2018,Friday,-1.2450775,36.8668835,Non-Fatal,0,0,0,0,Other,2
3011,2018-03-31 09:05:00,2018-03-31,9,3,2018,Saturday,-1.265669059,36.83520978,Non-Fatal,0,0,0,0,Other,5
3012,2018-03-31 10:10:00,2018-03-31,10,3,2018,Saturday,-1.319401093,36.83811386,Non-Fatal,0,1,0,0,Pedestrian,4
3013,2018-04-02 12:20:00,2018-04-02,12,4,2018,Monday,-1.1819075,36.9373865,Non-Fatal,0,0,0,1,Matatu,4
3014,2018-04-04 05:06:00,2018-04-04,5,4,2018,Wednesday,-1.342945,36.7644435,Non-Fatal,0,0,0,0,Other,2
3015,2018-04-08 22:18:00,2018-04-08,22,4,2018,Sunday,-1.318552,36.811371,Fatal,1,1,0,0,Pedestrian,2
3016,2018-04-09 02:56:00,2018-04-09,2,4,2018,Monday,-1.304861,36.8263315,Non-Fatal,0,0,0,0,Other,2
3017,2018-04-09 15:29:00,2018-04-09,15,4,2018,Monday,-1.262684087,36.76524344,Non-Fatal,0,0,0,1,Matatu,3
3018,2018-04-10 05:53:00,2018-04-10,5,4,2018,Tuesday,-1.2684235,36.835507,Non-Fatal,0,0,0,0,Other,2
3019,2018-04-11 07:23:00,2018-04-11,7,4,2018,Wednesday,-1.232453,36.9899415,Non-Fatal,0,0,0,0,Other,3
3020,2018-04-13 06:01:00,2018-04-13,6,4,2018,Friday,-1.233347663,36.87454495,Non-Fatal,0,0,0,0,Other,4
3021,2018-04-13 17:22:00,2018-04-13,17,4,2018,Friday,-1.26091125,36.8419375,Non-Fatal,0,0,0,0,Other,2
3022,2018-04-14 20:21:00,2018-04-14,20,4,2018,Saturday,-1.364719,36.911405,Non-Fatal,0,0,0,0,Other,2
3023,2018-04-14 20:36:00,2018-04-14,20,4,2018,Saturday,-1.283606,37.10071,Non-Fatal,0,0,0,0,Other,2
3024,2018-04-14 21:01:00,2018-04-14,21,4,2018,Saturday,-1.27700575,36.81367825,Non-Fatal,0,0,0,0,Other,2
3025,2018-04-15 16:57:00,2018-04-15,16,4,2018,Sunday,-1.068176,37.050495,Non-Fatal,0,0,0,0,Other,2
3026,2018-04-15 17:41:00,2018-04-15,17,4,2018,Sunday,-1.32293703,36.84372649,Non-Fatal,0,0,0,0,Other,4
3027,2018-04-16 17:46:00,2018-04-16,17,4,2018,Monday,-1.2620285,36.840156,Non-Fatal,0,0,0,0,Other,2
3028,2018-04-17 07:41:00,2018-04-17,7,4,2018,Tuesday,-1.171223,36.9726725,Non-Fatal,0,0,0,0,Other,2
3029,2018-04-17 18:29:00,2018-04-17,18,4,2018,Tuesday,-1.274458235,36.79992315,Non-Fatal,0,0,0,1,Matatu,3
3030,2018-04-18 02:30:00,2018-04-18,2,4,2018,Wednesday,-1.105573,37.017074,Non-Fatal,0,0,0,0,Other,2
3031,2018-04-18 17:56:00,2018-04-18,17,4,2018,Wednesday,-1.302214,36.83822725,Non-Fatal,0,0,0,1,Matatu,2
3032,2018-04-20 09:03:00,2018-04-20,9,4,2018,Friday,-1.324947609,36.8480689,Non-Fatal,0,0,0,0,Other,4
3033,2018-04-20 17:00:00,2018-04-20,17,4,2018,Friday,-1.305187087,36.82487495,Non-Fatal,0,1,0,0,Pedestrian,3
3034,2018-04-21 12:31:00,2018-04-21,12,4,2018,Saturday,-1.130197,36.983968,Non-Fatal,0,0,0,0,Other,2
3035,2018-04-21 13:24:00,2018-04-21,13,4,2018,Saturday,-1.2593075,36.7687665,Non-Fatal,0,0,0,0,Other,2
3036,2018-04-21 22:04:00,2018-04-21,22,4,2018,Saturday,-1.29697275,36.87563025,Non-Fatal,0,0,0,1,Matatu,5
3037,2018-04-21 22:28:00,2018-04-21,22,4,2018,Saturday,-1.283412,36.823595,Non-Fatal,0,0,0,1,Matatu,3
3038,2018-04-22 14:13:00,2018-04-22,14,4,2018,Sunday,-1.397105,36.941707,Fatal,1,0,0,0,Other,13
3039,2018-04-22 14:58:00,2018-04-22,14,4,2018,Sunday,-1.2997835,36.824071,Non-Fatal,0,0,0,1,Matatu,2
3040,2018-04-23 05:26:00,2018-04-23,5,4,2018,Monday,-1.22475625,36.88510725,Non-Fatal,0,0,0,0,Other,2
3041,2018-04-24 05:21:00,2018-04-24,5,4,2018,Tuesday,-1.344000713,36.90118374,Non-Fatal,0,0,0,0,Other,9
3042,2018-04-24 05:50:00,2018-04-24,5,4,2018,Tuesday,-1.331217851,36.88808339,Non-Fatal,0,0,0,0,Other,9
3043,2018-04-24 05:59:00,2018-04-24,5,4,2018,Tuesday,-1.328164035,36.85333593,Non-Fatal,0,0,0,0,Other,5
3044,2018-04-24 06:35:00,2018-04-24,6,4,2018,Tuesday,-1.259318,36.76871875,Non-Fatal,0,0,0,0,Other,2
3045,2018-04-24 06:51:00,2018-04-24,6,4,2018,Tuesday,-1.232026,36.87558125,Non-Fatal,0,0,0,0,Other,2
3046,2018-04-24 10:48:00,2018-04-24,10,4,2018,Tuesday,-1.370335,36.917657,Non-Fatal,0,0,0,0,Other,2
3047,2018-04-24 21:36:00,2018-04-24,21,4,2018,Tuesday,-1.2183675,36.891856,Fatal,1,0,0,0,Other,3
3048,2018-04-25 06:01:00,2018-04-25,6,4,2018,Wednesday,-1.1960435,36.9017305,Non-Fatal,0,0,0,0,Other,2
3049,2018-04-25 06:10:00,2018-04-25,6,4,2018,Wednesday,-1.203611,36.916902,Non-Fatal,0,0,0,0,Other,2
3050,2018-04-25 09:41:00,2018-04-25,9,4,2018,Wednesday,-3.726119,39.036457,Non-Fatal,0,0,0,0,Other,2
3051,2018-04-25 12:37:00,2018-04-25,12,4,2018,Wednesday,-1.323317,36.84409925,Non-Fatal,0,1,0,0,Pedestrian,2
3052,2018-04-26 06:01:00,2018-04-26,6,4,2018,Thursday,-1.256335,36.855314,Non-Fatal,0,0,0,0,Other,4
3053,2018-04-26 11:18:00,2018-04-26,11,4,2018,Thursday,-1.219341637,36.89136817,Non-Fatal,0,0,0,0,Other,3
3054,2018-04-27 06:25:00,2018-04-27,6,4,2018,Friday,-1.24529375,36.86691225,Non-Fatal,0,0,0,0,Other,3
3055,2018-04-30 22:57:00,2018-04-30,22,4,2018,Monday,-1.090305,37.034528,Fatal,1,0,0,0,Other,2
3056,2018-05-01 07:49:00,2018-05-01,7,5,2018,Tuesday,-1.323555,36.8444135,Fatal,1,1,0,0,Pedestrian,2
3057,2018-05-02 06:50:00,2018-05-02,6,5,2018,Wednesday,-1.35228825,36.762855,Non-Fatal,0,0,0,1,Matatu,4
3058,2018-05-02 07:44:00,2018-05-02,7,5,2018,Wednesday,-1.285539187,36.8827053,Non-Fatal,0,0,0,0,Other,5
3059,2018-05-02 20:39:00,2018-05-02,20,5,2018,Wednesday,-1.289989,36.770248,Non-Fatal,0,0,0,0,Other,2
3060,2018-05-02 22:11:00,2018-05-02,22,5,2018,Wednesday,-1.244652375,36.8672554,Non-Fatal,0,0,0,0,Other,5
3061,2018-05-03 05:58:00,2018-05-03,5,5,2018,Thursday,-1.331576,36.888195,Non-Fatal,0,0,0,0,Other,3
3062,2018-05-03 11:01:00,2018-05-03,11,5,2018,Thursday,-1.3456695,36.90219325,Non-Fatal,0,0,0,0,Other,2
3063,2018-05-03 17:35:00,2018-05-03,17,5,2018,Thursday,-1.093007,37.031652,Non-Fatal,0,0,0,0,Other,2
3064,2018-05-03 20:16:00,2018-05-03,20,5,2018,Thursday,-1.10662635,37.01601545,Non-Fatal,0,0,0,0,Other,5
3065,2018-05-05 12:28:00,2018-05-05,12,5,2018,Saturday,-1.3380625,36.7704455,Non-Fatal,0,0,1,0,Motorcycle,2
3066,2018-05-07 07:35:00,2018-05-07,7,5,2018,Monday,-1.311046,36.729608,Non-Fatal,0,0,0,0,Other,2
3067,2018-05-07 08:11:00,2018-05-07,8,5,2018,Monday,-1.26294525,36.7642709,Non-Fatal,0,0,0,0,Other,3
3068,2018-05-07 15:50:00,2018-05-07,15,5,2018,Monday,-1.18128125,36.9379065,Non-Fatal,0,0,0,0,Other,4
3069,2018-05-08 05:51:00,2018-05-08,5,5,2018,Tuesday,-1.2266657,36.88365505,Non-Fatal,0,0,0,0,Other,2
3070,2018-05-08 17:58:00,2018-05-08,17,5,2018,Tuesday,-1.328049,36.7885965,Non-Fatal,0,0,0,0,Other,2
3071,2018-05-08 18:56:00,2018-05-08,18,5,2018,Tuesday,-1.30435995,36.74663435,Non-Fatal,0,0,0,0,Other,2
3072,2018-05-08 20:47:00,2018-05-08,20,5,2018,Tuesday,-1.266150175,36.8349072,Non-Fatal,0,0,0,0,Other,2
3073,2018-05-08 21:06:00,2018-05-08,21,5,2018,Tuesday,-1.259313,36.70461075,Non-Fatal,0,0,0,0,Other,2
3074,2018-05-08 21:18:00,2018-05-08,21,5,2018,Tuesday,-1.26079975,36.71674675,Non-Fatal,0,0,0,0,Other,2
3075,2018-05-09 05:14:00,2018-05-09,5,5,2018,Wednesday,-1.260553852,36.71759964,Fatal,1,0,0,1,Matatu,42
3076,2018-05-09 10:08:00,2018-05-09,10,5,2018,Wednesday,-1.296461,36.884119,Non-Fatal,0,0,0,1,Matatu,2
3077,2018-05-09 14:41:00,2018-05-09,14,5,2018,Wednesday,-1.3255805,36.794436,Non-Fatal,0,0,0,0,Other,4
3078,2018-05-09 16:16:00,2018-05-09,16,5,2018,Wednesday,-1.325976651,36.84924279,Non-Fatal,0,0,0,0,Other,4
3079,2018-05-09 21:13:00,2018-05-09,21,5,2018,Wednesday,-1.225694,36.9161785,Non-Fatal,0,0,0,0,Other,2
3080,2018-05-10 08:12:00,2018-05-10,8,5,2018,Thursday,-1.432643939,36.96467646,Non-Fatal,0,0,0,0,Other,5
3081,2018-05-10 16:43:00,2018-05-10,16,5,2018,Thursday,-1.342427,36.767526,Non-Fatal,0,0,0,0,Other,2
3082,2018-05-10 19:30:00,2018-05-10,19,5,2018,Thursday,-1.2040745,36.916738,Non-Fatal,0,0,0,0,Other,2
3083,2018-05-11 16:43:00,2018-05-11,16,5,2018,Friday,-1.2029425,36.9177285,Non-Fatal,0,0,0,0,Other,3
3084,2018-05-11 19:55:00,2018-05-11,19,5,2018,Friday,-1.3439975,36.902548,Non-Fatal,0,0,0,1,Matatu,2
3085,2018-05-12 09:05:00,2018-05-12,9,5,2018,Saturday,-1.131089078,36.98206481,Non-Fatal,0,0,0,0,Other,10
3086,2018-05-13 04:59:00,2018-05-13,4,5,2018,Sunday,-1.226183554,36.88405191,Non-Fatal,0,0,0,0,Other,6
3087,2018-05-14 06:46:00,2018-05-14,6,5,2018,Monday,-1.260152,36.72198,Non-Fatal,0,0,0,1,Matatu,2
3088,2018-05-15 20:11:00,2018-05-15,20,5,2018,Tuesday,-0.940628,36.620609,Non-Fatal,0,0,0,0,Other,2
3089,2018-05-16 07:05:00,2018-05-16,7,5,2018,Wednesday,-1.32546805,36.84869045,Non-Fatal,0,0,0,0,Other,2
3090,2018-05-16 08:47:00,2018-05-16,8,5,2018,Wednesday,-1.26981425,36.83166475,Non-Fatal,0,0,0,1,Matatu,3
3091,2018-05-16 19:34:00,2018-05-16,19,5,2018,Wednesday,-1.352021,36.7628505,Non-Fatal,0,0,0,0,Other,2
3092,2018-05-17 07:24:00,2018-05-17,7,5,2018,Thursday,-1.255421661,36.69425239,Non-Fatal,0,0,0,1,Matatu,14
3093,2018-05-17 09:17:00,2018-05-17,9,5,2018,Thursday,-1.317558,36.8338515,Non-Fatal,0,0,1,0,Motorcycle,2
3094,2018-05-17 15:19:00,2018-05-17,15,5,2018,Thursday,-1.364719,36.911405,Non-Fatal,0,0,0,0,Other,2
3095,2018-05-17 16:33:00,2018-05-17,16,5,2018,Thursday,-1.02427375,37.06698075,Non-Fatal,0,0,0,0,Other,4
3096,2018-05-18 07:27:00,2018-05-18,7,5,2018,Friday,-1.2600735,36.7720205,Non-Fatal,0,0,0,0,Other,3
3097,2018-05-18 15:46:00,2018-05-18,15,5,2018,Friday,-1.2708615,36.8290975,Non-Fatal,0,0,0,1,Matatu,2
3098,2018-05-18 15:47:00,2018-05-18,15,5,2018,Friday,-1.266783,36.834315,Non-Fatal,0,0,0,0,Other,2
3099,2018-05-18 19:12:00,2018-05-18,19,5,2018,Friday,-1.118068153,37.00956344,Non-Fatal,0,0,0,0,Other,8
3100,2018-05-18 19:55:00,2018-05-18,19,5,2018,Friday,-1.3115235,36.9256125,Non-Fatal,0,0,0,0,Other,2
3101,2018-05-19 11:17:00,2018-05-19,11,5,2018,Saturday,-1.299802,36.824145,Non-Fatal,0,0,0,0,Other,2
3102,2018-05-20 07:44:00,2018-05-20,7,5,2018,Sunday,-1.3299895,36.8710825,Non-Fatal,0,0,0,0,Other,2
3103,2018-05-20 11:06:00,2018-05-20,11,5,2018,Sunday,-1.3291865,36.85559325,Non-Fatal,0,0,0,1,Matatu,4
3104,2018-05-20 17:34:00,2018-05-20,17,5,2018,Sunday,-1.3266175,36.7950765,Fatal,1,0,0,0,Other,2
3105,2018-05-20 23:06:00,2018-05-20,23,5,2018,Sunday,-1.3167295,36.83394975,Non-Fatal,0,0,0,0,Other,3
3106,2018-05-21 06:47:00,2018-05-21,6,5,2018,Monday,-1.236054,36.890589,Non-Fatal,0,0,0,0,Other,3
3107,2018-05-21 19:54:00,2018-05-21,19,5,2018,Monday,-1.2265776,36.88353678,Non-Fatal,0,0,0,0,Other,3
3108,2018-05-22 04:54:00,2018-05-22,4,5,2018,Tuesday,-1.288828,36.950339,Non-Fatal,0,0,0,0,Other,2
3109,2018-05-22 06:21:00,2018-05-22,6,5,2018,Tuesday,-1.365036,36.911689,Fatal,1,0,0,0,Other,2
3110,2018-05-22 12:05:00,2018-05-22,12,5,2018,Tuesday,-1.170112,36.70204,Non-Fatal,0,0,0,0,Other,3
3111,2018-05-23 07:23:00,2018-05-23,7,5,2018,Wednesday,-1.434152912,36.96554552,Non-Fatal,0,0,0,1,Matatu,4
3112,2018-05-23 14:38:00,2018-05-23,14,5,2018,Wednesday,-1.329873813,36.86956075,Non-Fatal,0,0,0,0,Other,3
3113,2018-05-24 07:45:00,2018-05-24,7,5,2018,Thursday,-1.26993525,36.7926215,Fatal,1,0,0,1,Matatu,18
3114,2018-05-24 08:12:00,2018-05-24,8,5,2018,Thursday,-1.325156,36.848661,Non-Fatal,0,0,0,0,Other,2
3115,2018-05-25 14:47:00,2018-05-25,14,5,2018,Friday,-1.2640555,36.749398,Non-Fatal,0,0,0,0,Other,2
