crash_id,crash_datetime,crash_date,latitude,longitude,n_crash_reports,contains_fatality_words,contains_pedestrian_words,contains_matatu_words,contains_motorcycle_words
1,6/6/2018 20:39,6/6/2018,-1.2631315,36.7642835,1,0,0,0,0
2,6/30/2018 13:36,6/30/2018,-1.295135,36.821932,1,0,0,0,0
3,5/26/2018 7:42,5/26/2018,-1.3718555,36.9204565,1,1,0,0,0
4,5/26/2018 7:52,5/26/2018,-1.209945,36.83323,1,0,0,0,0
5,5/26/2018 15:42,5/26/2018,-1.215468,36.850638,1,0,0,0,0
6,5/26/2018 18:21,5/26/2018,-1.2451285,36.8673795,1,0,0,0,0
7,5/26/2018 20:15,5/26/2018,-1.389695,36.938026,1,0,0,0,0
8,5/27/2018 14:03,5/27/2018,-1.234781,36.8728705,1,0,0,0,0
9,5/27/2018 14:04,5/27/2018,-1.258537,36.91659,1,1,0,0,1
10,5/27/2018 14:49,5/27/2018,-1.067963,37.051213,1,0,0,1,0
11,5/27/2018 17:00,5/27/2018,-1.260797,36.712915,1,0,0,0,1
12,5/28/2018 6:20,5/28/2018,-1.216927,36.8941755,1,0,0,0,0
13,5/28/2018 6:55,5/28/2018,-1.220387,36.89118,1,0,0,0,0
14,5/28/2018 19:42,5/28/2018,-1.396656,36.941388,1,0,0,1,0
15,5/29/2018 16:33,5/29/2018,-1.3195655,36.8385065,1,0,0,0,0
16,5/29/2018 16:44,5/29/2018,-1.304899,36.82478,1,0,0,0,0
17,5/29/2018 17:18,5/29/2018,-1.249479,36.846988,1,0,0,0,0
18,5/29/2018 18:32,5/29/2018,-1.506574,37.095385,1,0,0,0,0
19,5/30/2018 6:35,5/30/2018,-1.25021,36.820718,1,0,0,1,0
20,5/30/2018 10:22,5/30/2018,-1.225951,36.839095,1,0,0,0,0
21,5/30/2018 17:29,5/30/2018,-1.274802,36.812039,1,0,0,0,0
22,5/30/2018 19:07,5/30/2018,-1.262799,36.879031,1,0,0,0,0
23,5/31/2018 8:51,5/31/2018,-1.2642666,36.74699,1,0,0,0,0
24,5/31/2018 13:30,5/31/2018,-1.052522,37.094317,1,1,0,0,1
25,5/31/2018 17:32,5/31/2018,-1.292827,36.7745175,1,0,0,0,0
26,5/31/2018 17:42,5/31/2018,-1.298367,36.802168,1,0,0,0,0
27,5/31/2018 20:02,5/31/2018,-1.300398,36.773832,1,0,0,0,0
28,5/31/2018 20:20,5/31/2018,-1.124653,37.003037,1,0,0,0,0
29,5/31/2018 22:46,5/31/2018,-1.261998,36.84,1,0,0,0,0
30,5/31/2018 22:57,5/31/2018,-1.256093,36.855982,1,0,0,0,0
31,6/1/2018 6:50,6/1/2018,-1.3632275,36.7648435,1,0,0,0,0
32,6/1/2018 9:33,6/1/2018,-0.983177,36.632307,1,0,0,0,0
33,6/1/2018 11:47,6/1/2018,-1.296993,36.875598,1,0,0,0,0
34,6/1/2018 11:59,6/1/2018,-0.940662,36.620393,1,0,0,0,0
35,6/1/2018 12:01,6/1/2018,-0.804494,36.531555,1,0,0,0,0
36,6/1/2018 16:13,6/1/2018,-1.2881165,36.818796,1,0,1,0,0
37,6/1/2018 18:39,6/1/2018,-1.296362,36.883496,1,0,0,0,0
38,6/2/2018 7:46,6/2/2018,-1.2666115,36.8344265,1,0,0,1,0
39,6/2/2018 12:37,6/2/2018,-1.275757,36.8228905,1,0,0,0,0
40,6/2/2018 16:45,6/2/2018,0.491426,35.27037,1,0,0,0,0
41,6/2/2018 19:14,6/2/2018,-1.207233,36.911888,1,0,0,0,0
42,6/2/2018 19:51,6/2/2018,-1.213711,36.899673,1,0,0,0,0
43,6/2/2018 21:04,6/2/2018,-1.220088,36.892,1,0,0,0,0
44,6/3/2018 0:25,6/3/2018,-1.289163,36.811719,1,0,0,0,0
45,6/3/2018 6:29,6/3/2018,-1.3442335,36.666157,1,0,0,1,0
46,6/3/2018 14:13,6/3/2018,-1.288932,36.839907,1,0,0,0,0
47,6/3/2018 18:14,6/3/2018,-1.2693285,36.805776,1,0,0,0,0
48,6/3/2018 20:14,6/3/2018,-1.364719,36.911405,1,0,0,0,0
49,6/3/2018 22:15,6/3/2018,-1.097772,36.627076,1,0,0,0,0
50,6/4/2018 1:54,6/4/2018,-1.355691,36.657324,1,0,0,0,0
51,6/4/2018 1:55,6/4/2018,-1.217267,36.8929095,1,0,0,0,0
52,6/4/2018 5:45,6/4/2018,-1.396243,36.745543,1,0,0,0,0
53,6/4/2018 6:54,6/4/2018,-1.29374,36.795907,1,0,0,0,1
54,6/4/2018 11:32,6/4/2018,-1.2612255,36.8739765,1,0,0,1,0
55,6/4/2018 12:23,6/4/2018,-1.148514,36.961087,1,0,0,0,0
56,6/4/2018 14:29,6/4/2018,-1.278919,36.784299,1,0,0,0,0
57,6/4/2018 15:23,6/4/2018,-1.12422,37.003608,1,0,0,0,0
58,6/4/2018 17:45,6/4/2018,-1.266667,36.834423,1,0,0,0,0
59,6/5/2018 7:36,6/5/2018,-1.324801,36.8481885,1,0,0,0,0
60,6/5/2018 11:50,6/5/2018,-1.153175,36.961002,1,0,0,0,0
61,6/5/2018 15:26,6/5/2018,-1.3249405,36.848489,1,0,0,0,0
62,6/5/2018 17:06,6/5/2018,-1.280817,36.816967,1,0,0,0,0
63,6/5/2018 18:59,6/5/2018,-1.297165,36.875237,1,0,0,0,0
64,6/5/2018 19:13,6/5/2018,-1.210473,36.7894545,1,0,0,0,0
65,6/5/2018 20:23,6/5/2018,-1.245244,36.7695612,1,0,0,0,0
66,6/5/2018 21:26,6/5/2018,-1.287058,36.836512,1,0,0,0,0
67,6/5/2018 23:10,6/5/2018,-1.181702,36.9373895,1,1,0,0,0
68,6/6/2018 3:33,6/6/2018,-1.2631,36.979394,1,0,0,0,0
69,6/6/2018 7:08,6/6/2018,-1.2198175,36.8911125,1,0,0,0,0
70,6/6/2018 9:17,6/6/2018,-1.264737,36.802079,1,0,0,1,0
71,6/6/2018 21:13,6/6/2018,-1.406897,36.947256,1,0,0,0,0
72,6/6/2018 21:58,6/6/2018,-1.411171,36.951006,1,0,0,0,0
73,6/7/2018 5:43,6/7/2018,-1.285105,36.883902,1,0,0,0,0
74,6/7/2018 5:55,6/7/2018,-1.203801,36.916523,1,0,0,0,0
75,6/7/2018 6:31,6/7/2018,-1.260699,36.716544,1,0,0,0,0
76,6/7/2018 6:50,6/7/2018,-1.278127,36.8214565,1,0,0,0,0
77,6/7/2018 8:12,6/7/2018,-1.364719,36.911405,1,0,0,0,0
78,6/7/2018 8:15,6/7/2018,-1.3339635,36.779085,1,0,0,0,0
79,6/7/2018 14:46,6/7/2018,-1.300187,36.7743565,1,0,0,0,0
80,6/7/2018 14:48,6/7/2018,-1.227037,36.882905,1,0,0,0,0
81,6/7/2018 16:29,6/7/2018,-1.372598,36.920491,1,0,0,0,0
82,6/7/2018 18:52,6/7/2018,-1.190474,36.739465,1,0,0,0,0
83,6/7/2018 21:28,6/7/2018,-1.136438,36.97028,1,0,0,0,0
84,6/8/2018 5:17,6/8/2018,-1.525206,37.121076,1,0,0,0,0
85,6/8/2018 6:41,6/8/2018,-1.343014,36.765581,1,0,0,0,0
86,6/8/2018 7:06,6/8/2018,-1.332986,36.80054,1,0,0,0,0
87,6/8/2018 7:28,6/8/2018,-1.039962,37.068619,1,0,0,1,0
88,6/8/2018 7:29,6/8/2018,-1.317394,36.812597,1,0,0,0,0
89,6/8/2018 7:44,6/8/2018,-1.328397,36.800541,1,0,0,0,0
90,6/8/2018 10:43,6/8/2018,-1.260901,36.71664,1,0,0,0,0
91,6/8/2018 11:28,6/8/2018,-1.272665,36.808979,1,0,0,0,0
92,6/8/2018 13:05,6/8/2018,-1.27496,36.818027,1,0,0,0,0
93,6/8/2018 15:30,6/8/2018,-1.492577,37.055126,1,0,0,0,0
94,6/9/2018 8:12,6/9/2018,-1.299726,36.824457,1,0,0,1,0
95,6/9/2018 8:38,6/9/2018,-1.305172,36.754582,1,0,0,0,0
96,6/9/2018 10:54,6/9/2018,-1.292437,36.805122,1,0,0,0,1
97,6/9/2018 11:56,6/9/2018,-1.252175,36.959263,1,0,0,0,0
98,6/9/2018 19:59,6/9/2018,-1.274917,36.823408,1,0,0,0,0
99,6/9/2018 20:15,6/9/2018,-1.307371,36.889824,1,0,1,0,0
100,6/9/2018 20:36,6/9/2018,-1.3228495,36.8990795,1,0,0,0,0
101,6/9/2018 22:34,6/9/2018,-1.259203,36.842383,1,0,0,0,0
102,6/10/2018 2:34,6/10/2018,-1.1711185,36.9725295,1,1,0,0,0
103,6/10/2018 12:21,6/10/2018,-1.300044,36.7872145,1,0,1,0,0
104,6/10/2018 18:02,6/10/2018,-1.206032,36.914291,1,0,0,0,0
105,6/10/2018 18:10,6/10/2018,-1.210347,36.90942,1,0,0,0,0
106,6/10/2018 18:24,6/10/2018,-1.215691,36.895632,1,0,0,0,0
107,6/10/2018 18:59,6/10/2018,-1.131297,36.982169,1,0,0,0,0
108,6/11/2018 9:12,6/11/2018,-1.259459,36.844829,1,0,1,0,0
109,6/11/2018 14:35,6/11/2018,-1.2967465,36.8760185,1,0,0,1,1
110,6/11/2018 18:48,6/11/2018,-1.259999,36.895915,1,0,0,0,0
111,6/12/2018 7:35,6/12/2018,-1.263123,36.838843,1,0,0,0,0
112,6/12/2018 8:06,6/12/2018,-1.299826,36.824192,1,0,0,0,0
113,6/12/2018 14:38,6/12/2018,-1.297632,36.869754,1,0,0,0,1
114,6/12/2018 18:47,6/12/2018,-1.2515222,36.93756,1,0,0,0,0
115,6/12/2018 19:24,6/12/2018,-1.292918,36.820308,1,0,0,0,0
116,6/12/2018 20:43,6/12/2018,-1.177645,36.915433,1,0,0,0,0
117,6/13/2018 6:06,6/13/2018,-1.285249,36.819619,1,0,0,0,0
118,6/13/2018 6:32,6/13/2018,-1.3291645,36.870969,1,0,0,1,0
119,6/13/2018 6:36,6/13/2018,-1.20004,36.920365,1,0,0,0,0
120,6/13/2018 15:44,6/13/2018,-1.32681,36.852673,1,0,0,0,1
121,6/13/2018 16:47,6/13/2018,-1.1217925,37.0067835,1,0,0,0,0
122,6/13/2018 17:22,6/13/2018,-1.130442,36.982174,1,0,0,0,0
123,6/13/2018 19:43,6/13/2018,-1.2854,36.828469,1,0,0,0,0
124,6/13/2018 19:44,6/13/2018,-1.244617,36.867234,1,0,0,0,0
125,6/14/2018 6:59,6/14/2018,-1.2893585,36.785387,1,0,0,0,0
126,6/14/2018 8:55,6/14/2018,-1.2942895,36.8506075,1,1,0,0,0
127,6/14/2018 9:50,6/14/2018,-0.792679,36.52482,1,0,0,0,0
128,6/14/2018 10:32,6/14/2018,-1.2925405,36.789615,1,0,0,0,0
129,6/14/2018 14:58,6/14/2018,-1.2261085,36.8831795,1,0,0,0,0
130,6/14/2018 16:40,6/14/2018,-1.291011,36.82333,1,0,0,0,0
131,6/14/2018 17:50,6/14/2018,-1.248458,36.8633035,1,0,0,0,0
132,6/15/2018 19:51,6/15/2018,-1.234399,36.99005,1,0,0,0,0
133,6/17/2018 9:34,6/17/2018,-1.3193655,36.838268,1,0,0,0,0
134,6/17/2018 23:27,6/17/2018,-1.296765,36.876709,1,0,0,0,1
135,6/19/2018 16:45,6/19/2018,-1.3042055,36.839078,1,0,0,0,1
136,6/19/2018 17:17,6/19/2018,-1.204089,36.9165105,1,0,0,0,0
137,6/19/2018 18:08,6/19/2018,-1.266943,36.809149,1,0,0,0,0
138,6/19/2018 19:36,6/19/2018,-1.172129,36.947516,1,0,0,0,0
139,6/19/2018 20:10,6/19/2018,-1.181013,36.9382305,1,0,1,0,0
140,6/20/2018 7:34,6/20/2018,-1.295375,36.8864,1,0,0,0,0
141,6/20/2018 7:47,6/20/2018,-1.269846,36.807199,1,0,0,0,0
142,6/20/2018 10:45,6/20/2018,-1.326041,36.7937735,1,0,0,0,0
143,6/20/2018 16:04,6/20/2018,-1.372631,36.9215365,1,0,0,0,0
144,6/20/2018 19:21,6/20/2018,-1.2861805,36.8338935,1,0,0,1,0
145,6/20/2018 19:40,6/20/2018,-1.204089,36.9165105,1,0,0,0,0
146,6/21/2018 6:14,6/21/2018,-1.295375,36.8864,1,0,0,0,0
147,6/21/2018 6:25,6/21/2018,-1.252702,36.8592995,1,0,0,0,0
148,6/21/2018 7:18,6/21/2018,-1.248045,36.8640365,1,0,0,0,0
149,6/21/2018 7:40,6/21/2018,-1.244371,36.8669365,1,0,0,0,0
150,6/21/2018 9:22,6/21/2018,-1.283389,36.823544,1,0,0,0,0
151,6/21/2018 15:55,6/21/2018,-1.105047,36.630144,1,0,0,0,0
152,6/21/2018 19:52,6/21/2018,-1.107324,37.015486,1,0,0,0,0
153,6/22/2018 6:15,6/22/2018,-1.2594055,36.844797,1,0,0,0,0
154,6/22/2018 7:39,6/22/2018,-1.3194825,36.897537,1,0,0,0,0
155,6/22/2018 10:43,6/22/2018,-1.3315735,36.888197,1,0,0,0,0
156,6/22/2018 12:52,6/22/2018,-1.04122,37.071924,1,0,0,0,0
157,6/23/2018 6:30,6/23/2018,-1.297096,36.875273,1,0,0,0,0
158,6/23/2018 20:25,6/23/2018,-1.324893,36.846924,1,0,0,0,0
159,6/23/2018 20:27,6/23/2018,-1.024323,37.0670515,1,0,0,0,0
160,6/24/2018 1:25,6/24/2018,-1.304873,36.826523,1,0,0,0,0
161,6/24/2018 1:48,6/24/2018,-1.024323,37.0670515,1,0,0,0,0
162,6/24/2018 12:28,6/24/2018,-1.024331,37.067045,1,0,0,0,0
163,6/24/2018 13:20,6/24/2018,-1.2326965,36.874799,1,0,0,0,0
164,6/24/2018 17:49,6/24/2018,-1.204543,36.916238,1,0,0,0,0
165,6/25/2018 6:46,6/25/2018,-4.030708,39.640127,1,0,0,1,0
166,6/25/2018 9:24,6/25/2018,-1.2205955,36.8887205,1,0,0,0,0
167,6/25/2018 11:38,6/25/2018,-4.029915,39.632612,1,0,0,1,0
168,6/25/2018 16:19,6/25/2018,-1.132897,36.6349645,1,0,0,0,0
169,6/25/2018 18:52,6/25/2018,-1.3194545,36.8382225,1,0,0,0,0
170,6/25/2018 19:00,6/25/2018,-1.2594055,36.844797,1,0,0,0,0
171,6/27/2018 8:24,6/27/2018,-1.040628,36.823518,1,0,0,0,0
172,6/27/2018 9:39,6/27/2018,-3.793191,39.38432,1,0,0,0,0
173,6/27/2018 13:14,6/27/2018,-1.238104,36.8439875,1,0,0,0,0
174,6/27/2018 13:20,6/27/2018,-1.2948505,36.787387,1,0,0,0,0
175,6/28/2018 16:57,6/28/2018,-1.2610945,36.841869,1,0,0,0,0
176,6/28/2018 17:03,6/28/2018,-1.2848035,36.8204285,1,0,0,0,0
177,6/28/2018 19:09,6/28/2018,-1.263175,36.758835,1,0,0,1,0
178,6/29/2018 7:07,6/29/2018,-1.2058225,36.8320265,1,0,0,0,0
179,6/29/2018 7:46,6/29/2018,-1.269846,36.807199,1,0,0,0,0
180,6/29/2018 12:35,6/29/2018,-1.3328455,36.7816645,1,0,0,0,1
181,6/29/2018 18:03,6/29/2018,-1.263873,36.7494195,1,0,0,0,0
182,6/30/2018 6:56,6/30/2018,-1.372794,36.92026,1,0,0,0,0
183,6/30/2018 8:23,6/30/2018,-1.205315,36.778044,1,0,0,0,0
184,6/30/2018 9:08,6/30/2018,-1.2184465,36.892509,1,0,0,0,0
185,6/30/2018 9:25,6/30/2018,-1.2263555,36.883683,1,0,0,0,0
186,6/30/2018 10:03,6/30/2018,-1.037827,37.0636,1,0,0,0,0
187,6/30/2018 10:17,6/30/2018,-1.201342,36.908912,1,0,0,0,0
188,6/30/2018 11:10,6/30/2018,-1.2488345,36.86568,1,0,0,0,0
189,6/30/2018 13:37,6/30/2018,-1.291326,36.824422,1,0,0,0,0
190,6/30/2018 15:12,6/30/2018,-1.2184465,36.892509,1,0,0,0,0
191,6/30/2018 16:07,6/30/2018,-1.210902,36.907413,1,0,0,0,0
192,7/1/2018 7:18,7/1/2018,-1.259024,36.778396,1,0,0,0,0
193,7/1/2018 17:58,7/1/2018,-1.259304,36.7858145,1,0,0,0,0
194,7/1/2018 21:40,7/1/2018,-1.2046095,36.77569,1,0,0,0,0
195,7/1/2018 23:56,7/1/2018,-1.3251365,36.8487345,1,0,0,0,0
196,7/2/2018 5:23,7/2/2018,-1.3301285,36.8709395,1,0,0,0,0
197,7/2/2018 7:00,7/2/2018,-1.227172,36.8858135,1,0,0,0,0
198,7/2/2018 7:09,7/2/2018,-1.477136,37.038044,1,1,0,0,0
199,7/2/2018 7:52,7/2/2018,-1.3235715,36.8478045,1,0,0,0,0
200,7/3/2018 7:18,7/3/2018,-1.280503,36.814531,1,0,0,0,0
201,7/3/2018 10:49,7/3/2018,-0.58228,37.092066,1,0,0,0,0
202,7/3/2018 20:41,7/3/2018,-1.2263555,36.883683,1,0,0,0,0
203,7/4/2018 6:15,7/4/2018,-1.3234565,36.8993865,1,0,0,0,0
204,7/4/2018 13:16,7/4/2018,-2.058049,37.430015,1,0,0,0,0
205,7/4/2018 16:53,7/4/2018,-2.079876,37.473017,1,0,0,0,0
206,7/5/2018 5:59,7/5/2018,-1.3294435,36.854464,1,0,0,0,0
207,7/5/2018 7:10,7/5/2018,-1.264314,36.7459225,1,0,0,0,0
208,7/5/2018 8:23,7/5/2018,-2.079876,37.473017,1,0,0,0,0
209,7/5/2018 9:02,7/5/2018,-1.2594365,36.776683,1,0,0,0,0
210,7/5/2018 10:03,7/5/2018,-1.263683,36.983035,1,0,0,0,0
211,7/5/2018 10:53,7/5/2018,-1.32147,36.903874,1,0,0,0,0
212,7/5/2018 14:47,7/5/2018,-1.259459,36.844829,1,0,0,1,0
213,7/5/2018 17:35,7/5/2018,-1.327018,36.845147,1,0,0,0,0
214,7/6/2018 6:33,7/6/2018,-2.079876,37.473017,1,0,0,0,0
215,7/6/2018 6:35,7/6/2018,-1.264048,36.754254,1,0,0,1,0
216,7/6/2018 8:54,7/6/2018,-1.259459,36.844829,1,0,0,0,0
217,7/6/2018 11:25,7/6/2018,-1.313309,36.813301,1,0,0,0,0
218,7/6/2018 16:09,7/6/2018,-1.2752025,36.8230845,1,0,0,0,0
219,7/6/2018 22:49,7/6/2018,-1.181013,36.9382305,1,0,0,0,0
220,7/8/2018 3:01,7/8/2018,-1.43382,36.9664145,1,0,0,0,0
221,7/8/2018 8:19,7/8/2018,-1.393574,36.939563,1,1,0,0,0
222,7/8/2018 9:43,7/8/2018,-1.3193275,36.813198,1,0,0,0,0
223,7/8/2018 19:00,7/8/2018,-1.172129,36.947516,1,0,0,0,0
224,7/8/2018 19:46,7/8/2018,-2.211075,37.714634,1,0,0,0,0
225,7/8/2018 20:28,7/8/2018,-1.2261955,36.883694,1,0,0,0,0
226,7/8/2018 21:13,7/8/2018,-1.330334,36.889867,1,0,0,0,0
227,7/9/2018 8:42,7/9/2018,-1.289546,36.7616,1,0,0,0,0
228,7/9/2018 13:01,7/9/2018,-1.246407,36.868857,1,0,0,0,0
229,7/9/2018 14:45,7/9/2018,-1.345364,36.9024745,1,0,0,0,0
230,7/9/2018 16:33,7/9/2018,-1.285487,36.791054,1,0,0,0,0
231,7/9/2018 17:27,7/9/2018,-1.118192,37.010204,1,0,0,0,0
232,7/9/2018 18:18,7/9/2018,-1.263269,36.757668,1,0,0,0,0
233,7/9/2018 19:09,7/9/2018,-1.2195405,36.891369,1,0,0,1,1
234,7/10/2018 8:06,7/10/2018,-1.259942,36.843874,1,0,0,0,0
235,7/10/2018 15:09,7/10/2018,-0.372115,35.2823525,1,1,0,0,1
236,7/10/2018 19:27,7/10/2018,-1.234881,36.671483,1,0,0,0,0
237,7/10/2018 19:51,7/10/2018,-1.225011,36.705686,1,0,0,0,0
238,7/10/2018 20:41,7/10/2018,-1.329883,36.870701,1,0,0,0,1
239,7/11/2018 6:11,7/11/2018,-1.351218,36.905734,1,0,0,0,0
240,7/11/2018 6:12,7/11/2018,-1.360121,36.908146,1,0,0,0,0
241,7/11/2018 6:30,7/11/2018,-0.940619,36.620657,1,0,0,1,0
242,7/11/2018 8:43,7/11/2018,-1.2785164,36.82129125,1,0,0,1,0
243,7/11/2018 8:58,7/11/2018,-1.274486,36.7983945,1,0,0,0,0
244,7/11/2018 12:12,7/11/2018,-1.45238,37.000924,1,0,0,0,0
245,7/11/2018 13:16,7/11/2018,-1.148683,36.958992,1,0,0,0,0
246,7/11/2018 17:08,7/11/2018,-1.30527,36.832769,1,0,0,0,0
247,7/11/2018 17:36,7/11/2018,-1.277958,36.813952,1,0,1,0,0
248,7/12/2018 6:58,7/12/2018,-1.300027,36.777157,1,0,0,0,0
249,7/12/2018 15:38,7/12/2018,-1.218826,36.891298,1,0,0,0,0
250,7/13/2018 7:08,7/13/2018,-1.25781,36.700915,1,0,0,0,0
251,7/15/2018 13:15,7/15/2018,-1.29890707,36.77939484,1,0,0,0,0
252,7/15/2018 18:38,7/15/2018,-1.053377,36.630913,1,0,0,0,0
253,7/15/2018 21:45,7/15/2018,-1.294684681,36.85307892,1,0,0,1,0
254,7/16/2018 6:50,7/16/2018,-1.395628367,36.94102487,1,0,0,0,0
255,7/16/2018 7:19,7/16/2018,-1.405483661,36.94613746,1,0,0,0,0
256,7/16/2018 7:42,7/16/2018,-1.242889,36.677106,1,1,0,0,0
257,7/16/2018 9:09,7/16/2018,-1.23995,36.844179,1,0,0,0,0
258,7/16/2018 10:38,7/16/2018,-1.250033,36.846732,1,0,0,0,0
259,7/16/2018 11:07,7/16/2018,-1.245571,36.845404,1,0,0,0,0
260,7/16/2018 14:03,7/16/2018,-1.3691612,36.9168082,1,0,0,0,0
261,7/17/2018 5:04,7/17/2018,-1.259545914,36.77552519,1,0,0,0,0
262,7/17/2018 8:41,7/17/2018,-1.365265,36.911847,1,0,0,0,0
263,7/17/2018 8:48,7/17/2018,-1.262012186,36.87304721,1,0,0,1,0
264,7/17/2018 16:05,7/17/2018,-1.247735,36.81602,1,0,0,0,0
265,7/17/2018 17:40,7/17/2018,-1.106973,37.015485,1,0,0,0,0
266,7/17/2018 20:50,7/17/2018,-1.319666,36.838437,1,0,0,0,1
267,7/18/2018 6:37,7/18/2018,-1.259436525,36.78603644,1,0,0,0,0
268,7/18/2018 7:21,7/18/2018,-1.260167,36.790596,1,0,0,0,0
269,7/18/2018 7:26,7/18/2018,-1.260259853,36.77113505,1,0,0,0,0
270,7/18/2018 20:00,7/18/2018,-1.266699449,36.80352345,1,0,0,0,0
271,7/18/2018 21:03,7/18/2018,-1.32560138,36.79449221,1,0,0,0,0
272,7/18/2018 21:33,7/18/2018,-1.188830907,36.9314266,1,0,0,0,1
273,7/19/2018 8:30,7/19/2018,-1.164806,36.957244,1,0,0,0,0
274,7/19/2018 10:19,7/19/2018,-1.33119208,36.88856874,1,0,0,0,0
275,7/19/2018 16:46,7/19/2018,-1.257454,36.826709,1,0,0,0,0
276,7/19/2018 23:27,7/19/2018,-1.335453,36.892747,1,0,0,0,0
277,7/20/2018 6:08,7/20/2018,-1.224276,36.886716,1,0,0,0,0
278,7/20/2018 6:58,7/20/2018,-1.319504,36.906722,1,0,0,0,0
279,7/20/2018 21:15,7/20/2018,-1.2562187,36.8552686,1,0,0,0,0
280,7/21/2018 4:02,7/21/2018,-1.32381574,36.84490437,1,0,0,0,0
281,7/21/2018 9:15,7/21/2018,-1.195786185,36.83826736,1,0,0,0,0
282,7/21/2018 9:17,7/21/2018,-1.21866,36.83586,1,0,0,0,0
283,7/21/2018 14:06,7/21/2018,-0.805883,36.532611,1,0,0,0,0
284,7/21/2018 20:21,7/21/2018,-1.297014367,36.87565808,1,1,1,0,0
285,7/22/2018 14:18,7/22/2018,-1.354166955,36.90668421,1,0,0,0,0
286,7/22/2018 21:02,7/22/2018,-1.312572,36.829934,1,0,0,0,0
287,7/23/2018 6:37,7/23/2018,-1.2774841,36.8211912,1,0,0,0,0
288,7/23/2018 7:34,7/23/2018,-1.02398,37.066899,1,0,0,1,0
289,7/23/2018 11:15,7/23/2018,-1.25971,36.786735,1,0,0,0,0
290,7/24/2018 5:11,7/24/2018,-1.289546,36.761635,1,0,0,0,0
291,7/24/2018 6:25,7/24/2018,-1.28051073,36.96433483,1,0,0,1,0
292,7/24/2018 6:32,7/24/2018,-1.3196244,36.8383712,1,0,0,1,0
293,7/24/2018 9:45,7/24/2018,-1.236467,36.806911,1,0,0,0,0
294,7/24/2018 14:07,7/24/2018,-1.142937,36.966611,1,0,0,0,0
295,7/24/2018 19:30,7/24/2018,-1.259759,36.844339,1,0,0,0,0
296,7/25/2018 6:31,7/25/2018,-1.2641004,36.7542523,1,0,0,0,0
297,7/25/2018 6:49,7/25/2018,-1.28176092,36.81497523,1,1,1,0,0
298,7/25/2018 7:27,7/25/2018,-1.259911,36.843977,1,0,0,0,0
299,7/25/2018 7:40,7/25/2018,-1.283269,36.824646,1,0,0,0,0
300,7/25/2018 7:45,7/25/2018,-1.2184363,36.8914368,1,0,0,0,0
301,7/25/2018 12:28,7/25/2018,-1.2381308,36.8439714,1,0,0,1,0
302,7/26/2018 14:12,7/26/2018,-1.244967,36.866891,1,0,0,0,1
303,7/26/2018 15:36,7/26/2018,-1.3256014,36.7944922,1,0,0,0,0
304,7/27/2018 16:25,7/27/2018,-1.25944,36.7756735,1,0,0,0,0
305,7/27/2018 17:08,7/27/2018,-1.274329,36.812513,1,0,0,0,0
306,7/27/2018 18:01,7/27/2018,-1.2917857,36.8406529,1,0,0,1,0
307,7/27/2018 18:36,7/27/2018,-1.1819149,36.9376677,1,0,0,0,0
308,7/27/2018 18:54,7/27/2018,-1.2893,36.949665,1,0,0,0,0
309,7/27/2018 22:29,7/27/2018,-1.3311921,36.8885687,1,0,0,0,0
310,7/28/2018 4:19,7/28/2018,-1.279215,36.967267,1,0,0,0,0
311,7/28/2018 5:37,7/28/2018,-1.329762,36.855566,1,0,0,0,0
312,7/28/2018 9:52,7/28/2018,-1.295163,36.855671,1,0,0,0,0
313,7/28/2018 17:20,7/28/2018,-1.295155,36.855581,1,0,0,0,0
314,7/28/2018 19:18,7/28/2018,-1.212906,36.893316,1,0,0,0,0
315,7/28/2018 19:39,7/28/2018,-1.330524,36.866639,1,0,0,0,0
316,7/29/2018 10:53,7/29/2018,-1.281182,36.822749,1,1,1,1,0
317,7/29/2018 11:56,7/29/2018,-1.277131,36.806491,1,0,0,0,0
318,7/29/2018 17:48,7/29/2018,-1.479244836,37.04201588,1,0,0,0,0
319,7/29/2018 19:12,7/29/2018,-1.490968,37.056855,1,1,0,0,1
320,7/30/2018 12:21,7/30/2018,-1.389817,36.936968,1,0,0,0,0
321,7/30/2018 12:33,7/30/2018,-1.259482,36.844861,1,0,0,0,0
322,7/30/2018 17:02,7/30/2018,-1.2812652,36.8227376,1,0,0,1,0
323,7/30/2018 17:47,7/30/2018,-1.326557,36.845265,1,0,0,0,0
324,7/31/2018 13:23,7/31/2018,-1.325446,36.848511,1,0,0,0,0
325,7/31/2018 13:25,7/31/2018,-1.31962444,36.83837121,1,0,0,0,0
326,7/31/2018 17:46,7/31/2018,-1.26298,36.764443,1,0,0,0,0
327,7/31/2018 20:55,7/31/2018,-1.28961942,36.76156013,1,0,0,0,0
328,12/30/2017 16:19,12/30/2017,-1.244991,36.86694635,1,0,0,0,0
329,12/30/2017 14:00,12/30/2017,-1.304881,36.82655,1,0,0,0,0
330,12/30/2017 13:55,12/30/2017,-1.340526,36.750785,1,0,0,0,0
331,12/30/2017 12:36,12/30/2017,-1.215277,36.81411,1,0,0,0,1
332,12/30/2017 11:24,12/30/2017,-0.982614,36.585946,1,0,0,0,0
333,12/31/2017 18:43,12/31/2017,-1.266714,36.834694,1,0,0,0,0
334,12/29/2017 16:49,12/29/2017,-1.172072333,36.94727033,1,0,0,0,0
335,12/31/2017 18:28,12/31/2017,-1.148356,36.666281,1,0,0,0,0
336,12/29/2017 15:14,12/29/2017,-1.294139,36.85129,1,0,0,0,0
337,12/29/2017 9:51,12/29/2017,-1.2063872,36.7826582,1,0,0,0,0
338,12/27/2017 20:06,12/27/2017,-1.223329,36.663619,1,0,0,0,0
339,12/27/2017 7:19,12/27/2017,-1.280537,36.964064,1,0,0,0,0
340,12/27/2017 6:41,12/27/2017,-1.286402,36.954277,1,0,0,0,0
341,12/31/2017 12:48,12/31/2017,-1.2627803,36.76434337,1,0,0,0,0
342,3/8/2018 21:53,3/8/2018,-1.330731,36.858072,1,0,0,0,0
343,3/8/2018 19:30,3/8/2018,-1.2630775,36.76395,1,0,0,0,0
344,3/8/2018 17:45,3/8/2018,-1.372301,36.920982,1,1,0,0,0
345,3/8/2018 9:55,3/8/2018,-1.204007,36.91671,1,0,0,0,0
346,3/8/2018 9:25,3/8/2018,-1.129606,36.98879,1,0,0,0,0
347,3/8/2018 9:06,3/8/2018,-1.133275,36.9728675,1,0,0,0,0
348,3/8/2018 8:42,3/8/2018,-1.326427,36.845333,1,0,0,0,0
349,3/8/2018 8:38,3/8/2018,-1.329161,36.875058,1,0,0,0,1
350,3/8/2018 7:46,3/8/2018,-0.96372,37.101413,1,0,0,0,0
351,3/8/2018 6:51,3/8/2018,-1.323638,36.899686,1,0,0,0,0
352,3/8/2018 5:42,3/8/2018,-1.024227,37.067013,1,0,0,0,0
353,3/7/2018 14:42,3/7/2018,-0.80577,36.532981,1,0,0,0,0
354,3/7/2018 6:52,3/7/2018,-1.3313255,36.858187,1,0,0,0,0
355,3/6/2018 21:50,3/6/2018,-1.259822,36.843626,1,0,0,0,0
356,3/6/2018 20:13,3/6/2018,-1.2365415,36.8439635,1,0,0,0,0
357,3/6/2018 18:11,3/6/2018,-1.355978,36.762093,1,0,0,0,0
358,3/6/2018 17:49,3/6/2018,-1.217865,36.891102,1,0,0,0,0
359,3/6/2018 17:44,3/6/2018,-1.33791,36.7734115,1,0,0,0,0
360,3/6/2018 16:08,3/6/2018,-1.2452305,36.8672055,1,1,1,0,0
361,3/5/2018 22:22,3/5/2018,-1.262585,36.764419,1,0,0,0,0
362,3/5/2018 19:25,3/5/2018,-1.297669,36.829802,1,0,0,0,0
363,3/5/2018 19:23,3/5/2018,-1.23831,36.844183,1,0,0,0,0
364,3/5/2018 19:09,3/5/2018,-0.820631,37.230048,1,1,0,0,0
365,3/5/2018 18:40,3/5/2018,-1.0314775,37.072629,1,0,0,0,0
366,3/5/2018 17:16,3/5/2018,-1.147258,36.962195,1,0,0,0,0
367,3/5/2018 16:52,3/5/2018,-1.26094,36.8419145,1,0,0,0,0
368,3/5/2018 9:51,3/5/2018,-1.297483,36.885942,1,0,0,0,0
369,3/5/2018 7:52,3/5/2018,-1.255109,36.85603,1,0,0,0,1
370,3/5/2018 7:19,3/5/2018,-1.132556,36.974469,1,0,0,0,0
371,3/5/2018 6:18,3/5/2018,-1.218141,36.891323,1,0,0,0,0
372,3/4/2018 22:51,3/4/2018,-0.946163,36.5952,1,0,0,0,0
373,3/4/2018 21:46,3/4/2018,-1.231323,36.877523,1,0,0,0,0
374,3/4/2018 19:52,3/4/2018,-0.983153,36.629137,1,0,0,0,0
375,3/4/2018 19:04,3/4/2018,-1.31832,36.715673,1,0,0,0,1
376,3/4/2018 16:16,3/4/2018,-1.759086,37.204824,1,0,0,0,0
377,3/4/2018 15:23,3/4/2018,-1.2773605,37.1386025,1,1,0,1,0
378,3/4/2018 13:27,3/4/2018,-1.283524,37.0884405,1,0,0,0,0
379,3/4/2018 3:17,3/4/2018,-1.323591,36.899168,1,0,0,0,0
380,3/3/2018 20:32,3/3/2018,-1.2452305,36.8669375,1,0,0,0,0
381,3/3/2018 20:03,3/3/2018,-1.2936685,36.761434,1,0,0,0,0
382,3/3/2018 15:23,3/3/2018,-1.238851,36.8703675,1,0,0,0,0
383,3/3/2018 13:08,3/3/2018,-1.255109,36.85603,1,0,0,0,0
384,3/3/2018 6:21,3/3/2018,-1.329661,36.8709855,1,0,0,0,0
385,3/2/2018 20:29,3/2/2018,-1.329158,36.8558415,1,0,0,0,0
386,3/12/2018 7:50,3/12/2018,-1.3147155,36.807772,1,0,0,0,0
387,3/2/2018 11:09,3/2/2018,-3.967212,39.751449,1,0,0,0,0
388,3/2/2018 10:17,3/2/2018,-1.226239,36.884136,1,0,0,0,0
389,3/2/2018 9:59,3/2/2018,-1.3248645,36.8489525,1,0,0,0,0
390,3/2/2018 9:26,3/2/2018,-1.024366,37.06715,1,0,0,0,0
391,3/2/2018 9:24,3/2/2018,-1.281179,36.8227415,1,0,0,0,0
392,3/2/2018 8:44,3/2/2018,-1.260353,36.710374,1,0,0,0,0
393,3/2/2018 8:39,3/2/2018,-1.18853,36.931316,1,0,0,0,1
394,3/2/2018 8:39,3/2/2018,-1.293739,36.79447,1,0,0,0,0
395,3/2/2018 8:37,3/2/2018,-1.234307,36.873819,1,0,0,0,0
396,3/2/2018 8:07,3/2/2018,-1.2580625,36.701882,1,0,0,0,0
397,3/2/2018 7:28,3/2/2018,-1.313624,36.812965,1,0,0,0,0
398,3/2/2018 6:16,3/2/2018,-1.245271,36.86693,1,0,0,0,0
399,3/2/2018 6:05,3/2/2018,-1.15892,36.958877,1,0,0,0,0
400,3/12/2018 6:53,3/12/2018,-1.353016,36.76265,1,0,0,1,0
401,3/11/2018 20:49,3/11/2018,-1.1816885,36.9374135,1,0,0,0,0
402,3/11/2018 15:11,3/11/2018,-1.237431,36.666493,1,0,0,0,0
403,3/10/2018 19:25,3/10/2018,-1.3218,36.707906,1,0,0,0,0
404,3/10/2018 10:43,3/10/2018,-1.283124,36.8241,1,0,0,0,1
405,3/10/2018 9:54,3/10/2018,-1.3704505,36.917312,1,0,0,0,0
406,3/10/2018 2:06,3/10/2018,-1.325168,36.848733,1,0,0,0,0
407,3/9/2018 18:40,3/9/2018,-1.2593065,36.769159,1,0,0,0,0
408,3/9/2018 18:08,3/9/2018,-1.364719,36.911405,1,0,0,0,0
409,3/9/2018 15:39,3/9/2018,-0.911002,36.608393,1,0,0,0,0
410,3/9/2018 15:14,3/9/2018,-1.2040115,36.9170915,1,0,0,0,0
411,3/9/2018 14:23,3/9/2018,-1.2343845,36.843559,1,0,0,0,0
412,1/1/2018 9:57,1/1/2018,-0.219508,35.735872,1,1,1,0,0
413,1/1/2018 10:48,1/1/2018,-1.129655,36.98873,1,0,0,0,0
414,1/1/2018 11:32,1/1/2018,-1.2700535,36.827981,1,0,0,0,0
415,1/1/2018 14:27,1/1/2018,-0.545242,37.448727,1,0,0,0,0
416,1/1/2018 14:34,1/1/2018,-1.454045,37.249402,1,0,0,0,0
417,1/2/2018 3:32,1/2/2018,-0.5452355,37.4487235,1,1,0,0,0
418,1/2/2018 7:34,1/2/2018,-1.3294465,36.855458,1,0,0,0,0
419,1/2/2018 8:22,1/2/2018,-1.532247,37.131536,1,0,0,0,0
420,1/2/2018 9:36,1/2/2018,-0.878493,36.5679615,1,0,0,0,0
421,1/2/2018 10:14,1/2/2018,-1.528871,37.127105,1,0,0,0,0
422,1/2/2018 11:28,1/2/2018,-1.71207,37.197089,1,0,0,1,0
423,1/2/2018 13:14,1/2/2018,-1.2922781,36.8431032,1,0,0,0,0
424,1/2/2018 15:39,1/2/2018,-1.528871,37.127105,1,0,0,0,0
425,1/3/2018 0:46,1/3/2018,-1.4609965,36.9640155,1,0,0,0,0
426,1/3/2018 2:19,1/3/2018,-1.274554,36.8121185,1,0,0,0,0
427,1/3/2018 4:20,1/3/2018,-0.284171,36.079145,1,0,0,1,0
428,1/3/2018 6:37,1/3/2018,-1.28022,36.818205,1,0,0,0,0
429,1/3/2018 7:14,1/3/2018,-1.392978,36.939005,1,0,0,0,0
430,1/3/2018 9:50,1/3/2018,-1.263344,36.8026505,1,0,0,0,0
431,1/3/2018 11:50,1/3/2018,-0.539501,37.43042,1,0,0,0,0
432,1/3/2018 12:12,1/3/2018,-1.442121,36.984374,1,0,0,0,0
433,1/3/2018 13:04,1/3/2018,-1.278276,36.907871,1,0,0,0,0
434,1/3/2018 16:05,1/3/2018,-1.316221,36.895251,1,0,0,0,0
435,1/3/2018 18:01,1/3/2018,-1.289914,36.948589,1,0,0,0,0
436,1/3/2018 18:08,1/3/2018,-1.291879,36.958839,1,1,0,0,0
437,1/4/2018 1:12,1/4/2018,-1.2337235,36.8744815,1,0,0,0,0
438,1/4/2018 2:27,1/4/2018,-1.265182,36.835912,1,0,0,0,0
439,1/4/2018 11:49,1/4/2018,-1.204443,36.916344,1,0,0,0,0
440,1/4/2018 11:54,1/4/2018,-1.2172035,36.8914875,1,0,0,0,0
441,1/4/2018 13:06,1/4/2018,0.654755,34.96843,1,1,0,0,0
442,1/4/2018 13:24,1/4/2018,-1.0395405,37.0615035,1,1,0,0,1
443,1/4/2018 13:39,1/4/2018,-1.259513,36.7859975,1,0,0,0,0
444,1/4/2018 14:05,1/4/2018,-1.806263,37.22213,1,0,0,0,0
445,1/5/2018 1:38,1/5/2018,-1.2699845,36.836543,1,0,0,1,0
446,1/5/2018 2:22,1/5/2018,-1.2473435,36.6812115,1,0,0,0,0
447,1/5/2018 12:38,1/5/2018,-0.4765414,37.5201183,1,0,0,0,0
448,1/5/2018 15:25,1/5/2018,-1.277045,36.669468,1,0,0,0,0
449,1/6/2018 5:20,1/6/2018,-4.032846,39.650282,1,0,0,0,0
450,1/6/2018 6:25,1/6/2018,-1.47919,37.041865,1,0,0,0,0
451,1/6/2018 12:55,1/6/2018,1.212922,35.049291,1,0,0,0,0
452,1/6/2018 13:31,1/6/2018,-3.246061,40.080903,1,0,0,0,1
453,1/6/2018 19:54,1/6/2018,-1.030738,37.883802,1,0,0,0,0
454,1/7/2018 9:28,1/7/2018,-1.265487,36.8027055,1,0,0,0,0
455,1/7/2018 10:50,1/7/2018,-1.2528008,36.95904725,1,0,0,0,0
456,1/7/2018 14:56,1/7/2018,-1.264198,36.743957,1,0,0,0,0
457,1/8/2018 2:27,1/8/2018,-1.2528008,36.95904725,1,0,0,0,0
458,1/8/2018 4:27,1/8/2018,-1.2628836,36.7644812,1,0,0,0,0
459,1/8/2018 10:19,1/8/2018,-0.804893,36.532016,1,0,0,0,0
460,1/8/2018 10:52,1/8/2018,0.443947,34.145808,1,0,0,0,0
461,1/8/2018 11:13,1/8/2018,-1.285867,36.818659,1,0,0,0,0
462,1/8/2018 15:04,1/8/2018,-1.2568653,36.85500857,1,0,0,0,0
463,1/9/2018 3:05,1/9/2018,-1.268388,36.785611,1,0,0,0,0
464,1/9/2018 3:22,1/9/2018,-1.265778,36.858748,1,0,0,0,0
465,1/9/2018 4:57,1/9/2018,-1.260811,36.794594,1,0,0,0,0
466,1/9/2018 5:42,1/9/2018,-1.03133,37.879974,1,0,0,0,0
467,1/9/2018 18:00,1/9/2018,-0.059345,36.528222,1,0,0,0,0
468,1/10/2018 5:52,1/10/2018,-1.271724,36.80824,1,0,0,0,1
469,1/10/2018 7:04,1/10/2018,-1.364719,36.911405,1,0,0,0,0
470,1/10/2018 10:47,1/10/2018,-1.244263,36.86747,1,0,0,0,0
471,1/10/2018 10:59,1/10/2018,-1.290043,36.776939,1,0,0,0,0
472,1/11/2018 3:06,1/11/2018,-1.331725,36.888135,1,0,0,0,0
473,1/11/2018 8:34,1/11/2018,-1.231202,36.877496,1,0,0,0,0
474,1/11/2018 8:46,1/11/2018,-1.23536,36.872436,1,0,0,0,0
475,1/11/2018 8:47,1/11/2018,0.127406,34.569727,1,0,0,0,0
476,1/11/2018 11:17,1/11/2018,-1.244991,36.86694635,1,0,0,0,0
477,1/11/2018 14:51,1/11/2018,-1.258519,36.846951,1,0,0,0,0
478,1/12/2018 1:34,1/12/2018,-1.258916,36.778375,1,0,0,0,0
479,1/12/2018 2:44,1/12/2018,-1.244991,36.86694635,1,0,0,0,1
480,1/12/2018 3:23,1/12/2018,-1.24529,36.769748,1,0,0,0,1
481,1/12/2018 6:14,1/12/2018,-1.2748234,36.82367725,1,0,0,0,0
482,1/12/2018 11:58,1/12/2018,-1.235069,36.671845,1,0,0,0,0
483,1/12/2018 12:01,1/12/2018,-1.2568653,36.85500857,1,0,0,0,0
484,1/12/2018 18:39,1/12/2018,-1.329589,36.855695,1,0,0,0,0
485,1/13/2018 4:36,1/13/2018,-1.292773,36.804511,1,0,0,0,0
486,1/13/2018 6:59,1/13/2018,-1.759493,37.204891,1,0,0,0,0
487,1/13/2018 7:41,1/13/2018,-1.269751,36.817475,1,0,0,0,1
488,1/13/2018 16:34,1/13/2018,-1.540766,36.940886,1,0,0,0,0
489,1/13/2018 18:15,1/13/2018,-1.262468,36.878737,1,0,0,0,0
490,1/14/2018 3:25,1/14/2018,-1.318755,36.836883,1,0,0,0,0
491,1/14/2018 11:32,1/14/2018,-1.227806,36.66455,1,0,0,0,0
492,1/14/2018 15:05,1/14/2018,-1.226783,36.883476,1,0,0,0,0
493,1/14/2018 19:07,1/14/2018,-1.322959,36.802706,1,0,0,0,0
494,1/15/2018 5:29,1/15/2018,-1.247801,36.864067,1,0,0,0,0
495,1/15/2018 13:35,1/15/2018,-1.299117,36.762598,1,0,0,0,0
496,1/15/2018 14:05,1/15/2018,-1.304699,36.826291,1,0,0,1,0
497,1/15/2018 15:37,1/15/2018,-1.149233,36.962258,1,0,0,0,0
498,1/17/2018 0:09,1/17/2018,-1.28119,36.816206,1,0,0,0,0
499,1/17/2018 1:35,1/17/2018,-1.297072,36.875667,1,0,0,1,0
500,1/17/2018 1:48,1/17/2018,-1.345364,36.9024745,1,0,0,0,0
501,1/17/2018 3:56,1/17/2018,-1.319396,36.838183,1,0,0,0,1
502,1/17/2018 5:04,1/17/2018,-1.2520115,36.859948,1,0,0,0,0
503,1/17/2018 5:24,1/17/2018,-1.208293,36.797669,1,0,0,0,0
504,1/17/2018 15:33,1/17/2018,-1.330498267,36.86528483,1,0,0,0,0
505,1/18/2018 1:31,1/18/2018,-1.314103,36.811811,1,0,1,0,0
506,1/18/2018 1:53,1/18/2018,-1.345364,36.9024745,1,0,0,0,0
507,1/18/2018 3:02,1/18/2018,-1.244355,36.763237,1,0,0,0,0
508,1/18/2018 6:15,1/18/2018,-1.23083,36.803733,1,0,0,1,0
509,1/18/2018 13:18,1/18/2018,-1.2568653,36.85500857,1,0,0,0,0
510,1/19/2018 1:01,1/19/2018,-1.330498267,36.86528483,1,0,0,0,0
511,1/19/2018 2:00,1/19/2018,-1.275943,36.794446,1,0,0,0,0
512,1/19/2018 3:29,1/19/2018,-1.195805,36.83829,1,0,0,0,0
513,1/19/2018 4:30,1/19/2018,-1.146884,36.963056,1,0,0,0,0
514,1/19/2018 9:40,1/19/2018,-1.243518,36.792308,1,0,0,0,0
515,1/19/2018 14:48,1/19/2018,-1.275559,36.823098,1,1,0,0,0
516,1/20/2018 2:59,1/20/2018,-1.329883,36.870701,1,0,0,0,0
517,1/20/2018 7:33,1/20/2018,-1.289982,36.77015,1,0,0,1,0
518,1/20/2018 15:25,1/20/2018,-1.312662,36.815829,1,0,0,0,0
519,1/21/2018 1:31,1/21/2018,-1.19333,36.83991,1,0,0,0,0
520,1/21/2018 6:33,1/21/2018,-1.238261,36.791692,1,0,0,0,0
521,1/21/2018 6:54,1/21/2018,-0.993281,36.600642,1,0,0,0,0
522,1/21/2018 10:31,1/21/2018,-1.298312,36.800746,1,0,0,0,0
523,1/22/2018 1:31,1/22/2018,-1.260772,36.842033,1,0,0,0,0
524,1/22/2018 2:48,1/22/2018,-1.274509,36.81225,1,0,0,0,0
525,1/22/2018 3:03,1/22/2018,-1.297704,36.815106,1,0,0,0,0
526,1/22/2018 7:43,1/22/2018,-1.296581,36.862069,1,0,0,1,0
527,1/22/2018 9:55,1/22/2018,-0.17224,34.919915,1,0,0,0,0
528,1/22/2018 13:03,1/22/2018,-1.287208,36.836845,1,0,0,0,0
529,1/23/2018 2:48,1/23/2018,-1.244926,36.866824,1,0,0,0,0
530,1/23/2018 3:09,1/23/2018,-1.319398,36.907067,1,0,0,0,1
531,1/23/2018 3:45,1/23/2018,-1.024282,37.066765,1,0,0,0,0
532,1/23/2018 12:44,1/23/2018,-1.287221,36.836724,1,0,0,1,0
533,1/23/2018 20:30,1/23/2018,-0.108477,34.770007,1,1,0,0,0
534,1/24/2018 1:44,1/24/2018,-1.250179253,36.78524739,1,0,0,0,0
535,1/24/2018 2:36,1/24/2018,-1.177642,36.94145,1,0,0,0,0
536,1/24/2018 3:33,1/24/2018,-1.247105,36.664765,1,0,0,0,0
537,1/24/2018 16:06,1/24/2018,-1.2567115,36.8788075,1,1,0,0,0
538,1/24/2018 16:16,1/24/2018,-1.330498267,36.86528483,1,0,0,0,0
539,1/25/2018 1:29,1/25/2018,-1.303779,36.825997,1,0,0,1,0
540,1/25/2018 2:43,1/25/2018,-1.261628,36.725739,1,0,0,0,0
541,1/25/2018 9:43,1/25/2018,-1.230962,36.877893,1,0,0,0,0
542,1/25/2018 10:09,1/25/2018,-1.244991,36.86694635,1,0,0,0,0
543,1/25/2018 11:36,1/25/2018,-1.325526,36.794473,1,0,0,0,0
546,1/25/2018 13:18,1/25/2018,-1.229704,36.804086,1,0,0,0,0
548,1/25/2018 13:22,1/25/2018,-1.2063872,36.7826582,1,0,0,0,0
549,1/26/2018 1:30,1/26/2018,-1.33125,36.860951,1,0,0,0,0
550,1/26/2018 2:43,1/26/2018,-1.364553,36.911256,1,0,0,0,0
553,1/26/2018 4:16,1/26/2018,-1.333195,36.716208,1,0,0,0,0
554,1/26/2018 6:52,1/26/2018,-1.205178,36.915715,1,0,0,0,0
555,1/26/2018 8:54,1/26/2018,-1.29009,36.828015,1,0,0,1,0
556,1/26/2018 9:11,1/26/2018,-1.185698,36.906691,1,0,0,0,0
557,1/26/2018 9:25,1/26/2018,-4.006696,39.580571,1,0,0,0,0
559,1/27/2018 1:48,1/27/2018,-1.244991,36.86694635,1,0,0,1,0
560,1/27/2018 3:44,1/27/2018,-1.329589,36.855695,1,0,0,1,0
561,1/27/2018 7:32,1/27/2018,-1.331725,36.888135,1,0,0,0,0
563,1/27/2018 15:50,1/27/2018,-1.334757,36.778351,1,0,0,0,0
564,1/27/2018 21:28,1/27/2018,-1.260858,36.713524,1,0,0,0,0
565,1/28/2018 8:16,1/28/2018,-1.204107,36.916781,1,1,0,0,0
567,1/29/2018 1:25,1/29/2018,-1.30022,36.768128,1,0,0,0,0
569,1/29/2018 1:51,1/29/2018,-1.249218,36.862657,1,0,0,0,0
571,1/29/2018 4:03,1/29/2018,-1.249843,36.821157,1,0,0,0,0
572,1/29/2018 11:00,1/29/2018,-1.269787,36.817481,1,0,0,0,0
573,1/29/2018 13:25,1/29/2018,-1.266714,36.834694,1,0,0,0,0
574,1/29/2018 15:27,1/29/2018,-1.25946,36.77551,1,0,0,0,0
575,1/29/2018 15:30,1/29/2018,-1.307088,36.819724,1,0,0,0,0
576,1/30/2018 1:24,1/30/2018,-1.266401,36.83449,1,0,0,0,0
577,1/30/2018 1:51,1/30/2018,-1.326338,36.845565,1,0,0,0,0
584,1/30/2018 11:31,1/30/2018,-1.172072333,36.94727033,1,0,0,0,0
585,1/31/2018 2:31,1/31/2018,-1.257231,36.854189,1,0,0,0,0
586,1/31/2018 2:48,1/31/2018,-1.325757,36.848764,1,0,0,0,0
591,1/31/2018 15:36,1/31/2018,-1.325757,36.848764,1,0,0,0,0
593,2/1/2018 0:30,2/1/2018,-1.46046,36.9634415,1,0,0,0,0
594,2/1/2018 2:11,2/1/2018,-1.244757,36.66512,1,0,0,0,0
595,2/1/2018 2:41,2/1/2018,-1.262078,36.867213,1,0,0,0,0
596,2/1/2018 2:46,2/1/2018,-1.227806,36.66455,1,1,0,0,0
597,2/1/2018 5:06,2/1/2018,-1.2166955,36.89436,1,0,0,0,0
600,2/1/2018 12:58,2/1/2018,-1.508368,37.095059,1,0,0,0,0
601,2/1/2018 13:33,2/1/2018,-1.329589,36.855695,1,0,0,1,0
603,2/2/2018 1:28,2/2/2018,-1.260772,36.842033,1,0,0,0,0
607,2/2/2018 16:11,2/2/2018,-1.274695,36.89319,1,0,0,0,0
608,2/3/2018 1:43,2/3/2018,-1.262387,36.866364,1,0,0,0,0
609,2/3/2018 3:24,2/3/2018,-1.364536,36.91145,1,0,0,0,0
610,2/3/2018 6:47,2/3/2018,-1.326462,36.84625,1,0,0,0,0
613,2/3/2018 13:38,2/3/2018,-1.042106,37.063768,1,0,0,0,0
614,2/3/2018 14:18,2/3/2018,-1.231297,36.87849,1,0,0,1,0
617,2/3/2018 19:15,2/3/2018,-1.186635,36.838973,1,0,0,0,0
618,2/4/2018 8:16,2/4/2018,-1.272767,36.8973565,1,0,0,0,0
619,2/4/2018 9:23,2/4/2018,-0.77922,37.267632,1,0,0,0,0
620,2/4/2018 14:57,2/4/2018,-1.33142,36.887993,1,0,0,0,0
621,2/4/2018 18:24,2/4/2018,-1.314877,36.8944905,1,0,0,0,0
623,2/5/2018 2:10,2/5/2018,-1.26022,36.77105,1,0,0,0,0
626,2/5/2018 2:34,2/5/2018,-1.271563,36.8089345,1,0,0,0,0
629,2/5/2018 6:22,2/5/2018,-1.275596,36.8228795,1,0,0,0,0
630,2/5/2018 11:38,2/5/2018,-1.267363,36.8316425,1,0,0,0,0
631,2/5/2018 14:48,2/5/2018,-1.2748234,36.82367725,1,0,0,0,0
632,2/6/2018 1:58,2/6/2018,-1.257958,36.701408,1,0,0,0,0
633,2/6/2018 2:35,2/6/2018,-1.2976725,36.871795,1,0,0,0,0
635,2/6/2018 5:24,2/6/2018,-1.271707,36.828097,1,0,0,0,0
636,2/6/2018 13:09,2/6/2018,-1.337854,36.7734175,1,0,0,0,0
638,2/7/2018 1:56,2/7/2018,-1.2339945,36.873413,1,0,0,0,0
639,2/7/2018 3:31,2/7/2018,-1.299985,36.7802295,1,0,0,0,0
641,2/7/2018 10:52,2/7/2018,-1.532582,37.131752,1,0,0,0,0
643,2/7/2018 12:23,2/7/2018,-1.334977,36.8932985,1,0,0,0,0
644,2/7/2018 14:29,2/7/2018,-1.3239135,36.844795,1,0,0,0,0
645,2/8/2018 1:22,2/8/2018,-1.2390135,36.81165,1,0,0,0,0
650,2/8/2018 6:44,2/8/2018,-1.311362,36.816861,1,0,0,0,0
651,2/9/2018 2:39,2/9/2018,-1.23357,36.874629,1,0,0,0,0
653,2/10/2018 10:04,2/10/2018,-1.231549,36.878372,1,0,0,0,0
655,2/11/2018 12:59,2/11/2018,-1.2984395,36.762359,1,0,0,0,0
656,2/11/2018 15:22,2/11/2018,-0.993209,36.600461,1,0,0,0,0
657,2/12/2018 1:46,2/12/2018,-1.218223,36.80168,1,0,0,0,1
658,2/12/2018 9:32,2/12/2018,-1.332482,36.782304,1,0,0,0,0
659,2/12/2018 9:55,2/12/2018,-1.35951,36.907839,1,0,0,0,0
660,2/13/2018 2:03,2/13/2018,-1.266313,36.82328,1,0,0,0,0
661,2/13/2018 2:59,2/13/2018,-1.264347,36.72063,1,0,0,0,1
667,2/13/2018 16:22,2/13/2018,-1.297129,36.875198,1,0,0,0,0
668,2/14/2018 2:48,2/14/2018,-1.325891,36.848572,1,0,0,0,0
670,2/14/2018 8:40,2/14/2018,-1.2857865,36.8345655,1,0,0,0,0
672,2/14/2018 11:04,2/14/2018,-1.29648,36.8772945,1,1,0,0,1
673,2/14/2018 11:55,2/14/2018,0.419605,35.31669,1,0,0,0,0
674,2/14/2018 13:25,2/14/2018,-1.255649,36.856198,1,0,0,0,0
683,2/15/2018 2:59,2/15/2018,-1.288716,36.828405,1,0,0,1,0
685,2/15/2018 4:03,2/15/2018,-1.29247,36.821336,1,0,0,0,0
686,2/15/2018 11:53,2/15/2018,-1.244263,36.86747,1,0,0,0,0
688,2/15/2018 14:55,2/15/2018,-1.332492,36.782315,1,0,0,0,0
689,2/15/2018 23:01,2/15/2018,-1.287222,36.836802,1,0,0,0,0
690,2/16/2018 0:47,2/16/2018,-1.319174,36.789482,1,0,0,0,0
695,2/16/2018 4:53,2/16/2018,-1.314524,36.80798,1,0,0,1,0
696,2/16/2018 11:14,2/16/2018,-1.316221,36.895251,1,0,0,0,0
697,2/16/2018 11:50,2/16/2018,-1.29748,36.885739,1,0,0,0,0
698,2/16/2018 12:09,2/16/2018,-0.69461,36.421735,1,0,0,0,0
699,2/16/2018 12:45,2/16/2018,-1.29769,36.871121,1,0,0,1,0
700,2/16/2018 13:28,2/16/2018,-0.474548,36.291595,1,0,0,0,0
701,2/17/2018 0:02,2/17/2018,-0.557097,37.363731,1,0,0,0,0
703,2/17/2018 5:45,2/17/2018,-1.241112,36.813394,1,0,0,1,0
704,2/17/2018 6:14,2/17/2018,-1.25014,36.820939,1,0,0,0,0
711,2/17/2018 14:59,2/17/2018,-1.285867,36.818659,1,0,0,0,0
712,2/17/2018 19:33,2/17/2018,-1.3296904,36.8709943,1,0,0,0,0
714,2/18/2018 1:56,2/18/2018,-1.31435665,36.8079547,1,0,0,0,0
715,2/18/2018 3:35,2/18/2018,-1.29037,36.745591,1,0,0,0,0
718,2/18/2018 14:38,2/18/2018,-1.259459,36.844829,1,0,0,0,0
719,2/19/2018 2:52,2/19/2018,-1.289888,36.818931,1,0,0,0,0
722,2/19/2018 12:05,2/19/2018,-1.260275,36.77083,1,0,0,0,0
723,2/19/2018 12:42,2/19/2018,-1.259588,36.785738,1,0,0,0,0
724,2/19/2018 13:21,2/19/2018,-1.259562,36.775694,1,1,0,0,0
725,2/19/2018 18:11,2/19/2018,-1.305956,36.842107,1,1,0,0,0
726,2/20/2018 1:15,2/20/2018,-1.259459,36.844829,1,0,0,0,0
727,2/20/2018 1:18,2/20/2018,-1.266714,36.834694,1,0,0,0,0
729,2/20/2018 2:13,2/20/2018,-1.304699,36.826291,1,0,0,1,0
730,2/20/2018 2:37,2/20/2018,-1.271275,36.80748625,1,0,0,0,0
732,2/20/2018 3:20,2/20/2018,-1.011108,37.075087,1,0,0,0,0
733,2/20/2018 4:23,2/20/2018,-1.328693,36.788979,1,0,0,1,0
734,2/20/2018 7:09,2/20/2018,-1.024195,37.066605,1,1,0,0,0
735,2/20/2018 11:18,2/20/2018,-1.298795,36.76884,1,0,0,0,0
736,2/20/2018 14:37,2/20/2018,-1.299818,36.836788,1,0,1,1,0
737,2/20/2018 14:56,2/20/2018,-1.273275,36.822873,1,0,0,0,0
739,2/21/2018 1:51,2/21/2018,-1.264145,36.747227,1,0,0,0,0
740,2/21/2018 4:42,2/21/2018,-1.259024,36.778396,1,0,0,0,1
741,2/21/2018 6:28,2/21/2018,-1.260327,36.718453,1,0,0,0,0
742,2/21/2018 13:51,2/21/2018,-1.297111,36.875544,1,0,0,0,0
743,2/21/2018 15:19,2/21/2018,-0.919362,36.610998,1,0,0,1,0
744,2/21/2018 16:03,2/21/2018,-1.477261,36.958287,1,0,0,0,0
745,2/22/2018 1:36,2/22/2018,-1.283285,36.785561,1,0,0,0,0
749,2/22/2018 2:20,2/22/2018,-1.298715,36.760991,1,0,0,0,0
750,2/22/2018 2:38,2/22/2018,-1.327582,36.691253,1,0,0,0,0
751,2/22/2018 2:49,2/22/2018,-1.216943,36.894419,1,0,0,0,0
752,2/22/2018 11:19,2/22/2018,0.202573,35.097086,1,0,0,0,0
753,2/22/2018 13:12,2/22/2018,-1.298009,36.802431,1,0,0,0,0
756,2/23/2018 2:13,2/23/2018,-1.265303,36.802556,1,0,0,0,0
757,2/23/2018 3:27,2/23/2018,-1.289111,36.827475,1,0,0,0,0
758,2/23/2018 4:40,2/23/2018,-1.262724,36.983443,1,0,0,0,0
759,2/23/2018 9:14,2/23/2018,-1.292623,36.779097,1,0,0,0,0
760,2/23/2018 10:35,2/23/2018,-1.259747,36.78845,1,0,0,0,0
761,2/23/2018 12:28,2/23/2018,-1.28663,36.835286,1,0,0,0,0
762,2/23/2018 15:03,2/23/2018,-1.03818,37.079278,1,0,0,0,0
763,2/23/2018 15:04,2/23/2018,-0.47454,36.291564,1,0,0,0,0
764,2/23/2018 15:56,2/23/2018,-1.218893,36.892208,1,0,0,1,0
765,2/23/2018 21:14,2/23/2018,-1.319292,36.837924,1,0,0,0,0
766,2/24/2018 3:50,2/24/2018,-1.218893,36.892208,1,0,0,0,0
767,2/24/2018 6:18,2/24/2018,-1.188995,36.930823,1,0,0,0,0
768,2/24/2018 8:44,2/24/2018,-1.331725,36.888135,1,0,0,0,0
769,2/24/2018 10:26,2/24/2018,-1.329883,36.870701,1,0,0,0,0
770,2/24/2018 15:49,2/24/2018,-1.265772,36.858716,1,0,0,0,0
773,2/26/2018 0:36,2/26/2018,-1.312506,36.81604,1,0,0,0,0
775,2/26/2018 2:27,2/26/2018,-1.323213,36.802306,1,0,1,0,0
776,2/26/2018 2:36,2/26/2018,-1.2341507,36.8729868,1,0,0,0,0
777,2/26/2018 7:47,2/26/2018,-1.292342,36.8429,1,0,0,1,0
778,2/26/2018 14:55,2/26/2018,-1.266714,36.834694,1,0,0,0,0
783,2/27/2018 4:47,2/27/2018,-1.259591,36.785698,1,0,0,0,0
784,2/27/2018 7:20,2/27/2018,-1.333851,36.751725,1,0,0,0,0
785,2/27/2018 10:58,2/27/2018,-1.32856015,36.880783,1,1,0,0,0
786,2/27/2018 17:47,2/27/2018,-1.280825,36.822972,1,1,0,0,0
789,2/28/2018 6:11,2/28/2018,-1.276917,36.807179,1,0,0,0,0
790,2/28/2018 12:24,2/28/2018,-1.307721,36.819305,1,0,0,0,0
791,2/28/2018 12:29,2/28/2018,-1.325894,36.848591,1,0,0,0,0
792,2/28/2018 13:09,2/28/2018,-1.249795,36.862071,1,0,0,0,0
793,2/28/2018 18:19,2/28/2018,-1.132937,36.974417,1,0,0,0,0
794,3/1/2018 1:19,3/1/2018,-1.244991,36.86694635,1,0,0,0,0
795,3/1/2018 1:51,3/1/2018,-1.260580886,36.8023376,1,0,0,0,0
796,3/1/2018 2:34,3/1/2018,-1.327561,36.852158,1,0,0,0,0
797,3/1/2018 3:14,3/1/2018,-1.248111,36.863457,1,0,0,0,0
798,3/1/2018 3:20,3/1/2018,-2.599949,38.066876,1,0,0,0,0
799,3/1/2018 3:29,3/1/2018,-1.283333,36.823575,1,0,0,0,0
800,3/1/2018 7:36,3/1/2018,-1.323225,36.844359,1,0,0,0,0
801,3/1/2018 10:37,3/1/2018,-1.256647,36.81326,1,0,0,0,0
802,3/1/2018 11:25,3/1/2018,-0.522637,36.328483,1,0,0,0,0
803,3/1/2018 12:07,3/1/2018,1.257331,35.170798,1,0,0,0,0
805,3/1/2018 15:14,3/1/2018,-1.259942,36.843874,1,0,0,0,0
806,3/1/2018 16:05,3/1/2018,-1.311294,36.849614,1,0,0,0,0
807,3/1/2018 16:28,3/1/2018,-1.233515,36.874662,1,0,0,0,0
808,3/1/2018 16:58,3/1/2018,-1.379238,36.927857,1,0,0,0,0
809,3/2/2018 1:05,3/2/2018,-1.166799,36.963381,1,0,0,0,0
810,3/2/2018 1:15,3/2/2018,-1.244991,36.86694635,1,0,0,0,0
813,3/2/2018 3:06,3/2/2018,-1.25810665,36.70126405,1,0,0,0,0
814,3/2/2018 3:36,3/2/2018,-1.2341507,36.8729868,1,0,0,0,0
815,3/2/2018 3:39,3/2/2018,-1.188995,36.930823,1,0,0,0,1
816,3/2/2018 3:44,3/2/2018,-1.260283,36.710522,1,0,0,0,0
817,3/2/2018 4:24,3/2/2018,-1.28150075,36.82264503,1,0,0,0,0
818,3/2/2018 4:26,3/2/2018,-1.024195,37.066605,1,0,0,0,0
819,3/2/2018 4:58,3/2/2018,-1.3250091,36.8489146,1,0,0,0,0
820,3/2/2018 5:17,3/2/2018,-1.226239,36.884136,1,0,0,0,0
823,3/2/2018 14:01,3/2/2018,-0.758794,35.015255,1,1,0,0,0
824,3/2/2018 15:28,3/2/2018,-1.329589,36.855695,1,0,0,0,0
826,3/3/2018 1:21,3/3/2018,-1.3296904,36.8709943,1,0,0,0,0
827,3/3/2018 8:08,3/3/2018,-1.256155,36.855219,1,0,0,0,0
828,3/3/2018 10:23,3/3/2018,-1.239072,36.870218,1,0,0,0,0
831,3/3/2018 13:57,3/3/2018,-1.491415,37.057589,1,0,0,0,0
833,3/3/2018 15:03,3/3/2018,-1.293812,36.761477,1,0,0,0,0
836,3/3/2018 22:16,3/3/2018,-1.323311714,36.89959526,1,0,0,0,0
837,3/4/2018 6:56,3/4/2018,-0.642348,36.387224,1,0,0,0,0
838,3/4/2018 8:26,3/4/2018,-1.2713378,36.9971707,1,0,0,0,0
840,3/4/2018 10:23,3/4/2018,-1.277424,37.138624,1,1,0,1,0
841,3/4/2018 11:15,3/4/2018,-1.756556,37.20397,1,0,0,0,0
842,3/4/2018 11:38,3/4/2018,-0.756446,37.280878,1,0,0,0,1
845,3/4/2018 14:04,3/4/2018,-1.318455,36.715857,1,0,0,0,1
848,3/4/2018 17:51,3/4/2018,-1.266998,36.799005,1,0,0,0,0
849,3/5/2018 2:18,3/5/2018,-1.132937,36.974417,1,0,0,0,0
852,3/5/2018 11:51,3/5/2018,-1.260772,36.842033,1,0,0,0,0
853,3/5/2018 12:15,3/5/2018,-1.146884,36.963056,1,0,0,0,0
856,3/5/2018 13:18,3/5/2018,-0.908159,37.207246,1,0,0,0,0
858,3/5/2018 13:27,3/5/2018,-1.262401,36.865998,1,0,0,0,0
860,3/5/2018 13:40,3/5/2018,-1.033104,37.074411,1,0,0,0,0
862,3/5/2018 14:23,3/5/2018,-1.238015,36.843981,1,0,0,0,0
863,3/5/2018 14:25,3/5/2018,-1.297619,36.829782,1,0,0,0,0
867,3/5/2018 17:22,3/5/2018,-1.2627803,36.76434337,1,0,0,0,0
870,3/6/2018 4:18,3/6/2018,-1.325422,36.848129,1,0,0,0,0
872,3/6/2018 11:07,3/6/2018,-1.244991,36.86694635,1,1,1,0,0
874,3/6/2018 12:43,3/6/2018,-1.338221,36.773224,1,0,0,0,0
875,3/6/2018 12:48,3/6/2018,-1.218893,36.892208,1,0,0,0,0
876,3/6/2018 13:10,3/6/2018,-1.356237,36.762057,1,0,0,0,0
877,3/6/2018 15:12,3/6/2018,-1.2381,36.843986,1,0,0,0,0
880,3/6/2018 16:50,3/6/2018,-1.260772,36.842033,1,0,0,0,0
883,3/6/2018 18:23,3/6/2018,-1.329519,36.873866,1,0,0,0,0
884,3/7/2018 1:52,3/7/2018,-1.330846,36.857742,1,0,0,0,0
887,3/7/2018 9:41,3/7/2018,-0.804893,36.532016,1,0,0,0,0
889,3/7/2018 12:11,3/7/2018,-1.323311714,36.89959526,1,0,0,0,0
891,3/8/2018 0:42,3/8/2018,-1.024195,37.066605,1,0,0,0,0
892,3/8/2018 1:09,3/8/2018,-1.005675,37.078928,1,0,0,0,0
893,3/8/2018 1:50,3/8/2018,-1.323638,36.899686,1,0,0,0,0
894,3/8/2018 3:38,3/8/2018,-1.32856015,36.880783,1,0,0,0,1
895,3/8/2018 4:55,3/8/2018,-1.205178,36.915715,1,0,0,0,0
899,3/8/2018 12:45,3/8/2018,-1.375827,36.924115,1,1,0,0,0
900,3/8/2018 14:30,3/8/2018,-1.2632265,36.7649484,1,0,0,0,0
901,3/8/2018 16:52,3/8/2018,-1.329926,36.870701,1,0,0,0,0
905,3/9/2018 9:22,3/9/2018,-1.2381,36.843986,1,0,0,0,0
906,3/9/2018 9:53,3/9/2018,-0.940806,36.620745,1,0,0,0,0
907,3/9/2018 10:14,3/9/2018,-1.205178,36.915715,1,0,0,0,0
914,3/9/2018 13:08,3/9/2018,-1.364719,36.911405,1,0,0,0,0
915,3/9/2018 13:39,3/9/2018,-1.260268,36.770931,1,0,0,0,0
917,3/9/2018 14:00,3/9/2018,-1.292914,36.819315,1,0,0,1,0
918,3/9/2018 21:05,3/9/2018,-1.325628,36.848603,1,0,0,0,0
921,3/10/2018 4:54,3/10/2018,-1.370163,36.917689,1,0,0,0,0
923,3/10/2018 5:43,3/10/2018,-1.283051,36.824175,1,0,0,0,1
927,3/10/2018 14:24,3/10/2018,-1.3218,36.707906,1,0,0,0,0
928,3/11/2018 4:04,3/11/2018,-1.280731,36.964065,1,0,0,0,0
930,3/11/2018 11:10,3/11/2018,-1.237493,36.666526,1,0,0,0,0
933,3/11/2018 16:49,3/11/2018,-1.182002,36.937491,1,0,0,0,0
935,3/12/2018 3:50,3/12/2018,-1.31435665,36.8079547,1,0,0,0,0
936,3/12/2018 4:04,3/12/2018,-1.255847525,36.69535614,1,0,0,0,0
941,3/13/2018 3:37,3/13/2018,-1.460948,36.964113,1,0,0,0,0
948,3/13/2018 5:20,3/13/2018,-1.067715,37.051005,1,0,0,0,0
951,3/13/2018 14:25,3/13/2018,-1.219589,36.891494,1,0,0,0,0
953,3/13/2018 15:27,3/13/2018,-1.211206,36.906606,1,0,0,0,0
954,3/13/2018 16:01,3/13/2018,-1.299653,36.820883,1,0,0,0,0
956,3/13/2018 17:02,3/13/2018,-1.261931,36.873126,1,1,0,0,1
958,3/13/2018 18:15,3/13/2018,-1.2627803,36.76434337,1,0,0,0,0
1133,7/1/2017 6:29,7/1/2017,-1.327731,36.852125,1,0,0,0,0
1134,7/1/2017 8:40,7/1/2017,-1.292377,36.783475,1,0,0,0,0
1135,7/1/2017 11:24,7/1/2017,-1.2639371,36.7578099,1,0,0,0,0
1136,7/1/2017 21:15,7/1/2017,-1.203699,36.917122,1,1,0,0,0
1137,7/2/2017 13:06,7/2/2017,-1.292673,36.899085,1,0,0,1,0
1138,7/2/2017 19:42,7/2/2017,-1.29991,36.824145,1,0,0,0,0
1139,7/3/2017 6:20,7/3/2017,-1.234392,36.873671,1,0,0,0,0
1140,7/3/2017 20:52,7/3/2017,-1.2970144,36.8756581,1,0,0,1,0
1141,7/4/2017 7:53,7/4/2017,-1.233516,36.874734,1,0,0,0,0
1142,7/4/2017 8:57,7/4/2017,-1.20545,36.785959,1,0,0,0,0
1143,7/4/2017 9:45,7/4/2017,-1.2447019,36.8668032,1,0,0,0,0
1144,7/4/2017 18:43,7/4/2017,-1.319188,36.86533,1,0,0,0,1
1145,7/4/2017 20:17,7/4/2017,-1.233677,36.874532,1,0,0,0,0
1146,7/5/2017 7:08,7/5/2017,-1.28666,36.835242,1,0,0,0,0
1147,7/5/2017 13:52,7/5/2017,-1.3311921,36.8885687,1,0,0,0,0
1148,7/5/2017 17:47,7/5/2017,-1.2184363,36.8914368,1,0,0,1,0
1149,7/6/2017 5:23,7/6/2017,-1.244783,36.8668542,1,1,0,0,0
1150,7/6/2017 18:24,7/6/2017,-1.3242318,36.7018934,1,0,0,0,0
1151,7/6/2017 18:37,7/6/2017,-1.2184363,36.8914368,1,0,0,0,0
1152,7/6/2017 22:35,7/6/2017,-1.329878,36.870853,1,0,0,0,0
1153,7/7/2017 9:00,7/7/2017,-1.260694,36.716837,1,0,0,0,0
1154,7/7/2017 17:23,7/7/2017,-1.248708,36.863189,1,0,0,0,0
1155,7/7/2017 17:54,7/7/2017,-1.294364,36.78753,1,0,0,0,0
1156,7/7/2017 19:39,7/7/2017,-1.382143,36.770575,1,0,0,0,1
1157,7/8/2017 16:13,7/8/2017,-1.329905,36.870861,1,0,0,0,0
1158,7/8/2017 20:53,7/8/2017,-1.364074,36.910642,1,0,0,0,0
1159,7/8/2017 21:00,7/8/2017,-1.259973674,36.84342063,1,0,0,0,0
1160,7/8/2017 21:52,7/8/2017,-1.0244849,37.0672917,1,0,0,0,0
1161,7/9/2017 1:34,7/9/2017,-1.420035,36.953928,1,1,0,0,0
1162,7/9/2017 7:19,7/9/2017,-1.2184363,36.8914368,1,0,0,0,0
1163,7/9/2017 12:13,7/9/2017,-1.285990699,36.81832394,1,0,0,0,0
1164,7/9/2017 20:08,7/9/2017,-1.225723658,36.88494832,1,0,0,0,0
1165,7/9/2017 21:29,7/9/2017,-1.218436267,36.89143683,1,0,0,0,0
1166,7/10/2017 6:23,7/10/2017,-1.169939,36.641335,1,0,0,0,0
1167,7/10/2017 6:25,7/10/2017,-1.218436267,36.89143683,1,0,0,0,0
1168,7/10/2017 7:35,7/10/2017,-1.278615,36.821314,1,0,0,0,0
1169,7/10/2017 7:42,7/10/2017,-1.30912,36.860767,1,0,0,0,0
1170,7/10/2017 8:52,7/10/2017,-1.203704,36.917063,1,0,0,0,0
1171,7/10/2017 10:31,7/10/2017,-1.234376,36.670686,1,0,0,0,0
1172,7/11/2017 6:20,7/11/2017,-1.255847525,36.69535614,1,0,0,0,0
1173,7/11/2017 6:53,7/11/2017,-1.2568653,36.85500857,1,0,0,0,0
1174,7/11/2017 8:11,7/11/2017,-1.233366,36.874555,1,0,0,0,0
1175,7/11/2017 11:28,7/11/2017,-1.393383,36.939303,1,0,0,0,0
1176,7/11/2017 16:18,7/11/2017,-1.417547,36.9517764,1,0,0,0,0
1177,7/11/2017 17:40,7/11/2017,-1.180398,36.644306,1,0,0,0,0
1178,7/11/2017 20:17,7/11/2017,-1.3632057,36.764584,1,1,0,0,0
1179,7/12/2017 6:21,7/12/2017,-1.260772,36.842033,1,0,0,0,0
1180,7/12/2017 8:59,7/12/2017,-1.292773,36.804511,1,0,0,0,0
1181,7/12/2017 11:17,7/12/2017,-1.25887,36.78039,1,0,0,0,0
1182,7/12/2017 17:26,7/12/2017,-1.244263,36.86747,1,0,0,0,0
1183,7/12/2017 17:33,7/12/2017,-1.188995,36.930823,1,0,0,0,0
1184,7/12/2017 18:22,7/12/2017,-1.205178,36.915715,1,0,0,0,0
1185,7/12/2017 18:28,7/12/2017,-1.29251,36.781708,1,0,0,0,0
1186,7/12/2017 18:47,7/12/2017,-1.379238,36.927857,1,0,0,0,0
1187,7/12/2017 21:32,7/12/2017,-1.182002,36.937491,1,0,0,1,0
1188,7/13/2017 8:22,7/13/2017,-1.024099,37.066766,1,0,0,0,0
1189,7/13/2017 9:06,7/13/2017,-1.284369,36.83115,1,0,0,0,0
1190,7/13/2017 10:56,7/13/2017,-1.331381,36.888581,1,0,0,0,0
1191,7/13/2017 15:04,7/13/2017,-1.364553,36.911256,1,0,0,0,0
1192,7/13/2017 17:58,7/13/2017,-1.274509,36.81225,1,0,0,1,0
1193,7/13/2017 18:25,7/13/2017,-1.33052,36.866298,1,0,0,0,0
1194,7/13/2017 21:12,7/13/2017,-1.136765,36.970913,1,0,0,0,0
1195,7/14/2017 5:17,7/14/2017,-1.35951,36.907839,1,0,0,0,0
1196,7/14/2017 9:52,7/14/2017,-1.265922,36.853626,1,0,0,0,0
1197,7/14/2017 13:09,7/14/2017,-1.188995,36.930823,1,0,0,0,0
1198,7/14/2017 13:57,7/14/2017,-1.290727,36.798554,1,0,0,0,0
1199,7/14/2017 14:14,7/14/2017,-1.331725,36.888135,1,0,0,0,0
1200,7/14/2017 16:03,7/14/2017,-1.226301,36.884109,1,0,0,0,0
1201,7/14/2017 17:35,7/14/2017,-1.364719,36.911405,1,0,0,0,0
1202,7/14/2017 17:41,7/14/2017,-1.35951,36.907839,1,0,0,0,0
1203,7/14/2017 18:20,7/14/2017,-1.257857,36.700906,1,0,0,0,0
1204,7/15/2017 19:43,7/15/2017,-1.271275,36.80748625,1,0,0,0,0
1205,7/15/2017 20:51,7/15/2017,-1.295326,36.886314,1,0,0,0,0
1206,7/17/2017 5:59,7/17/2017,-1.296583,36.87943,1,0,0,0,0
1207,7/17/2017 19:49,7/17/2017,-1.20397,36.916762,1,0,0,0,0
1208,7/17/2017 20:00,7/17/2017,0.31954,34.57249,1,0,0,0,0
1209,7/17/2017 20:13,7/17/2017,-1.172072333,36.94727033,1,0,0,0,0
1210,7/17/2017 20:36,7/17/2017,-1.2341507,36.8729868,1,0,0,0,0
1211,7/17/2017 21:30,7/17/2017,-1.26879,36.824013,1,0,0,0,0
1212,7/19/2017 6:13,7/19/2017,-1.266714,36.834694,1,0,0,0,0
1213,7/19/2017 18:47,7/19/2017,-1.260772,36.842033,1,0,0,0,0
1214,7/19/2017 18:59,7/19/2017,-1.23071185,36.80370165,1,0,0,0,0
1215,7/20/2017 6:05,7/20/2017,-1.260951,36.716548,1,0,0,0,0
1216,7/20/2017 6:09,7/20/2017,-1.264492,36.738768,1,0,0,0,0
1217,7/20/2017 15:01,7/20/2017,-1.264153,36.748832,1,0,0,0,0
1218,7/20/2017 16:40,7/20/2017,-1.2381,36.843986,1,0,0,0,0
1219,7/20/2017 19:33,7/20/2017,-1.256155,36.855219,1,0,0,0,0
1220,7/21/2017 9:58,7/21/2017,-1.252933,36.859054,1,0,0,0,0
1221,7/21/2017 19:08,7/21/2017,-1.364553,36.911256,1,0,0,0,0
1222,7/21/2017 21:02,7/21/2017,-1.319396,36.838183,1,1,0,0,0
1223,7/21/2017 22:57,7/21/2017,-1.23099,36.87776,1,0,0,0,0
1224,7/22/2017 8:20,7/22/2017,-1.249218,36.862657,1,0,0,0,0
1225,7/22/2017 10:53,7/22/2017,-1.314107,36.830949,1,0,0,0,0
1226,7/22/2017 18:02,7/22/2017,-1.297072,36.875667,1,0,0,0,0
1227,7/22/2017 18:11,7/22/2017,-1.319292,36.837924,1,0,0,0,0
1228,7/22/2017 18:23,7/22/2017,-1.329883,36.870701,1,0,0,0,0
1229,7/23/2017 6:37,7/23/2017,-1.262121,36.726285,1,0,0,0,0
1230,7/23/2017 14:11,7/23/2017,-1.26932,36.75024,1,0,0,0,0
1231,7/23/2017 20:32,7/23/2017,-1.212543,36.902526,1,0,0,0,0
1232,7/24/2017 2:10,7/24/2017,-1.319292,36.837924,1,0,0,0,0
1233,7/24/2017 5:28,7/24/2017,-1.203623,36.772108,1,0,0,0,0
1234,7/24/2017 6:27,7/24/2017,-1.264054,36.753914,1,0,0,0,0
1235,7/24/2017 6:30,7/24/2017,-1.2341507,36.8729868,1,0,0,0,0
1236,7/24/2017 7:26,7/24/2017,-1.205178,36.915715,1,0,0,0,0
1237,7/24/2017 8:27,7/24/2017,-1.261628,36.725739,1,0,0,0,0
1238,7/24/2017 17:16,7/24/2017,-1.105318,37.017312,1,0,0,0,0
1239,7/24/2017 19:32,7/24/2017,-1.269696,36.817389,1,0,0,0,0
1240,7/25/2017 8:50,7/25/2017,-1.225204,36.838646,1,0,0,1,0
1241,7/25/2017 19:44,7/25/2017,-1.393383,36.939303,1,0,0,0,0
1242,7/26/2017 8:50,7/26/2017,-1.299666,36.765329,1,0,0,0,0
1243,7/26/2017 16:30,7/26/2017,-1.299037,36.776838,1,0,0,0,0
1244,7/27/2017 6:48,7/27/2017,-1.292978525,36.79147788,1,0,0,0,0
1245,7/27/2017 12:29,7/27/2017,-1.2520115,36.859948,1,1,0,0,0
1246,7/27/2017 16:23,7/27/2017,-1.129644,36.98806,1,0,0,0,0
1247,7/27/2017 17:21,7/27/2017,-1.271799,36.808369,1,0,0,0,0
1248,7/27/2017 19:31,7/27/2017,-1.508392,37.095374,1,0,0,0,0
1249,7/28/2017 7:26,7/28/2017,-1.263037,36.863931,1,0,0,0,0
1250,7/28/2017 7:28,7/28/2017,-1.3218,36.707906,1,0,0,0,0
1251,7/28/2017 7:47,7/28/2017,-1.299046,36.776833,1,0,0,0,0
1252,7/28/2017 7:47,7/28/2017,-1.233238,36.669375,1,0,0,0,0
1253,7/28/2017 8:05,7/28/2017,-1.227806,36.66455,1,0,0,0,0
1254,7/28/2017 8:24,7/28/2017,-1.211206,36.906606,1,0,0,0,0
1255,7/29/2017 4:18,7/29/2017,-1.239072,36.870218,1,0,0,0,0
1256,7/29/2017 7:57,7/29/2017,-1.393383,36.939303,1,0,0,0,0
1257,7/29/2017 10:39,7/29/2017,-1.260772,36.842033,1,1,0,0,1
1258,7/29/2017 11:49,7/29/2017,-1.2520115,36.859948,1,1,0,0,0
1259,7/29/2017 12:13,7/29/2017,-1.298009,36.802431,1,0,0,0,0
1260,7/29/2017 20:23,7/29/2017,-1.291926,36.841084,1,0,0,1,0
1261,7/30/2017 9:46,7/30/2017,-1.219791,36.891226,1,0,0,0,0
1262,7/30/2017 10:40,7/30/2017,-1.264153,36.748832,1,0,0,0,0
1263,7/30/2017 19:19,7/30/2017,-1.325571,36.794551,1,0,0,0,0
1264,7/31/2017 6:37,7/31/2017,-1.268631,36.812207,1,0,0,1,0
1265,7/31/2017 9:50,7/31/2017,-1.278772,36.850245,1,0,0,0,0
1266,7/31/2017 10:11,7/31/2017,-1.238775,36.870358,1,0,0,0,0
1267,7/31/2017 20:14,7/31/2017,-1.218893,36.892208,1,0,0,0,0
1268,7/31/2017 21:02,7/31/2017,-1.325542,36.84841,1,0,0,0,0
1269,8/1/2017 7:48,8/1/2017,-1.364553,36.911256,1,0,0,0,0
1270,8/1/2017 9:15,8/1/2017,-1.299871,36.76633,1,0,0,0,0
1271,8/1/2017 16:07,8/1/2017,-1.393383,36.939303,1,0,0,0,0
1272,8/1/2017 17:36,8/1/2017,-1.098771,37.024285,1,0,0,0,0
1273,8/1/2017 17:45,8/1/2017,-1.266714,36.834694,1,0,0,0,0
1274,8/1/2017 18:27,8/1/2017,-1.265423,36.819903,1,1,0,0,0
1275,8/1/2017 22:25,8/1/2017,-1.27281,36.897437,1,0,0,0,0
1276,8/2/2017 4:59,8/2/2017,-1.211206,36.906606,1,0,0,0,0
1277,8/2/2017 6:41,8/2/2017,-1.318966,36.789283,1,0,0,0,0
1278,8/2/2017 8:01,8/2/2017,-1.264298,36.734214,1,0,0,0,0
1279,8/2/2017 11:27,8/2/2017,-1.3218,36.707906,1,0,0,0,0
1280,8/2/2017 12:14,8/2/2017,-1.226239,36.884136,1,0,0,0,0
1281,8/2/2017 17:17,8/2/2017,-1.108992,36.642781,1,0,0,0,0
1282,8/4/2017 6:20,8/4/2017,-1.260772,36.842033,1,0,0,0,0
1283,8/4/2017 7:32,8/4/2017,-1.3309909,36.8595949,1,0,0,0,0
1284,8/4/2017 7:46,8/4/2017,-1.284307,36.816255,1,0,0,0,0
1285,8/4/2017 8:00,8/4/2017,-1.137155,36.970552,1,1,0,0,0
1286,8/4/2017 8:48,8/4/2017,-1.149233,36.962258,1,0,0,0,0
1287,8/4/2017 8:53,8/4/2017,-1.292341,36.842965,1,0,1,1,0
1288,8/4/2017 15:36,8/4/2017,-1.227806,36.66455,1,0,0,0,0
1289,8/4/2017 17:05,8/4/2017,-1.316627,36.92001,1,1,0,0,0
1290,8/4/2017 18:44,8/4/2017,-1.296282,36.881906,1,0,0,0,0
1291,8/4/2017 20:01,8/4/2017,-1.218893,36.892208,1,0,0,0,0
1292,8/4/2017 20:06,8/4/2017,-1.260327,36.718453,1,0,0,1,0
1293,8/4/2017 20:41,8/4/2017,-1.325853,36.848697,1,0,0,0,0
1294,8/4/2017 23:08,8/4/2017,-1.260811,36.794594,1,0,0,0,0
1295,8/5/2017 7:00,8/5/2017,-1.188995,36.930823,1,0,0,0,0
1296,8/5/2017 9:12,8/5/2017,-1.311331,36.820703,1,0,0,0,0
1297,8/5/2017 23:22,8/5/2017,-1.33117,36.888818,1,0,0,0,0
1298,8/6/2017 21:00,8/6/2017,-1.260327,36.718453,1,0,0,0,0
1299,8/6/2017 22:31,8/6/2017,-1.281916,36.814476,1,0,0,0,0
1300,8/7/2017 9:36,8/7/2017,-1.067871,36.699144,1,0,0,0,0
1301,8/7/2017 11:44,8/7/2017,-0.804893,36.532016,1,0,0,0,0
1302,8/7/2017 17:38,8/7/2017,-1.215346,36.85396,1,0,0,0,0
1303,8/8/2017 11:17,8/8/2017,-1.061075,37.238535,1,0,0,0,0
1304,8/8/2017 13:13,8/8/2017,-0.930223,37.169935,1,0,0,0,0
1305,8/9/2017 10:59,8/9/2017,-1.215966,36.841163,1,0,0,0,0
1306,8/9/2017 11:41,8/9/2017,-1.2986499,36.8025624,1,0,0,0,0
1307,8/10/2017 13:59,8/10/2017,-1.285867,36.818659,1,0,0,0,0
1308,8/10/2017 17:51,8/10/2017,-1.307448,36.889762,1,0,0,0,0
1309,8/11/2017 13:47,8/11/2017,-1.312662,36.815829,1,0,0,0,0
1310,8/11/2017 16:52,8/11/2017,-1.171108,36.972523,1,0,0,0,0
1311,8/11/2017 23:31,8/11/2017,-0.804893,36.532016,1,0,0,0,0
1312,8/12/2017 8:15,8/12/2017,-1.244991,36.86694635,1,0,0,1,0
1313,8/12/2017 18:49,8/12/2017,-1.393383,36.939303,1,0,0,0,0
1314,8/13/2017 19:48,8/13/2017,-0.940643,36.620634,1,0,0,0,0
1315,8/14/2017 5:49,8/14/2017,-1.31031125,36.8915215,1,0,0,1,0
1316,8/14/2017 9:54,8/14/2017,-1.231202,36.877496,1,0,0,0,0
1317,8/14/2017 17:46,8/14/2017,-1.231202,36.877496,1,0,0,0,0
1318,8/14/2017 23:29,8/14/2017,-1.31569,36.814204,1,0,0,0,0
1319,8/16/2017 18:05,8/16/2017,-1.255847525,36.69535614,1,0,0,0,0
1320,8/16/2017 18:14,8/16/2017,-1.2496416,36.68444243,1,0,0,0,0
1321,8/16/2017 18:23,8/16/2017,-1.149233,36.962258,1,0,0,0,0
1322,8/16/2017 18:42,8/16/2017,-1.220927,36.890236,1,0,0,0,0
1323,8/16/2017 20:08,8/16/2017,-1.317658,36.776336,1,1,0,0,0
1324,8/16/2017 20:25,8/16/2017,-1.319174,36.789482,1,1,1,0,0
1325,8/17/2017 7:45,8/17/2017,-1.297734,36.886701,1,0,0,0,0
1326,8/17/2017 8:37,8/17/2017,-1.250179253,36.78524739,1,0,0,1,0
1327,8/17/2017 14:21,8/17/2017,-1.295174,36.821838,1,0,0,0,0
1328,8/17/2017 17:33,8/17/2017,-1.1711,36.972391,1,0,0,0,0
1329,8/17/2017 18:36,8/17/2017,-1.344414,36.902542,1,0,0,0,0
1330,8/17/2017 20:11,8/17/2017,-1.260845,36.713369,1,0,0,0,0
1331,8/17/2017 20:37,8/17/2017,-1.29594,36.886536,1,1,0,0,0
1332,8/17/2017 22:05,8/17/2017,-1.23536,36.872436,1,0,0,0,0
1333,8/18/2017 1:31,8/18/2017,-1.216489,36.825045,1,0,0,0,0
1334,8/18/2017 7:58,8/18/2017,-1.29769,36.871121,1,0,0,1,0
1335,8/18/2017 8:24,8/18/2017,-1.264316,36.740057,1,0,0,0,0
1336,8/18/2017 11:29,8/18/2017,-1.287876,36.827602,1,0,0,0,0
1337,8/18/2017 14:37,8/18/2017,-1.255799,36.797584,1,0,0,0,0
1338,8/19/2017 0:53,8/19/2017,-1.319292,36.837924,1,0,0,0,0
1339,8/19/2017 5:52,8/19/2017,-1.265182,36.835912,1,0,0,0,0
1340,8/19/2017 6:25,8/19/2017,-1.30449,36.746054,1,0,0,0,1
1341,8/19/2017 21:04,8/19/2017,-1.024067,37.066755,1,0,0,0,0
1342,8/20/2017 6:45,8/20/2017,-1.29748,36.885739,1,0,0,0,0
1343,8/20/2017 15:52,8/20/2017,-1.235411,36.872537,1,0,0,0,0
1344,8/20/2017 21:58,8/20/2017,-1.323311714,36.89959526,1,0,0,1,0
1345,8/21/2017 9:05,8/21/2017,-1.2128646,36.9032664,1,0,0,0,0
1346,8/21/2017 17:38,8/21/2017,-1.32316,36.844198,1,0,0,0,0
1347,8/21/2017 19:13,8/21/2017,-1.327561,36.852158,1,0,0,0,0
1348,8/22/2017 6:54,8/22/2017,-1.218893,36.892208,1,0,0,0,0
1349,8/22/2017 8:08,8/22/2017,-1.301897,36.816336,1,0,0,0,0
1350,8/22/2017 8:39,8/22/2017,-1.32856015,36.880783,1,0,0,0,0
1351,8/22/2017 9:28,8/22/2017,-1.260772,36.842033,1,0,0,0,0
1352,8/22/2017 9:29,8/22/2017,-1.249089,36.862775,1,0,0,0,0
1353,8/22/2017 14:48,8/22/2017,-1.374088,36.922352,1,0,0,0,0
1354,8/22/2017 18:05,8/22/2017,-1.218893,36.892208,1,1,0,0,0
1355,8/22/2017 18:30,8/22/2017,-1.2994591,36.8248656,1,0,0,0,0
1356,8/22/2017 19:34,8/22/2017,-1.255847525,36.69535614,1,0,0,0,0
1357,8/22/2017 20:56,8/22/2017,-1.203997,36.916822,1,0,0,0,0
1358,8/22/2017 20:57,8/22/2017,-1.329883,36.870701,1,0,0,0,0
1359,8/23/2017 8:52,8/23/2017,-1.262399,36.878971,1,0,0,0,0
1360,8/23/2017 14:38,8/23/2017,-1.316951,36.833923,1,0,0,0,0
1361,8/23/2017 16:29,8/23/2017,-1.312452,36.816123,1,0,0,0,0
1362,8/24/2017 8:01,8/24/2017,-0.804893,36.532016,1,0,0,0,0
1363,8/24/2017 20:29,8/24/2017,-1.260772,36.842033,1,0,0,0,0
1364,8/25/2017 0:11,8/25/2017,-1.329883,36.870701,1,0,0,0,0
1365,8/25/2017 5:41,8/25/2017,-1.286016643,36.81839766,1,0,0,0,0
1366,8/25/2017 7:50,8/25/2017,-1.296922,36.83543,1,0,0,0,0
1367,8/25/2017 13:34,8/25/2017,-1.329883,36.870701,1,0,0,0,0
1368,8/25/2017 14:09,8/25/2017,-1.35951,36.907839,1,0,0,0,0
1369,8/25/2017 15:11,8/25/2017,-1.345134,36.903268,1,0,0,0,0
1370,8/25/2017 18:17,8/25/2017,-1.23071185,36.80370165,1,0,0,0,0
1371,8/25/2017 22:25,8/25/2017,-0.664948,37.209139,1,0,0,0,0
1372,8/26/2017 13:13,8/26/2017,-1.249218,36.862657,1,0,0,0,0
1373,8/26/2017 15:22,8/26/2017,-1.280731,36.964065,1,0,0,0,0
1374,8/26/2017 15:44,8/26/2017,-1.264153,36.748832,1,0,0,0,0
1375,8/26/2017 15:47,8/26/2017,-1.317724,36.918491,1,0,0,0,0
1376,8/26/2017 20:49,8/26/2017,-1.272416,36.827385,1,0,0,0,0
1377,8/27/2017 7:39,8/27/2017,-0.666495,37.212567,1,0,0,0,0
1378,8/27/2017 10:49,8/27/2017,-1.266714,36.834694,1,0,0,1,0
1379,8/27/2017 15:36,8/27/2017,-1.22063,36.890373,1,0,0,0,0
1380,8/27/2017 17:54,8/27/2017,-1.024152,37.066787,1,0,0,0,0
1381,8/27/2017 19:26,8/27/2017,-1.315891533,36.81393867,1,0,0,0,0
1382,8/27/2017 20:10,8/27/2017,-1.264153,36.748832,1,0,0,0,0
1383,8/28/2017 8:21,8/28/2017,-1.255847525,36.69535614,1,0,0,0,0
1384,8/28/2017 8:34,8/28/2017,-1.244991,36.86694635,1,0,0,0,0
1385,8/28/2017 11:22,8/28/2017,-1.005675,37.078928,1,0,0,0,0
1386,8/28/2017 15:50,8/28/2017,-1.329672,36.870351,1,0,0,0,0
1387,8/28/2017 23:09,8/28/2017,-1.316609025,36.83403205,1,0,0,0,0
1388,8/29/2017 6:35,8/29/2017,-1.35952,36.907841,1,0,0,1,0
1389,8/29/2017 6:39,8/29/2017,-1.260275,36.77083,1,0,0,0,0
1390,8/29/2017 7:12,8/29/2017,-1.2520115,36.859948,1,0,0,0,0
1391,8/29/2017 8:47,8/29/2017,-1.292376,36.783475,1,0,0,0,0
1392,8/29/2017 12:30,8/29/2017,-1.218893,36.892208,1,0,0,0,0
1393,8/29/2017 13:39,8/29/2017,-1.325571,36.794551,1,0,0,0,0
1394,8/29/2017 21:26,8/29/2017,-1.257001,36.854399,1,0,0,0,0
1395,8/30/2017 11:37,8/30/2017,-1.329883,36.870701,1,0,0,0,0
1396,8/30/2017 20:44,8/30/2017,-1.118429,37.010054,1,0,0,0,0
1397,8/31/2017 8:39,8/31/2017,-1.255895,36.855873,1,0,0,0,0
1398,8/31/2017 15:36,8/31/2017,-1.259588,36.785738,1,0,0,1,0
1399,8/31/2017 16:17,8/31/2017,-1.272416,36.827385,1,0,0,0,0
1400,8/31/2017 18:22,8/31/2017,-1.279676,36.819991,1,0,0,0,0
1401,9/1/2017 5:07,9/1/2017,-1.244991,36.86694635,1,0,0,0,0
1402,9/1/2017 5:12,9/1/2017,-1.235035,36.87286,1,0,0,0,0
1403,9/1/2017 7:06,9/1/2017,-1.316609025,36.83403205,1,0,0,0,0
1404,9/1/2017 7:15,9/1/2017,-1.26049,36.770219,1,0,0,0,0
1405,9/1/2017 7:17,9/1/2017,-1.462665,37.011955,1,0,0,0,0
1406,9/1/2017 13:01,9/1/2017,-1.210832,36.907589,1,0,0,0,0
1407,9/1/2017 13:02,9/1/2017,-1.218893,36.892208,1,0,0,0,0
1408,9/1/2017 14:17,9/1/2017,-1.461081,37.013211,1,0,0,0,0
1409,9/1/2017 16:37,9/1/2017,-1.319217,36.789482,1,0,0,0,0
1410,9/1/2017 17:00,9/1/2017,-1.232337,36.878793,1,0,0,0,0
1411,9/2/2017 7:30,9/2/2017,-1.301849,36.753374,1,0,0,0,0
1412,9/2/2017 21:51,9/2/2017,-1.264316,36.740057,1,0,0,0,0
1413,9/2/2017 22:11,9/2/2017,-1.234214,36.871593,1,1,0,0,0
1414,9/2/2017 22:17,9/2/2017,-1.261628,36.725739,1,0,0,0,0
1415,9/3/2017 10:01,9/3/2017,-1.131369,36.636026,1,0,0,0,0
1416,9/3/2017 10:28,9/3/2017,-1.2496029,36.8485744,1,0,0,0,0
1417,9/3/2017 11:04,9/3/2017,-1.213354,36.792994,1,0,0,0,0
1418,9/3/2017 12:31,9/3/2017,-1.32856015,36.880783,1,0,0,0,0
1419,9/3/2017 19:54,9/3/2017,-1.37214,36.91987,1,0,1,0,0
1420,9/3/2017 22:33,9/3/2017,-1.3820525,36.7705935,1,0,0,0,0
1421,9/3/2017 23:20,9/3/2017,-1.292341,36.843161,1,0,0,0,0
1422,9/4/2017 6:43,9/4/2017,-1.205406,36.915515,1,0,0,0,0
1423,9/4/2017 6:58,9/4/2017,-1.2932616,36.94381485,1,0,0,0,0
1424,9/4/2017 7:24,9/4/2017,-1.331725,36.888135,1,0,0,0,0
1425,9/4/2017 7:37,9/4/2017,-1.218893,36.892208,1,0,0,0,0
1426,9/4/2017 11:21,9/4/2017,-1.260327,36.718453,1,0,0,0,0
1427,9/4/2017 15:05,9/4/2017,-1.3192781,36.8383276,1,0,0,0,0
1428,9/4/2017 20:38,9/4/2017,-1.260385,36.718111,1,0,0,0,0
1429,9/4/2017 21:59,9/4/2017,-1.261628,36.725739,1,0,0,0,0
1430,9/5/2017 7:54,9/5/2017,-1.250179253,36.78524739,1,0,0,0,0
1431,9/5/2017 8:02,9/5/2017,-1.299776,36.83673,1,0,0,0,0
1432,9/5/2017 14:56,9/5/2017,-1.395448,36.731244,1,0,0,0,0
1433,9/5/2017 15:06,9/5/2017,-1.365201,36.91196,1,0,0,0,0
1434,9/5/2017 20:43,9/5/2017,-1.372598,36.920491,1,0,0,0,0
1435,9/6/2017 7:13,9/6/2017,-1.284808,36.88468,1,0,0,0,0
1436,9/6/2017 7:25,9/6/2017,-1.297072,36.875667,1,0,0,0,0
1437,9/6/2017 7:46,9/6/2017,-1.244525,36.866881,1,0,0,0,0
1438,9/6/2017 10:24,9/6/2017,-1.397613,36.941893,1,0,0,0,0
1439,9/6/2017 10:32,9/6/2017,-1.393383,36.939303,1,0,0,0,0
1440,9/6/2017 16:42,9/6/2017,-1.26879,36.824013,1,0,0,0,0
1441,9/6/2017 22:24,9/6/2017,-1.342713,36.765975,1,0,0,0,0
1442,9/7/2017 5:54,9/7/2017,-1.219589,36.891494,1,0,0,0,0
1443,9/7/2017 12:50,9/7/2017,-1.047398,37.059364,1,0,0,1,0
1444,9/7/2017 16:38,9/7/2017,-1.296341,36.88407,1,0,1,0,0
1445,9/8/2017 5:18,9/8/2017,-1.231183,36.842287,1,0,0,1,0
1446,9/8/2017 7:58,9/8/2017,-1.260686,36.71692,1,0,0,0,0
1447,9/8/2017 8:07,9/8/2017,-1.25810665,36.70126405,1,0,0,0,0
1448,9/8/2017 9:25,9/8/2017,-1.272416,36.827385,1,0,0,0,0
1449,9/8/2017 17:55,9/8/2017,-1.188995,36.930823,1,0,0,0,0
1450,9/8/2017 18:02,9/8/2017,-1.264043,36.75385,1,0,0,0,0
1451,9/8/2017 18:28,9/8/2017,-0.804893,36.532016,1,0,0,0,0
1452,9/9/2017 2:08,9/9/2017,-1.2748234,36.82367725,1,0,0,0,0
1453,9/9/2017 4:17,9/9/2017,-1.317724,36.918491,1,0,0,0,0
1454,9/9/2017 6:44,9/9/2017,-1.285962,36.833221,1,0,0,0,0
1455,9/9/2017 14:39,9/9/2017,-1.221613,36.835813,1,0,0,0,0
1456,9/10/2017 11:15,9/10/2017,-1.364719,36.911405,1,0,0,0,0
1457,9/10/2017 17:17,9/10/2017,-1.105318,37.017312,1,0,0,0,0
1458,9/10/2017 17:59,9/10/2017,-0.077755,34.789928,1,0,0,0,0
1459,9/10/2017 22:05,9/10/2017,-1.330299,36.856406,1,0,0,1,0
1460,9/11/2017 6:15,9/11/2017,-1.2568653,36.85500857,1,0,0,0,0
1461,9/11/2017 6:18,9/11/2017,-1.260135,36.842254,1,0,0,0,0
1462,9/11/2017 6:50,9/11/2017,-1.29506,36.799501,1,0,0,0,0
1463,9/11/2017 6:58,9/11/2017,-1.26449,36.735534,1,0,0,0,0
1464,9/11/2017 6:59,9/11/2017,-1.259588,36.785738,1,0,0,0,0
1465,9/11/2017 9:17,9/11/2017,-1.274509,36.81225,1,1,0,0,0
1466,9/11/2017 13:59,9/11/2017,-0.982614,36.585946,1,0,0,0,0
1467,9/11/2017 14:12,9/11/2017,-1.274509,36.81225,1,0,0,0,0
1468,9/11/2017 17:19,9/11/2017,-1.318812,36.811184,1,0,0,0,0
1469,9/11/2017 18:48,9/11/2017,-1.265709,36.83533,1,0,0,0,0
1470,9/12/2017 5:33,9/12/2017,-1.31598,36.813963,1,0,0,0,0
1471,9/12/2017 7:21,9/12/2017,-1.300791,36.808823,1,0,0,0,0
1472,9/12/2017 7:37,9/12/2017,-1.279907,36.979198,1,0,0,0,0
1473,9/12/2017 8:47,9/12/2017,-1.245143,36.768481,1,0,0,0,0
1474,9/12/2017 17:23,9/12/2017,-1.29518,36.821822,1,0,0,0,0
1475,9/12/2017 19:23,9/12/2017,-1.233484,36.874769,1,0,0,0,0
1476,9/13/2017 9:02,9/13/2017,-1.265685,36.858851,1,0,1,0,0
1477,9/13/2017 10:53,9/13/2017,-1.3153828,36.89460495,1,0,0,0,0
1478,9/13/2017 10:59,9/13/2017,-1.269131875,36.83259915,1,0,0,0,0
1479,9/13/2017 17:19,9/13/2017,-1.364719,36.911405,1,0,0,0,0
1480,9/13/2017 19:56,9/13/2017,-1.30553,36.825678,1,0,0,0,0
1481,9/13/2017 22:04,9/13/2017,-1.420017,36.954021,1,0,0,0,0
1482,9/14/2017 6:44,9/14/2017,-1.296583,36.87943,1,0,0,0,0
1483,9/14/2017 11:49,9/14/2017,-1.277003,36.834905,1,0,0,0,0
1484,9/15/2017 0:18,9/15/2017,-1.29554,36.885938,1,0,0,0,0
1485,9/15/2017 12:31,9/15/2017,-1.364719,36.911405,1,0,0,0,0
1486,9/15/2017 15:28,9/15/2017,-1.290126,36.783114,1,0,0,0,0
1487,9/15/2017 16:47,9/15/2017,-1.299721,36.836814,1,0,0,0,0
1488,9/15/2017 17:20,9/15/2017,-1.280731,36.964065,1,0,0,0,0
1489,9/15/2017 21:41,9/15/2017,-1.260772,36.842033,1,0,0,0,0
1490,9/15/2017 22:24,9/15/2017,-1.306754,36.830673,1,0,0,0,0
1491,9/16/2017 5:14,9/16/2017,-1.31435665,36.8079547,1,0,0,0,0
1492,9/16/2017 5:42,9/16/2017,-1.310165,36.802016,1,0,0,0,0
1493,9/16/2017 7:55,9/16/2017,-1.278658,36.821153,1,0,0,0,0
1494,9/16/2017 8:28,9/16/2017,-1.393378,36.939394,1,0,0,0,0
1495,9/16/2017 13:43,9/16/2017,-1.299717,36.824308,1,0,0,0,0
1496,9/16/2017 16:17,9/16/2017,-1.24965,36.846952,1,0,0,0,0
1497,9/16/2017 17:56,9/16/2017,-1.508392,37.095374,1,0,0,0,0
1498,9/17/2017 8:49,9/17/2017,-1.260297,36.77127,1,0,0,0,0
1499,9/18/2017 9:32,9/18/2017,-1.30040278,36.78052124,1,0,0,0,0
1500,9/18/2017 17:35,9/18/2017,-1.234546,36.803319,1,0,0,0,0
1501,9/18/2017 19:33,9/18/2017,-1.30040278,36.78052124,1,0,0,0,0
1502,9/18/2017 20:36,9/18/2017,-1.304764,36.856111,1,0,0,0,0
1503,9/19/2017 6:47,9/19/2017,-1.325542,36.84841,1,0,0,0,0
1504,9/19/2017 6:49,9/19/2017,-1.266494,36.8477439,1,0,0,0,0
1505,9/19/2017 10:03,9/19/2017,-1.239348,36.870187,1,1,0,0,0
1506,9/19/2017 13:50,9/19/2017,-1.31979,36.906603,1,0,0,0,0
1507,9/19/2017 23:05,9/19/2017,-1.2767133,36.822984,1,0,0,0,0
1508,9/20/2017 17:02,9/20/2017,-1.245686,36.874776,1,0,1,0,0
1509,9/20/2017 17:28,9/20/2017,-1.298556,36.767614,1,0,0,0,0
1510,9/20/2017 17:42,9/20/2017,-1.379238,36.927857,1,0,0,1,0
1511,9/20/2017 17:58,9/20/2017,-1.349668,36.660266,1,0,0,0,0
1512,9/20/2017 20:26,9/20/2017,-1.289621,36.759934,1,0,0,0,0
1513,9/21/2017 7:39,9/21/2017,-1.262686,36.800498,1,0,0,1,0
1514,9/21/2017 7:48,9/21/2017,-1.329883,36.870701,1,0,0,0,0
1515,9/21/2017 16:04,9/21/2017,-1.2931119,36.7917109,1,0,0,1,0
1516,9/21/2017 19:41,9/21/2017,-1.263997,36.837518,1,0,0,0,0
1517,9/21/2017 21:07,9/21/2017,-1.330498267,36.86528483,1,0,0,0,0
1518,9/22/2017 7:53,9/22/2017,-1.299566,36.829876,1,0,0,0,0
1519,9/22/2017 8:05,9/22/2017,-1.271922,36.842033,1,0,0,0,0
1520,9/22/2017 11:42,9/22/2017,-1.477173,37.038103,1,0,0,0,0
1521,9/22/2017 12:04,9/22/2017,-1.095178,37.028703,1,0,0,0,0
1522,9/22/2017 13:04,9/22/2017,-1.244405,36.859136,1,0,0,0,0
1523,9/22/2017 13:47,9/22/2017,-1.290425,37.218528,1,0,0,0,0
1524,9/22/2017 13:56,9/22/2017,-1.240635,36.844245,1,0,0,0,0
1525,9/22/2017 15:44,9/22/2017,-1.289973,36.769578,1,0,0,0,0
1526,9/22/2017 16:23,9/22/2017,-1.25888,36.779842,1,0,0,0,0
1527,9/22/2017 18:09,9/22/2017,-1.393383,36.939303,1,0,0,0,0
1528,9/22/2017 20:06,9/22/2017,-1.249218,36.862657,1,0,1,0,0
1529,9/22/2017 21:30,9/22/2017,-1.2496416,36.68444243,1,0,0,0,0
1530,9/23/2017 0:15,9/23/2017,-1.255935,36.695763,1,0,0,0,0
1531,9/23/2017 2:38,9/23/2017,-1.32856015,36.880783,1,0,0,0,0
1532,9/23/2017 14:20,9/23/2017,-1.318301,36.788521,1,0,0,0,0
1533,9/23/2017 15:41,9/23/2017,-1.275458,36.829179,1,0,0,0,0
1534,9/24/2017 8:10,9/24/2017,-1.274639,36.824303,1,0,0,0,0
1535,9/25/2017 7:34,9/25/2017,-1.2128646,36.9032664,1,0,0,0,0
1536,9/25/2017 8:20,9/25/2017,-1.262686,36.800498,1,0,0,0,0
1537,9/25/2017 17:14,9/25/2017,-1.219578,36.891484,1,0,0,0,0
1538,9/25/2017 18:37,9/25/2017,-1.269796,36.817504,1,0,0,0,0
1539,9/25/2017 18:38,9/25/2017,-1.266714,36.834694,1,0,0,0,0
1540,9/25/2017 19:43,9/25/2017,-1.252933,36.859054,1,0,0,0,0
1541,9/25/2017 20:24,9/25/2017,-1.256155,36.855219,1,0,0,0,0
1542,9/26/2017 5:39,9/26/2017,-1.227806,36.66455,1,0,0,0,0
1543,9/26/2017 9:36,9/26/2017,-1.32856015,36.880783,1,0,0,0,0
1544,9/26/2017 10:34,9/26/2017,-1.295208,36.812937,1,0,0,0,1
1545,9/27/2017 6:24,9/27/2017,-1.393383,36.939303,1,0,0,0,0
1546,9/27/2017 6:28,9/27/2017,-1.260772,36.842033,1,0,0,0,0
1547,9/27/2017 7:10,9/27/2017,-1.244847,36.866988,1,0,0,0,0
1548,9/27/2017 7:19,9/27/2017,-1.451023,36.968201,1,0,0,0,0
1549,9/27/2017 7:52,9/27/2017,-1.235113,36.87264,1,0,0,0,0
1550,9/27/2017 8:04,9/27/2017,-1.231202,36.877496,1,0,0,0,0
1551,9/27/2017 18:27,9/27/2017,-1.397695,36.941912,1,0,0,0,0
1552,9/27/2017 18:41,9/27/2017,-1.251041,36.818708,1,0,0,0,0
1553,9/28/2017 5:17,9/28/2017,-1.3263197,36.7853696,1,0,0,0,0
1554,9/28/2017 12:30,9/28/2017,-1.491467,37.0577,1,0,0,1,0
1555,9/28/2017 16:10,9/28/2017,-1.259358,36.826696,1,0,0,0,0
1556,9/29/2017 9:01,9/29/2017,-1.244263,36.86747,1,0,0,0,0
1557,9/29/2017 9:12,9/29/2017,-1.234914,36.872853,1,0,0,0,0
1558,9/29/2017 9:56,9/29/2017,-1.417604,36.952687,1,0,0,0,0
1559,9/29/2017 11:13,9/29/2017,-1.851733,37.258321,1,0,0,0,0
1560,9/29/2017 14:47,9/29/2017,-1.024067,37.066755,1,0,0,0,0
1561,9/29/2017 15:58,9/29/2017,-1.320728,36.809218,1,0,0,0,0
1562,9/29/2017 17:02,9/29/2017,-1.274509,36.81225,1,0,0,0,0
1563,9/29/2017 22:02,9/29/2017,-1.26376,36.824743,1,1,0,0,0
1564,9/30/2017 9:44,9/30/2017,-1.264153,36.748832,1,0,0,0,0
1565,9/30/2017 12:16,9/30/2017,-1.255879,36.856023,1,0,0,0,0
1566,9/30/2017 15:48,9/30/2017,-0.693719,36.41978,1,0,0,0,0
1567,9/30/2017 18:35,9/30/2017,-1.250197067,36.84664757,1,0,0,0,0
1568,9/30/2017 22:24,9/30/2017,-1.2520115,36.859948,1,1,0,0,0
1569,9/30/2017 22:44,9/30/2017,-1.22097,36.890182,1,0,0,0,0
1570,9/30/2017 22:44,9/30/2017,-1.255435,36.856536,1,1,0,0,0
1571,9/30/2017 23:15,9/30/2017,-1.226226,36.884216,1,0,0,0,0
1572,10/1/2017 4:06,10/1/2017,-1.326521,36.895421,1,0,0,0,0
1573,10/1/2017 19:34,10/1/2017,-1.331725,36.888135,1,0,0,0,0
1574,10/1/2017 21:06,10/1/2017,-1.229704,36.804086,1,0,0,1,0
1575,10/1/2017 22:57,10/1/2017,-1.234914,36.872853,1,0,0,0,0
1576,10/2/2017 8:05,10/2/2017,-1.272159,36.827623,1,0,0,0,0
1577,10/2/2017 8:32,10/2/2017,-1.329589,36.855695,1,0,0,0,1
1578,10/2/2017 9:35,10/2/2017,-1.29748,36.885739,1,0,0,0,0
1579,10/2/2017 9:40,10/2/2017,-1.205178,36.915715,1,0,0,0,0
1580,10/2/2017 11:41,10/2/2017,-1.252933,36.859054,1,0,0,0,0
1581,10/2/2017 13:00,10/2/2017,-1.364553,36.911256,1,0,0,0,0
1582,10/2/2017 19:30,10/2/2017,-1.218893,36.892208,1,0,0,0,0
1583,10/2/2017 21:25,10/2/2017,-1.31609678,36.81378792,1,0,0,0,0
1584,10/3/2017 8:07,10/3/2017,-1.292341,36.843161,1,0,0,0,0
1585,10/3/2017 10:05,10/3/2017,-1.259562,36.775694,1,0,0,0,0
1586,10/3/2017 11:05,10/3/2017,-1.260746,36.842254,1,0,0,0,0
1587,10/3/2017 16:01,10/3/2017,-1.327561,36.852158,1,0,0,0,0
1588,10/3/2017 20:33,10/3/2017,-1.295801,36.886279,1,0,0,0,0
1589,10/4/2017 7:33,10/4/2017,-1.289982,36.77015,1,0,0,0,0
1590,10/4/2017 21:15,10/4/2017,-1.260275,36.77083,1,0,0,0,0
1591,10/5/2017 7:41,10/5/2017,-1.255847525,36.69535614,1,0,0,0,0
1592,10/5/2017 11:28,10/5/2017,-1.236986,36.666811,1,0,0,0,0
1593,10/5/2017 15:13,10/5/2017,-1.1980712,36.92222557,1,0,0,0,0
1594,10/5/2017 19:18,10/5/2017,-1.129607,36.987577,1,0,0,0,0
1595,10/5/2017 19:54,10/5/2017,-1.250197067,36.84664757,1,0,0,0,0
1596,10/5/2017 20:05,10/5/2017,-1.265182,36.835912,1,0,0,0,0
1597,10/5/2017 20:56,10/5/2017,-1.395457,36.731238,1,0,0,0,0
1598,10/6/2017 0:00,10/6/2017,-1.280731,36.964065,1,1,0,0,0
1599,10/6/2017 6:29,10/6/2017,-1.195805,36.83829,1,0,0,0,0
1600,10/6/2017 6:45,10/6/2017,-1.443407,36.989655,1,0,0,0,0
1601,10/6/2017 13:08,10/6/2017,-1.266714,36.834694,1,0,0,0,0
1602,10/6/2017 13:14,10/6/2017,-1.297072,36.875667,1,0,0,0,0
1603,10/6/2017 18:14,10/6/2017,-1.260327,36.718453,1,0,0,0,0
1604,10/6/2017 20:25,10/6/2017,-1.149233,36.962258,1,0,1,0,0
1605,10/6/2017 22:05,10/6/2017,-1.260772,36.842033,1,0,0,0,0
1606,10/6/2017 23:11,10/6/2017,-1.226239,36.884136,1,0,0,0,0
1607,10/7/2017 10:56,10/7/2017,-1.24489,36.867074,1,0,0,0,0
1608,10/7/2017 10:56,10/7/2017,-1.327561,36.852158,1,0,0,0,0
1609,10/7/2017 11:41,10/7/2017,-1.287207,36.82646,1,0,0,0,0
1610,10/7/2017 22:11,10/7/2017,-1.331725,36.888135,1,0,0,0,0
1611,10/7/2017 23:19,10/7/2017,-1.272416,36.827385,1,1,0,0,0
1612,10/7/2017 23:32,10/7/2017,-1.356752,36.762272,1,0,0,0,0
1613,10/8/2017 2:38,10/8/2017,-1.2627803,36.76434337,1,1,0,0,0
1614,10/8/2017 17:58,10/8/2017,-1.285867,36.818659,1,1,0,0,0
1615,10/9/2017 7:57,10/9/2017,-1.331276,36.860452,1,0,0,1,0
1616,10/9/2017 10:07,10/9/2017,-1.31435665,36.8079547,1,0,0,0,1
1617,10/9/2017 18:15,10/9/2017,-1.248218,36.797356,1,0,0,0,0
1618,10/9/2017 18:21,10/9/2017,-1.218893,36.892208,1,0,0,0,0
1619,10/9/2017 20:17,10/9/2017,-1.329883,36.870701,1,0,0,0,0
1620,10/10/2017 6:52,10/10/2017,-1.331725,36.888135,1,0,0,0,0
1621,10/10/2017 7:13,10/10/2017,-1.214979,36.865853,1,0,0,0,0
1622,10/10/2017 7:25,10/10/2017,-1.264153,36.748832,1,0,0,0,0
1623,10/10/2017 8:13,10/10/2017,-1.234255,36.775698,1,0,0,0,0
1624,10/10/2017 8:29,10/10/2017,-1.280731,36.964065,1,0,0,0,0
1625,10/10/2017 17:37,10/10/2017,-1.285867,36.818659,1,0,0,0,0
1626,10/10/2017 21:25,10/10/2017,-1.249218,36.862657,1,0,1,0,0
1627,10/11/2017 6:15,10/11/2017,-1.35951,36.907839,1,0,0,0,0
1628,10/11/2017 6:26,10/11/2017,-1.212551,36.902999,1,0,0,0,0
1629,10/11/2017 7:57,10/11/2017,-1.29769,36.871121,1,0,0,0,0
1630,10/11/2017 8:22,10/11/2017,-1.27182,36.808361,1,0,0,0,0
1631,10/11/2017 11:25,10/11/2017,-1.296583,36.87943,1,0,0,0,0
1632,10/11/2017 14:55,10/11/2017,-1.329468,36.885394,1,0,0,0,0
1633,10/11/2017 16:33,10/11/2017,-1.304699,36.826291,1,0,0,0,0
1634,10/11/2017 17:44,10/11/2017,-1.24062,36.84423,1,0,0,0,0
1635,10/11/2017 18:53,10/11/2017,-1.256155,36.855219,1,0,0,0,0
1636,10/11/2017 21:13,10/11/2017,-1.221574,36.889674,1,0,0,0,0
1637,10/12/2017 0:09,10/12/2017,-1.263878,36.758575,1,0,0,0,0
1638,10/12/2017 12:58,10/12/2017,-1.292341,36.843161,1,0,0,0,0
1639,10/12/2017 17:14,10/12/2017,-1.155889,36.928976,1,0,0,0,0
1640,10/13/2017 6:54,10/13/2017,-1.307131,36.819651,1,0,0,0,0
1641,10/13/2017 14:45,10/13/2017,-1.262686,36.800498,1,0,0,1,0
1642,10/13/2017 20:07,10/13/2017,-1.1956786,36.9248257,1,0,0,0,0
1643,10/14/2017 3:45,10/14/2017,-1.260275,36.77083,1,0,0,0,0
1644,10/14/2017 3:55,10/14/2017,-1.258916,36.778375,1,0,0,0,0
1645,10/14/2017 6:16,10/14/2017,-1.296996,36.875952,1,0,0,0,0
1646,10/14/2017 7:59,10/14/2017,-1.366543,36.913482,1,0,0,0,0
1647,10/14/2017 13:26,10/14/2017,-1.295167,36.821857,1,0,0,0,0
1648,10/14/2017 21:14,10/14/2017,-1.2202532,36.7132449,1,0,0,0,0
1649,10/15/2017 13:28,10/15/2017,-1.293714,36.84922,1,0,0,0,0
1650,10/15/2017 14:34,10/15/2017,-1.262686,36.800498,1,0,0,0,0
1651,10/16/2017 6:59,10/16/2017,-1.255847525,36.69535614,1,0,0,0,0
1652,10/16/2017 15:00,10/16/2017,-1.212551,36.902999,1,0,0,0,0
1653,10/17/2017 7:47,10/17/2017,-1.314206,36.807627,1,0,0,0,0
1654,10/17/2017 15:58,10/17/2017,-1.296138,36.860653,1,0,0,0,0
1655,10/17/2017 17:52,10/17/2017,-1.443407,36.989655,1,0,0,0,0
1656,10/18/2017 6:18,10/18/2017,-1.3963548,36.74404103,1,0,0,0,0
1657,10/18/2017 7:10,10/18/2017,-1.364553,36.911256,1,0,0,0,0
1658,10/18/2017 7:50,10/18/2017,-1.319292,36.837924,1,0,0,0,0
1659,10/18/2017 10:23,10/18/2017,-1.329589,36.855695,1,0,0,0,0
1660,10/18/2017 17:01,10/18/2017,-1.260726,36.71673,1,0,0,0,0
1661,10/18/2017 20:13,10/18/2017,-1.1956786,36.9248257,1,0,0,0,0
1662,10/18/2017 20:20,10/18/2017,-1.205178,36.915715,1,0,0,0,0
1663,10/18/2017 21:40,10/18/2017,-1.188995,36.930823,1,0,0,0,0
1664,10/18/2017 22:12,10/18/2017,-1.2568653,36.85500857,1,0,0,0,0
1665,10/19/2017 0:10,10/19/2017,-1.255847525,36.69535614,1,0,0,0,0
1666,10/19/2017 7:58,10/19/2017,-1.244991,36.86694635,1,0,0,0,0
1667,10/19/2017 11:59,10/19/2017,-1.276321,36.826473,1,0,0,0,0
1668,10/19/2017 13:03,10/19/2017,-1.327561,36.852158,1,0,0,0,0
1669,10/20/2017 8:36,10/20/2017,-1.329883,36.870701,1,0,0,0,0
1670,10/20/2017 10:28,10/20/2017,-1.2313925,36.87857,1,0,0,0,0
1671,10/20/2017 13:02,10/20/2017,-1.205178,36.915715,1,0,0,0,0
1672,10/21/2017 5:57,10/21/2017,-1.325703,36.848667,1,0,0,0,0
1673,10/21/2017 12:41,10/21/2017,-1.265527,36.8349445,1,0,0,0,0
1674,10/21/2017 15:25,10/21/2017,-1.261576,36.8034402,1,0,0,0,0
1675,10/22/2017 0:04,10/22/2017,-1.252933,36.859054,1,0,0,0,0
1676,10/22/2017 9:37,10/22/2017,-1.2692805,36.83224733,1,0,0,0,0
1677,10/22/2017 15:31,10/22/2017,-1.154654,36.63859,1,0,0,0,0
1678,10/23/2017 8:31,10/23/2017,-1.2263652,36.8833454,1,0,0,0,0
1679,10/23/2017 15:38,10/23/2017,-1.238865,36.81166383,1,0,0,0,0
1680,10/23/2017 17:09,10/23/2017,-1.2573245,36.8543025,1,0,0,0,0
1681,10/23/2017 17:17,10/23/2017,-1.248606,36.8634,1,0,0,0,0
1682,10/23/2017 17:28,10/23/2017,-1.252933,36.859054,1,0,0,0,0
1683,10/24/2017 6:33,10/24/2017,-1.220081,36.88988,1,0,0,0,0
1684,10/24/2017 15:47,10/24/2017,-1.150377,36.961892,1,0,0,0,0
1685,10/25/2017 8:25,10/25/2017,-1.258386,36.916556,1,0,0,0,0
1686,10/25/2017 11:22,10/25/2017,-1.22063,36.890373,1,0,0,0,0
1687,10/25/2017 13:14,10/25/2017,-1.28625,36.81734,1,0,0,0,0
1688,10/25/2017 22:05,10/25/2017,-1.32261,36.8018625,1,0,0,0,0
1689,10/27/2017 7:33,10/27/2017,-1.204107,36.916781,1,0,0,0,0
1690,10/29/2017 20:41,10/29/2017,-1.319686,36.83839,1,0,1,0,0
1691,10/29/2017 22:44,10/29/2017,-1.33208,36.88896,1,0,0,0,0
1692,10/30/2017 5:23,10/30/2017,-1.3318625,36.8884285,1,0,0,0,0
1693,10/30/2017 6:42,10/30/2017,-1.3495402,36.9044924,1,0,0,0,0
1694,10/30/2017 6:58,10/30/2017,-1.24922,36.8471,1,0,0,1,0
1695,10/30/2017 7:49,10/30/2017,-1.130395,36.764859,1,0,0,0,0
1696,10/30/2017 7:51,10/30/2017,-1.225099,36.83877,1,0,0,0,0
1697,10/30/2017 7:51,10/30/2017,-1.238064,36.843913,1,0,0,0,0
1698,10/31/2017 8:13,10/31/2017,-1.305319,36.8256,1,0,0,0,0
1699,11/1/2017 6:51,11/1/2017,-1.228365,36.804793,1,0,0,0,0
1700,11/1/2017 13:35,11/1/2017,-1.32961,36.8661855,1,0,0,0,0
1701,11/1/2017 17:06,11/1/2017,-1.29966,36.824051,1,0,0,0,0
1702,11/1/2017 18:38,11/1/2017,-1.434021,36.968663,1,0,0,0,0
1703,11/1/2017 20:45,11/1/2017,-1.2972459,36.87309,1,0,0,0,0
1704,11/2/2017 5:26,11/2/2017,-1.33236,36.888734,1,0,0,0,0
1705,11/2/2017 7:06,11/2/2017,-1.204107,36.916781,1,0,0,0,0
1706,11/2/2017 13:35,11/2/2017,-0.204968,35.8477635,1,0,0,1,0
1707,11/2/2017 17:07,11/2/2017,-2.01839,37.37633,1,0,0,0,1
1708,11/2/2017 19:09,11/2/2017,-1.29229,36.8218095,1,0,0,0,0
1709,11/2/2017 21:28,11/2/2017,-1.29501,36.871743,1,0,0,0,0
1710,11/3/2017 7:35,11/3/2017,-1.3287405,36.8715035,1,0,0,0,0
1711,11/3/2017 16:52,11/3/2017,-1.3362785,36.8933895,1,0,0,0,0
1712,11/3/2017 21:19,11/3/2017,-1.316779,36.834047,1,0,0,0,0
1713,11/3/2017 21:25,11/3/2017,-1.228288,36.805014,1,0,0,0,0
1714,11/3/2017 23:40,11/3/2017,-1.326287,36.8471285,1,0,0,0,0
1715,11/4/2017 6:49,11/4/2017,-1.2600355,36.788351,1,0,0,0,0
1716,11/4/2017 7:46,11/4/2017,-1.285918,36.818708,1,0,0,1,0
1717,11/4/2017 8:23,11/4/2017,-1.263542,36.981763,1,1,0,0,1
1718,11/4/2017 8:35,11/4/2017,-1.313026,36.814511,1,1,1,0,0
1719,11/4/2017 12:21,11/4/2017,-1.35461,36.906281,1,0,0,0,0
1720,11/4/2017 21:07,11/4/2017,-1.767358,37.207769,1,0,0,0,0
1721,11/4/2017 21:43,11/4/2017,-1.150377,36.961892,1,1,0,0,0
1722,11/4/2017 22:08,11/4/2017,-1.343122,36.900834,1,0,0,0,0
1723,11/5/2017 7:21,11/5/2017,-1.31988,36.8371825,1,0,0,0,0
1724,11/6/2017 7:59,11/6/2017,-1.333115,36.88981,1,0,0,0,0
1725,11/6/2017 8:24,11/6/2017,-1.31988,36.8371825,1,0,0,0,0
1726,11/7/2017 6:59,11/7/2017,-1.32834,36.892242,1,0,0,0,0
1727,11/7/2017 7:24,11/7/2017,-1.2168065,36.894635,1,0,0,0,0
1728,11/7/2017 7:25,11/7/2017,-0.937527,37.12936,1,0,0,0,0
1729,11/7/2017 15:57,11/7/2017,-1.337953,36.77334,1,0,0,0,0
1730,11/8/2017 6:02,11/8/2017,-1.292822,36.7893985,1,0,0,1,0
1731,11/8/2017 6:42,11/8/2017,-1.3241865,36.7984475,1,0,0,0,0
1732,11/8/2017 19:36,11/8/2017,-1.328492,36.881012,1,0,0,0,0
1733,11/9/2017 6:30,11/9/2017,-1.364719,36.911405,1,0,0,0,0
1734,11/9/2017 7:17,11/9/2017,-1.259334,36.768715,1,0,0,0,0
1735,11/9/2017 10:18,11/9/2017,-1.323847,36.845086,1,0,0,0,0
1736,11/9/2017 10:47,11/9/2017,-1.212214,36.903169,1,0,0,0,0
1737,11/9/2017 11:08,11/9/2017,-1.218165,36.892943,1,0,0,0,0
1738,11/9/2017 12:11,11/9/2017,-1.301126,36.8249105,1,0,0,0,0
1739,11/9/2017 19:33,11/9/2017,-1.4050515,36.94582,1,0,0,0,0
1740,11/9/2017 20:01,11/9/2017,-1.180847,36.9385375,1,0,0,0,0
1741,11/10/2017 7:43,11/10/2017,-1.272844,36.809703,1,0,0,1,0
1742,11/10/2017 9:42,11/10/2017,-1.2563705,36.8521065,1,0,0,0,0
1743,11/10/2017 17:34,11/10/2017,-1.283364,36.823503,1,0,0,1,0
1744,11/10/2017 19:50,11/10/2017,-1.17649,36.9405545,1,0,0,1,0
1745,11/10/2017 23:34,11/10/2017,-2.86069,40.149325,1,0,0,0,0
1746,11/11/2017 3:59,11/11/2017,-1.851339,37.257668,1,0,0,0,0
1747,11/11/2017 8:29,11/11/2017,-1.396859,36.9423245,1,0,0,0,0
1748,11/11/2017 9:30,11/11/2017,-1.274594,36.824276,1,1,0,0,0
1749,11/11/2017 9:34,11/11/2017,-1.263306,36.7576425,1,0,0,0,0
1750,11/11/2017 10:34,11/11/2017,-1.230411,36.8777295,1,1,0,0,0
1751,11/11/2017 10:50,11/11/2017,-1.226387,36.883872,1,0,0,0,0
1752,11/11/2017 10:53,11/11/2017,-1.315791,36.813751,1,0,0,1,0
1753,11/11/2017 19:52,11/11/2017,-1.48839,37.054444,1,0,0,0,0
1754,11/12/2017 21:02,11/12/2017,-1.3122695,36.8166355,1,0,0,0,0
1755,11/13/2017 10:49,11/13/2017,-1.331035,36.8649665,1,0,0,0,0
1756,11/13/2017 15:06,11/13/2017,-1.330251,36.8657725,1,0,0,0,0
1757,11/13/2017 15:53,11/13/2017,-1.280748,36.816784,1,0,0,0,0
1758,11/13/2017 16:41,11/13/2017,-1.3287965,36.871064,1,0,0,0,0
1759,11/13/2017 18:20,11/13/2017,-1.25891,36.7860285,1,0,0,0,0
1760,11/13/2017 21:32,11/13/2017,-1.155495,36.9597295,1,0,0,0,0
1761,11/13/2017 22:32,11/13/2017,-1.297161,36.802465,1,0,0,0,0
1762,11/14/2017 17:23,11/14/2017,-1.5177795,37.2499305,1,0,0,0,0
1763,11/14/2017 17:23,11/14/2017,-1.170854,36.9488,1,0,0,0,0
1764,11/15/2017 17:56,11/15/2017,-1.349476,36.904482,1,0,0,0,0
1765,11/15/2017 18:19,11/15/2017,-1.327807,36.8519,1,0,0,0,0
1766,11/15/2017 18:36,11/15/2017,-1.332898,36.889253,1,0,0,0,0
1767,11/16/2017 6:43,11/16/2017,-1.4791005,37.0419535,1,0,0,0,0
1768,11/16/2017 7:23,11/16/2017,-4.059868,39.671098,1,0,0,0,0
1769,11/16/2017 7:45,11/16/2017,-1.245126,36.8668165,1,0,0,0,0
1770,11/16/2017 17:42,11/16/2017,-1.288019,36.8186715,1,0,0,0,0
1771,11/16/2017 19:34,11/16/2017,-1.2445355,36.8674125,1,0,0,0,0
1772,11/17/2017 8:27,11/17/2017,-1.33011,36.870825,1,0,0,0,0
1773,11/17/2017 9:14,11/17/2017,-1.286155,36.834185,1,0,0,0,0
1774,11/17/2017 11:04,11/17/2017,-1.26078,36.716661,1,0,0,0,0
1775,11/17/2017 15:24,11/17/2017,-1.265222,36.8026,1,0,0,0,0
1776,11/18/2017 4:19,11/18/2017,-1.3123195,36.8928545,1,0,0,0,1
1777,11/18/2017 7:33,11/18/2017,-1.244672,36.793656,1,0,0,0,0
1778,11/18/2017 9:43,11/18/2017,-1.508226,37.095072,1,0,0,0,0
1779,11/18/2017 11:12,11/18/2017,-1.461896,37.0127285,1,0,0,0,0
1780,11/19/2017 4:35,11/19/2017,-0.2046375,35.8477885,1,0,0,0,0
1781,11/19/2017 9:26,11/19/2017,-0.2046375,35.8477885,1,0,0,0,0
1782,11/20/2017 7:51,11/20/2017,-1.2925405,36.820283,1,0,0,0,0
1783,11/20/2017 13:18,11/20/2017,-1.2327155,36.8738105,1,0,0,0,0
1784,11/21/2017 8:31,11/21/2017,-1.298269,36.797763,1,0,0,0,0
1785,11/21/2017 8:44,11/21/2017,-1.2982275,36.803097,1,0,0,0,0
1786,11/21/2017 8:56,11/21/2017,-1.335767,36.8932625,1,0,0,0,0
1787,11/21/2017 12:36,11/21/2017,-1.3220555,36.7741765,1,0,0,0,0
1788,11/21/2017 14:09,11/21/2017,-1.2955,36.85703,1,0,0,0,0
1789,11/21/2017 16:58,11/21/2017,-1.331472,36.887747,1,0,0,0,0
1790,11/21/2017 22:57,11/21/2017,-1.33117,36.888818,1,0,0,0,0
1791,11/22/2017 6:34,11/22/2017,-1.2628265,36.8031865,1,0,0,0,0
1792,11/22/2017 17:24,11/22/2017,-1.3271525,36.852423,1,0,0,0,0
1793,11/23/2017 7:00,11/23/2017,-2.863738,40.171389,1,0,0,0,0
1794,11/23/2017 7:40,11/23/2017,-1.244849,36.867224,1,0,0,0,0
1795,11/23/2017 7:43,11/23/2017,-1.315701,36.813834,1,0,0,0,0
1796,11/23/2017 8:52,11/23/2017,-1.3228785,36.8991215,1,0,0,0,0
1797,11/23/2017 9:32,11/23/2017,-1.284477,36.821578,1,0,0,0,0
1798,11/23/2017 20:56,11/23/2017,-1.24803,36.863567,1,0,0,0,0
1799,11/23/2017 21:05,11/23/2017,-1.34132,36.666683,1,1,0,0,0
1800,11/24/2017 9:25,11/24/2017,-1.274082,36.811188,1,0,0,0,0
1801,11/24/2017 17:26,11/24/2017,-3.8159305,39.627563,1,0,0,0,0
1802,11/24/2017 19:47,11/24/2017,-1.296291,36.8615,1,0,0,0,0
1803,11/25/2017 7:20,11/25/2017,-1.25557,36.694358,1,0,0,0,0
1804,11/25/2017 8:40,11/25/2017,-1.250696,36.664278,1,0,0,0,0
1805,11/25/2017 8:43,11/25/2017,-1.242395,36.868585,1,0,0,0,0
1806,11/25/2017 9:31,11/25/2017,-1.3720986,36.91968,1,0,0,0,0
1807,11/25/2017 12:49,11/25/2017,-1.3896025,36.9374325,1,1,0,0,0
1808,11/25/2017 15:19,11/25/2017,-1.344414,36.902542,1,0,0,0,0
1809,11/25/2017 15:38,11/25/2017,-1.364719,36.911405,1,0,0,0,0
1810,11/25/2017 16:09,11/25/2017,-1.3291545,36.8559275,1,0,0,0,0
1811,11/25/2017 19:26,11/25/2017,-1.334911,36.892291,1,0,0,0,0
1812,11/25/2017 21:27,11/25/2017,-1.287751,36.891665,1,0,0,0,0
1813,11/26/2017 11:11,11/26/2017,-1.118238,37.0095155,1,0,0,0,0
1814,11/26/2017 11:50,11/26/2017,-1.130143,36.9906355,1,0,0,0,0
1815,11/26/2017 15:12,11/26/2017,-1.264576,36.72047,1,0,0,0,0
1816,11/26/2017 16:55,11/26/2017,-1.299999,36.7869295,1,0,0,0,0
1817,11/27/2017 11:01,11/27/2017,-1.33117,36.888818,1,0,0,0,0
1818,11/27/2017 17:09,11/27/2017,-1.2661995,36.844143,1,0,0,0,0
1819,11/27/2017 18:30,11/27/2017,-1.233985,36.8734125,1,0,0,0,0
1820,11/27/2017 18:30,11/27/2017,-1.222775,36.8374915,1,0,0,0,0
1821,11/27/2017 19:07,11/27/2017,-1.345336,36.901452,1,0,0,0,0
1822,11/28/2017 8:11,11/28/2017,-1.262579,36.879047,1,0,0,0,0
1823,11/28/2017 14:53,11/28/2017,-1.321741,36.80823,1,0,0,0,1
1824,11/29/2017 9:42,11/29/2017,-1.3218,36.707906,1,0,0,0,0
1825,11/29/2017 12:17,11/29/2017,-1.324826,36.847401,1,0,0,0,0
1826,11/29/2017 14:08,11/29/2017,-1.3314295,36.887656,1,0,0,0,0
1827,11/29/2017 17:41,11/29/2017,-1.289462,36.761555,1,0,0,0,0
1828,11/29/2017 18:10,11/29/2017,-1.2190745,36.765658,1,1,0,0,1
1829,11/30/2017 7:11,11/30/2017,-1.2482685,36.7972245,1,0,0,0,0
1830,11/30/2017 8:39,11/30/2017,-1.298173,36.797997,1,0,0,0,0
1831,11/30/2017 12:29,11/30/2017,-1.2475105,36.8726695,1,0,0,0,0
1832,11/30/2017 16:28,11/30/2017,-1.2918685,36.885468,1,0,0,0,0
1833,11/30/2017 17:24,11/30/2017,-1.279233,36.84977,1,0,0,0,1
1834,11/30/2017 19:00,11/30/2017,-1.246393,36.879859,1,0,0,0,0
1835,12/1/2017 6:38,12/1/2017,-1.3821491,36.77053,1,0,0,0,0
1836,12/1/2017 9:02,12/1/2017,-1.252202,36.859396,1,0,0,0,0
1837,12/1/2017 13:11,12/1/2017,-1.262679,36.757618,1,0,0,0,0
1838,12/1/2017 18:46,12/1/2017,-1.300266,36.774317,1,0,0,0,0
1839,12/2/2017 0:06,12/2/2017,-1.212645,36.903327,1,0,0,0,0
1840,12/2/2017 7:47,12/2/2017,-1.159431,36.881798,1,0,0,0,0
1841,12/2/2017 10:49,12/2/2017,-1.260998,36.797304,1,0,0,0,0
1842,12/2/2017 11:18,12/2/2017,-1.322909,36.899182,1,0,0,0,0
1843,12/2/2017 13:48,12/2/2017,-1.074864,37.046338,1,0,0,0,0
1844,12/2/2017 13:56,12/2/2017,-1.259469,36.785572,1,0,0,0,0
1845,12/2/2017 19:55,12/2/2017,-1.234829,36.872948,1,0,0,0,0
1846,12/2/2017 22:48,12/2/2017,-1.262446,36.757452,1,0,0,0,0
1847,12/2/2017 23:25,12/2/2017,-1.259562,36.776188,1,0,0,0,0
1848,12/3/2017 1:13,12/3/2017,-1.329043,36.875004,1,0,0,0,0
1849,12/4/2017 5:52,12/4/2017,-1.215497,36.835163,1,0,0,0,0
1850,12/4/2017 6:22,12/4/2017,-1.256997,36.8547795,1,0,0,0,0
1851,12/4/2017 6:38,12/4/2017,-1.307547,36.889912,1,0,0,0,0
1852,12/4/2017 6:43,12/4/2017,-1.241488,36.813309,1,0,0,0,0
1853,12/4/2017 11:03,12/4/2017,-1.093182,37.032313,1,0,0,0,0
1854,12/4/2017 12:22,12/4/2017,-4.047225,39.695068,1,0,0,0,0
1855,12/4/2017 12:59,12/4/2017,-1.325097,36.79538,1,0,0,1,0
1856,12/4/2017 19:09,12/4/2017,-1.260858,36.713524,1,0,0,0,0
1857,12/4/2017 19:17,12/4/2017,-1.2823945,36.825266,1,0,0,0,0
1858,12/4/2017 20:35,12/4/2017,-1.2834915,37.0885155,1,0,0,0,0
1859,12/4/2017 20:39,12/4/2017,1.218463,36.892471,1,0,0,0,0
1860,12/5/2017 6:44,12/5/2017,-1.3306395,36.8602665,1,0,0,0,0
1861,12/5/2017 7:52,12/5/2017,-1.33142,36.887771,1,0,0,0,0
1862,12/5/2017 8:05,12/5/2017,-1.305665,36.827043,1,0,0,0,0
1863,12/5/2017 8:35,12/5/2017,-1.379012,36.927758,1,0,0,0,0
1864,12/5/2017 17:13,12/5/2017,-1.31948,36.768812,1,0,0,0,0
1865,12/5/2017 18:10,12/5/2017,-1.417392,36.952023,1,0,0,0,0
1866,12/6/2017 4:17,12/6/2017,-1.234307,36.873819,1,0,0,0,0
1867,12/6/2017 7:23,12/6/2017,-1.309226,36.845256,1,0,0,0,0
1868,12/6/2017 13:52,12/6/2017,-1.2499915,36.8212795,1,0,0,0,0
1869,12/6/2017 14:11,12/6/2017,-1.312607,36.819119,1,0,0,0,0
1870,12/6/2017 15:16,12/6/2017,-1.420306,36.953936,1,0,0,0,0
1871,12/6/2017 18:41,12/6/2017,-1.278403,36.8213105,1,0,0,1,0
1872,12/7/2017 11:50,12/7/2017,-1.294853,36.813958,1,0,0,0,0
1873,12/7/2017 12:02,12/7/2017,-1.491511,37.057739,1,0,0,0,0
1874,12/7/2017 16:04,12/7/2017,-1.329589,36.855695,1,0,0,0,0
1875,12/7/2017 19:39,12/7/2017,-1.286579,36.817414,1,0,0,0,0
1876,12/7/2017 19:49,12/7/2017,-1.266714,36.834694,1,0,0,0,0
1877,12/8/2017 1:19,12/8/2017,-1.260297,36.771259,1,0,0,0,0
1878,12/8/2017 7:45,12/8/2017,-1.244839,36.866974,1,0,0,0,0
1879,12/8/2017 7:51,12/8/2017,-1.260275,36.77083,1,0,0,0,0
1880,12/8/2017 20:18,12/8/2017,-1.2592215,36.7767385,1,0,0,0,0
1881,12/9/2017 7:33,12/9/2017,-1.2126375,36.903285,1,0,0,0,0
1882,12/9/2017 7:59,12/9/2017,-1.35951,36.907839,1,0,0,0,0
1883,12/9/2017 13:52,12/9/2017,-1.286472,36.8173765,1,0,0,0,0
1884,12/9/2017 17:05,12/9/2017,-1.2576,36.854319,1,0,0,0,0
1885,12/9/2017 23:21,12/9/2017,-1.024217,37.066723,1,0,0,0,0
1886,12/10/2017 1:10,12/10/2017,-1.323766,36.899965,1,0,0,0,0
1887,12/10/2017 16:37,12/10/2017,-1.291616,36.891681,1,0,0,0,0
1888,12/11/2017 17:44,12/11/2017,-1.129648,36.988736,1,0,0,0,0
1889,12/11/2017 19:09,12/11/2017,-1.2534305,36.857856,1,0,0,0,0
1890,12/11/2017 21:28,12/11/2017,-1.328663,36.882455,1,0,0,1,0
1891,12/12/2017 5:30,12/12/2017,-1.218473,36.89262,1,0,0,0,0
1892,12/12/2017 10:36,12/12/2017,-0.982928,36.5861,1,0,0,1,0
1893,12/12/2017 13:22,12/12/2017,-1.240635,36.844245,1,0,0,0,0
1894,12/13/2017 5:43,12/13/2017,-1.211206,36.906606,1,0,0,0,0
1895,12/13/2017 10:33,12/13/2017,-1.47553,36.958696,1,0,0,0,0
1896,12/13/2017 13:20,12/13/2017,-1.12963,36.987723,1,0,0,0,0
1897,12/13/2017 15:12,12/13/2017,0.827637,35.12181,1,0,0,0,0
1898,12/13/2017 16:57,12/13/2017,-1.299657,36.787209,1,0,0,0,0
1899,12/14/2017 10:24,12/14/2017,-1.260772,36.842033,1,0,0,1,0
1900,12/14/2017 12:08,12/14/2017,-1.469576,36.960561,1,1,0,0,0
1901,12/14/2017 21:23,12/14/2017,-1.2520115,36.859948,1,0,0,0,1
1902,12/15/2017 9:57,12/15/2017,-1.218893,36.892208,1,0,0,0,0
1903,12/15/2017 10:05,12/15/2017,-1.211047,36.907074,1,0,0,0,0
1904,12/15/2017 15:37,12/15/2017,-1.129345,36.99237,1,0,0,0,0
1905,12/15/2017 16:02,12/15/2017,-1.129693,36.987598,1,0,0,0,0
1906,12/15/2017 18:44,12/15/2017,-1.244991,36.86694635,1,0,0,0,0
1907,12/15/2017 19:00,12/15/2017,-1.298226,36.886981,1,0,0,0,0
1908,12/15/2017 19:39,12/15/2017,-1.299952,36.779641,1,0,0,0,0
1909,12/16/2017 5:12,12/16/2017,-1.304699,36.826291,1,0,0,0,0
1910,12/16/2017 10:00,12/16/2017,-1.098771,37.024285,1,0,0,0,0
1911,12/16/2017 10:55,12/16/2017,-1.219471,36.891591,1,0,0,0,0
1912,12/16/2017 13:42,12/16/2017,-1.266713,36.834188,1,0,0,0,0
1913,12/17/2017 5:09,12/17/2017,-1.329926,36.870701,1,0,0,0,0
1914,12/17/2017 8:48,12/17/2017,-1.29222,36.78721,1,0,0,0,0
1915,12/17/2017 13:29,12/17/2017,-1.390191,36.937159,1,0,0,0,0
1916,12/17/2017 16:44,12/17/2017,-1.329589,36.855695,1,0,0,0,0
1917,12/17/2017 20:14,12/17/2017,-1.260772,36.842033,1,0,0,0,0
1918,12/17/2017 21:15,12/17/2017,-1.331264,36.86059,1,0,0,0,0
1919,12/17/2017 22:15,12/17/2017,-1.038446,37.081157,1,0,0,0,0
1920,12/18/2017 13:17,12/18/2017,-1.289545,36.7615555,1,0,0,0,0
1921,12/18/2017 18:18,12/18/2017,-1.153991,36.638782,1,0,0,0,0
1922,12/18/2017 18:42,12/18/2017,-1.3128205,36.830201,1,0,0,0,0
1923,12/18/2017 19:28,12/18/2017,-1.2922815,36.8216995,1,0,0,0,0
1924,12/19/2017 6:58,12/19/2017,-1.3319135,36.888746,1,0,0,1,0
1925,12/19/2017 7:43,12/19/2017,-1.270921,36.807785,1,0,0,0,0
1926,12/20/2017 11:48,12/20/2017,-1.274158,36.8005675,1,0,0,0,0
1927,12/20/2017 14:03,12/20/2017,-1.2588255,36.780138,1,0,0,0,0
1928,12/20/2017 17:19,12/20/2017,-1.2742315,36.800186,1,0,0,0,0
1929,12/20/2017 19:02,12/20/2017,-1.3295475,36.855592,1,0,0,0,0
1930,12/21/2017 5:33,12/21/2017,-1.382017,36.770618,1,0,0,0,0
1931,12/22/2017 7:52,12/22/2017,-1.262079,36.839992,1,0,0,0,0
1932,12/22/2017 12:53,12/22/2017,-1.2918,36.822384,1,0,0,0,0
1933,12/22/2017 18:32,12/22/2017,-1.2579775,36.701298,1,0,0,0,0
1934,12/23/2017 6:09,12/23/2017,-1.220565,36.663215,1,0,0,0,0
1935,12/23/2017 6:48,12/23/2017,-1.073494,37.047653,1,0,0,0,0
1936,12/23/2017 15:59,12/23/2017,-1.334046,36.6734185,1,0,0,1,0
1937,12/23/2017 19:56,12/23/2017,-1.27265,36.731701,1,0,0,0,0
1938,12/24/2017 11:11,12/24/2017,-1.320549,36.809532,1,0,0,0,0
1939,12/26/2017 14:25,12/26/2017,-1.266311,36.8347405,1,0,0,0,0
1940,3/13/2018 7:38,3/13/2018,-1.460337,36.9635545,1,0,0,0,0
1941,3/13/2018 9:20,3/13/2018,-1.0655185,37.053372,1,0,0,0,0
1942,3/13/2018 20:02,3/13/2018,-1.2995415,36.820373,1,0,0,0,0
1943,3/13/2018 21:02,3/13/2018,-1.263655,36.872786,1,0,0,0,1
1944,3/13/2018 22:16,3/13/2018,-1.262671,36.764223,1,0,0,0,0
1945,3/14/2018 7:10,3/14/2018,-1.257314,36.699829,1,0,0,0,0
1946,3/14/2018 7:31,3/14/2018,-1.2097735,36.851203,1,0,0,0,0
1947,3/14/2018 7:38,3/14/2018,-1.215306,36.850626,1,0,0,0,0
1948,3/14/2018 7:53,3/14/2018,-1.312536,36.8159315,1,0,0,0,0
1949,3/14/2018 8:40,3/14/2018,-1.296979,36.838858,1,0,0,0,0
1950,3/14/2018 17:44,3/14/2018,-1.295047,36.821932,1,0,0,0,0
1951,3/14/2018 18:04,3/14/2018,-1.234118,36.8733595,1,0,0,0,0
1952,3/14/2018 18:08,3/14/2018,-1.24489,36.867803,1,0,0,0,0
1953,3/14/2018 19:31,3/14/2018,-1.094889,37.0288045,1,0,0,0,0
1954,3/14/2018 19:51,3/14/2018,-1.174996,36.834315,1,0,0,0,0
1955,3/14/2018 23:05,3/14/2018,-1.266915,36.834424,1,0,0,0,0
1956,3/15/2018 6:27,3/15/2018,-1.259206,36.7770485,1,0,0,0,0
1957,3/15/2018 6:35,3/15/2018,-1.237446,36.844233,1,0,0,0,0
1958,3/15/2018 6:51,3/15/2018,-1.211013,36.794982,1,0,0,0,0
1959,3/15/2018 7:33,3/15/2018,-1.231225,36.878543,1,0,0,0,0
1960,3/15/2018 7:58,3/15/2018,-1.330787,36.864385,1,0,0,0,0
1961,3/15/2018 17:13,3/15/2018,-1.319559,36.838041,1,0,0,0,0
1962,3/15/2018 17:14,3/15/2018,-1.325775,36.848605,1,0,0,0,0
1963,3/15/2018 17:14,3/15/2018,-1.260889,36.842022,1,0,0,0,0
1964,3/15/2018 19:29,3/15/2018,-1.2782075,36.8214985,1,0,0,1,0
1965,3/16/2018 11:28,3/16/2018,-1.317396,36.8965795,1,0,0,0,0
1966,3/16/2018 12:31,3/16/2018,-1.293309,36.817706,1,0,0,0,1
1967,3/16/2018 16:32,3/16/2018,-1.1164465,37.011283,1,0,0,0,0
1968,3/16/2018 18:05,3/16/2018,-1.1707485,36.9721805,1,0,0,0,0
1969,3/16/2018 19:58,3/16/2018,-1.323624,36.844773,1,0,0,0,0
1970,3/16/2018 21:05,3/16/2018,-1.284413,36.833376,1,0,0,1,0
1971,3/16/2018 22:40,3/16/2018,-1.505751,37.096684,1,1,0,0,0
1972,3/16/2018 23:13,3/16/2018,-1.179694,36.939152,1,0,0,0,0
1973,3/18/2018 16:13,3/18/2018,-1.301972,36.887986,1,0,0,0,1
1974,3/18/2018 19:45,3/18/2018,-1.29952,36.790639,1,0,0,0,0
1975,3/18/2018 19:48,3/18/2018,-1.300255,36.7566285,1,0,0,0,0
1976,3/18/2018 20:46,3/18/2018,-1.180514,36.938472,1,0,0,0,0
1977,3/19/2018 15:48,3/19/2018,-1.234131,36.990949,1,0,0,0,0
1978,3/19/2018 18:19,3/19/2018,-1.336986,36.894911,1,0,0,0,0
1979,3/20/2018 6:56,3/20/2018,-1.284577,36.820585,1,0,0,0,0
1980,3/20/2018 9:48,3/20/2018,-1.294134,36.851995,1,0,0,0,0
1981,3/20/2018 10:49,3/20/2018,-1.18282,36.992086,1,0,0,0,0
1982,3/20/2018 14:50,3/20/2018,-1.265247,36.802521,1,0,0,0,0
1983,3/20/2018 16:33,3/20/2018,-1.285319,36.883845,1,0,0,0,0
1984,3/20/2018 16:41,3/20/2018,-1.178768,36.837459,1,0,0,0,0
1985,3/21/2018 6:37,3/21/2018,-1.365051,36.911713,1,0,0,0,0
1986,3/21/2018 7:39,3/21/2018,-1.352009,36.762853,1,0,0,0,0
1987,3/21/2018 17:21,3/21/2018,-1.328158,36.885401,1,0,0,0,0
1988,3/21/2018 21:28,3/21/2018,-1.263386,36.862444,1,0,0,1,0
1989,3/22/2018 7:48,3/22/2018,-1.2985555,36.8114115,1,0,0,0,0
1990,3/22/2018 7:50,3/22/2018,-1.230684,36.8785395,1,0,0,0,0
1991,3/22/2018 16:54,3/22/2018,-1.2950095,36.8219215,1,0,0,0,0
1992,3/23/2018 6:33,3/23/2018,-1.262236,36.879176,1,0,0,0,0
1993,3/23/2018 15:34,3/23/2018,-1.2847685,36.820321,1,0,0,0,0
1994,3/23/2018 16:51,3/23/2018,-1.49297,37.055336,1,0,0,0,0
1995,3/23/2018 17:31,3/23/2018,-1.088132,37.03654,1,0,0,0,0
1996,3/23/2018 17:43,3/23/2018,-1.267237,36.812078,1,0,0,0,0
1997,3/23/2018 17:50,3/23/2018,-1.077846,37.045754,1,0,0,0,0
1998,3/23/2018 18:04,3/23/2018,-1.232749,36.873717,1,0,0,0,0
1999,3/23/2018 18:17,3/23/2018,-1.505751,37.096684,1,0,0,0,0
2000,3/24/2018 6:01,3/24/2018,-1.316221,36.895251,1,0,0,0,0
2001,3/24/2018 8:25,3/24/2018,-1.3042395,36.7461325,1,0,0,0,0
2002,3/24/2018 9:16,3/24/2018,-1.379048,36.927754,1,0,0,0,0
2003,3/24/2018 13:02,3/24/2018,-1.3204505,36.8087515,1,0,0,0,0
2004,3/24/2018 13:03,3/24/2018,-1.365637,36.911578,1,0,0,0,0
2005,3/24/2018 13:50,3/24/2018,-1.2810185,36.8208895,1,0,0,1,0
2006,3/24/2018 18:30,3/24/2018,-1.508318,37.095209,1,0,0,0,0
2007,3/25/2018 5:30,3/25/2018,-1.330541,36.889433,1,0,0,0,0
2008,3/25/2018 18:09,3/25/2018,-1.223701,36.663542,1,0,0,0,0
2009,3/26/2018 6:45,3/26/2018,-1.278065,36.8213225,1,0,0,0,0
2010,3/26/2018 7:09,3/26/2018,-1.267953,36.72423,1,0,0,0,1
2011,3/26/2018 7:58,3/26/2018,-1.287631,36.837438,1,0,0,1,0
2012,3/26/2018 21:32,3/26/2018,-1.307542,36.889997,1,0,0,0,0
2013,3/27/2018 4:49,3/27/2018,-1.325184,36.847343,1,0,0,0,0
2014,3/27/2018 8:03,3/27/2018,-1.264842,36.8025185,1,0,0,0,0
2015,3/27/2018 8:51,3/27/2018,-1.292994,36.845606,1,0,0,0,0
2016,3/27/2018 14:36,3/27/2018,-1.267478,36.831772,1,0,0,0,0
2017,3/27/2018 15:17,3/27/2018,-1.281492,36.817549,1,0,0,0,0
2018,3/27/2018 19:58,3/27/2018,-1.125515,37.002577,1,1,0,0,0
2019,3/27/2018 20:07,3/27/2018,-1.1884305,36.9310955,1,0,1,0,0
2020,3/28/2018 5:28,3/28/2018,-1.160419,36.958629,1,0,0,0,0
2021,3/28/2018 6:33,3/28/2018,-1.212257,36.833821,1,0,0,1,0
2022,3/28/2018 6:53,3/28/2018,-1.364719,36.911405,1,0,0,0,0
2023,3/28/2018 8:50,3/28/2018,-1.211009,36.822759,1,0,0,0,0
2024,3/28/2018 11:50,3/28/2018,-1.266753,36.834427,1,0,0,0,0
2025,3/28/2018 16:47,3/28/2018,-1.431609,36.963136,1,0,0,0,0
2026,3/28/2018 17:21,3/28/2018,-1.323831,36.899864,1,0,0,0,0
2027,3/28/2018 17:48,3/28/2018,-1.263935,36.754211,1,0,0,0,0
2028,3/28/2018 20:25,3/28/2018,-1.381755,36.770635,1,0,0,0,0
2029,3/29/2018 12:32,3/29/2018,-1.299677,36.7873995,1,0,0,0,0
2030,3/29/2018 13:49,3/29/2018,-1.171065,36.972569,1,0,0,0,0
2031,3/29/2018 20:36,3/29/2018,-1.299491,36.824845,1,0,0,0,0
2032,3/29/2018 22:32,3/29/2018,-1.2862645,36.8178255,1,0,0,0,0
2033,3/30/2018 5:24,3/30/2018,-2.499257,38.011129,1,0,0,0,0
2034,3/30/2018 6:42,3/30/2018,-2.482063,37.995276,1,1,0,0,0
2035,3/30/2018 7:40,3/30/2018,-1.3142215,36.894369,1,0,0,0,0
2036,3/30/2018 8:53,3/30/2018,-3.091475,38.492725,1,0,0,0,0
2037,3/30/2018 9:22,3/30/2018,-1.262279,36.7262045,1,0,0,0,0
2038,3/30/2018 9:45,3/30/2018,-3.400588,38.550081,1,0,0,0,0
2039,3/30/2018 20:35,3/30/2018,-1.188456,36.931119,1,0,0,0,0
2040,3/31/2018 8:27,3/31/2018,-1.330467,36.863271,1,0,0,0,0
2041,3/31/2018 17:04,3/31/2018,-1.269986,36.837482,1,0,0,0,0
2042,4/1/2018 18:59,4/1/2018,-1.302702,36.7494215,1,0,0,1,0
2043,4/1/2018 21:37,4/1/2018,-1.308493,36.804687,1,0,0,0,0
2044,4/2/2018 16:18,4/2/2018,-1.207129,36.785784,1,0,0,0,0
2045,4/2/2018 18:02,4/2/2018,-1.4318875,36.9633775,1,0,0,0,0
2046,4/3/2018 6:10,4/3/2018,-1.233941,36.8734135,1,0,0,0,0
2047,4/3/2018 7:11,4/3/2018,-1.2574585,36.8543535,1,0,0,0,0
2048,4/3/2018 8:00,4/3/2018,-1.2069895,36.785956,1,0,0,0,0
2049,4/3/2018 8:19,4/3/2018,-1.284543,36.826125,1,0,0,1,0
2050,4/3/2018 21:07,4/3/2018,-1.2672965,36.843625,1,0,0,0,0
2051,4/4/2018 6:04,4/4/2018,-1.219449,36.891518,1,1,0,0,1
2052,4/4/2018 7:02,4/4/2018,-1.329642,36.871013,1,0,0,0,0
2053,4/4/2018 7:57,4/4/2018,-1.292466,36.805081,1,0,0,0,0
2054,4/4/2018 9:28,4/4/2018,-1.256305,36.85529,1,0,0,0,0
2055,4/4/2018 12:41,4/4/2018,-1.239465,36.869924,1,0,0,0,0
2056,4/4/2018 12:59,4/4/2018,-1.30027055,36.75761485,1,0,0,0,0
2057,4/4/2018 18:20,4/4/2018,-1.274537,36.812092,1,0,0,0,0
2058,4/4/2018 18:31,4/4/2018,-1.285345,36.814062,1,0,0,0,0
2059,4/5/2018 9:16,4/5/2018,-1.257969,36.701381,1,0,0,1,0
2060,4/5/2018 10:28,4/5/2018,-1.2180455,36.9905205,1,0,0,0,0
2061,4/5/2018 16:48,4/5/2018,-1.133148,36.974508,1,0,0,0,0
2062,4/5/2018 16:57,4/5/2018,-1.29434,36.853423,1,0,0,0,0
2063,4/5/2018 19:01,4/5/2018,-1.504949,37.090503,1,0,0,0,0
2064,4/5/2018 22:08,4/5/2018,-1.2975705,36.869744,1,0,0,0,0
2065,4/6/2018 14:35,4/6/2018,-1.129622,36.9887095,1,0,0,0,0
2066,4/6/2018 15:42,4/6/2018,-1.220258,36.891094,1,0,0,0,0
2067,4/6/2018 16:12,4/6/2018,-1.3819635,36.7706135,1,0,0,0,0
2068,4/6/2018 18:29,4/6/2018,-1.329765,36.890921,1,0,0,0,0
2069,4/6/2018 20:05,4/6/2018,-1.228848,36.8805195,1,0,0,0,0
2070,4/7/2018 7:55,4/7/2018,-1.381969,36.770619,1,0,0,0,0
2071,4/7/2018 12:09,4/7/2018,-1.312359,36.815866,1,0,0,0,0
2072,4/7/2018 12:13,4/7/2018,-1.308611,36.804687,1,0,0,0,0
2073,4/7/2018 12:32,4/7/2018,-1.3141665,36.8075905,1,0,0,0,0
2074,4/7/2018 13:58,4/7/2018,-1.2735535,36.813109,1,0,0,1,0
2075,4/7/2018 18:26,4/7/2018,-1.181801,36.936968,1,0,0,0,0
2076,4/7/2018 21:57,4/7/2018,-1.331644,36.888107,1,0,0,0,0
2077,4/7/2018 22:25,4/7/2018,-1.4353885,36.966056,1,0,0,0,1
2078,4/7/2018 22:34,4/7/2018,-1.381969,36.770603,1,0,0,0,0
2079,4/8/2018 13:16,4/8/2018,-1.2606225,36.7168985,1,1,1,0,0
2080,4/8/2018 18:27,4/8/2018,-1.308611,36.804687,1,0,0,0,0
2081,4/8/2018 23:40,4/8/2018,-1.300783,36.7691785,1,1,0,0,0
2082,4/9/2018 15:43,4/9/2018,-1.265459,36.802701,1,0,0,0,0
2083,4/9/2018 18:04,4/9/2018,-1.235357,36.872533,1,0,0,1,0
2084,4/9/2018 20:47,4/9/2018,-1.13118,36.982201,1,0,0,0,0
2085,4/9/2018 20:49,4/9/2018,-1.432016,36.962643,1,0,0,0,0
2086,4/9/2018 21:35,4/9/2018,-1.212495,36.903013,1,0,0,0,0
2087,4/9/2018 21:50,4/9/2018,-1.164116,36.957625,1,0,0,0,0
2088,4/10/2018 6:47,4/10/2018,-1.145417,36.637411,1,0,0,0,0
2089,4/10/2018 6:55,4/10/2018,-1.330991,36.8664425,1,0,0,0,0
2090,4/10/2018 6:58,4/10/2018,-1.343995,36.902578,1,0,1,0,0
2091,4/10/2018 7:44,4/10/2018,-1.310409,36.837332,1,0,0,0,0
2092,4/10/2018 8:09,4/10/2018,-1.2957905,36.886901,1,0,0,0,0
2093,4/10/2018 8:46,4/10/2018,-1.299545,36.824738,1,0,0,0,0
2094,4/10/2018 12:16,4/10/2018,-0.805729,36.532477,1,0,0,0,0
2095,4/10/2018 14:07,4/10/2018,-1.2832545,36.8235505,1,0,0,0,0
2096,4/11/2018 6:49,4/11/2018,-1.254323,36.85761,1,0,0,0,0
2097,4/11/2018 6:51,4/11/2018,-1.232427,36.873744,1,0,0,0,0
2098,4/11/2018 16:21,4/11/2018,-1.313351,36.855159,1,0,0,0,0
2099,4/11/2018 20:48,4/11/2018,-1.3817185,36.7705415,1,0,0,0,0
2100,4/12/2018 15:56,4/12/2018,-1.05181,37.082969,1,0,0,0,0
2101,4/12/2018 17:12,4/12/2018,-0.878152,36.566685,1,0,0,1,0
2102,4/12/2018 18:54,4/12/2018,-1.329798,36.870927,1,0,0,0,0
2103,4/12/2018 20:58,4/12/2018,-1.328878,36.799897,1,0,0,0,0
2104,4/12/2018 21:07,4/12/2018,-1.133084,36.974441,1,0,0,0,0
2105,4/13/2018 6:26,4/13/2018,-1.24534,36.8665035,1,0,0,0,0
2106,4/13/2018 6:39,4/13/2018,-1.238966,36.870452,1,0,0,0,0
2107,4/13/2018 13:33,4/13/2018,-1.201716,36.833582,1,0,0,1,0
2108,4/13/2018 16:10,4/13/2018,-1.349447,36.904522,1,0,0,0,0
2109,4/13/2018 18:02,4/13/2018,-1.386387,36.815172,1,0,0,0,0
2110,4/13/2018 19:37,4/13/2018,-1.269996,36.737964,1,0,0,0,0
2111,4/14/2018 11:45,4/14/2018,-1.234478,36.843502,1,0,0,0,0
2112,4/14/2018 12:28,4/14/2018,-1.015158,37.073014,1,0,0,0,0
2113,4/14/2018 14:35,4/14/2018,-1.326672,36.8456975,1,0,0,0,0
2114,4/14/2018 19:36,4/14/2018,-1.3235415,36.844416,1,0,0,1,0
2115,4/14/2018 22:07,4/14/2018,-1.3000195,36.7817435,1,0,0,0,0
2116,4/15/2018 0:32,4/15/2018,-1.319572,36.8380405,1,0,0,0,0
2117,4/15/2018 23:24,4/15/2018,-1.289995,36.770244,1,0,0,1,0
2118,4/16/2018 7:59,4/16/2018,-1.327398,36.894241,1,0,0,0,0
2119,4/16/2018 16:57,4/16/2018,-1.259615,36.785986,1,0,0,0,0
2120,4/16/2018 17:33,4/16/2018,-1.360396,36.908357,1,0,0,0,0
2121,4/16/2018 17:44,4/16/2018,-1.266315,36.834746,1,0,0,1,0
2122,4/16/2018 17:53,4/16/2018,-1.257225,36.8545795,1,0,0,0,0
2123,4/16/2018 18:18,4/16/2018,-1.364719,36.911405,1,0,1,1,0
2124,4/17/2018 9:03,4/17/2018,-1.273092,36.835772,1,0,0,0,0
2125,4/17/2018 9:18,4/17/2018,-1.294602,36.812197,1,0,0,0,0
2126,4/17/2018 13:54,4/17/2018,-1.265182,36.835912,1,0,0,0,0
2127,4/17/2018 16:45,4/17/2018,-1.365584,36.766425,1,0,0,0,0
2128,4/17/2018 19:05,4/17/2018,-1.2921455,36.8426555,1,0,0,0,0
2129,4/17/2018 19:30,4/17/2018,-1.3118,36.7102425,1,0,0,0,0
2130,4/18/2018 6:20,4/18/2018,-1.273092,36.835772,1,0,0,1,1
2131,4/18/2018 8:02,4/18/2018,-1.2431275,36.792245,1,0,0,0,0
2132,4/18/2018 9:18,4/18/2018,-1.292208,36.8431095,1,0,1,0,0
2133,4/18/2018 12:00,4/18/2018,-1.385438,36.813008,1,0,0,0,1
2134,4/18/2018 15:48,4/18/2018,-1.317788,36.83527,1,0,0,0,0
2135,4/18/2018 16:07,4/18/2018,-1.263112,36.921451,1,0,0,0,0
2136,4/18/2018 17:12,4/18/2018,-1.462464,37.011741,1,0,0,0,0
2137,4/18/2018 20:55,4/18/2018,-1.272598,36.813824,1,0,0,0,0
2138,4/19/2018 7:01,4/19/2018,-1.344451,36.902882,1,1,1,0,0
2139,4/19/2018 11:41,4/19/2018,-1.0994685,37.023199,1,0,0,0,1
2140,4/19/2018 12:23,4/19/2018,-1.180099,36.939007,1,0,1,0,0
2141,4/19/2018 13:24,4/19/2018,-1.461591,36.945913,1,0,0,0,0
2142,4/19/2018 17:57,4/19/2018,-1.2849745,36.81698425,1,0,0,1,0
2143,4/19/2018 18:45,4/19/2018,-1.371196,36.919154,1,0,0,0,0
2144,4/19/2018 20:11,4/19/2018,-1.4211455,36.9551235,1,0,0,0,0
2145,4/20/2018 18:20,4/20/2018,-1.275611,36.822966,1,0,0,0,0
2146,4/20/2018 20:15,4/20/2018,-1.309401,36.727525,1,0,0,0,0
2147,4/20/2018 21:38,4/20/2018,-1.252337,36.860682,1,0,0,0,0
2148,4/20/2018 23:59,4/20/2018,-1.33791,36.7733955,1,0,0,0,0
2149,4/21/2018 2:21,4/21/2018,-1.3229835,36.8991635,1,0,0,0,0
2150,4/21/2018 13:41,4/21/2018,-1.223207,36.663534,1,0,0,0,0
2151,4/21/2018 14:23,4/21/2018,-1.364719,36.911405,1,0,0,0,0
2152,4/21/2018 15:22,4/21/2018,-1.309908,36.891274,1,0,0,0,0
2153,4/21/2018 19:15,4/21/2018,-1.261471,36.803439,1,0,0,0,0
2154,4/21/2018 20:45,4/21/2018,-1.071111,37.047736,1,0,0,0,0
2155,4/21/2018 20:49,4/21/2018,-1.26535,36.7972655,1,0,0,0,0
2156,4/21/2018 21:25,4/21/2018,-1.20742,36.913647,1,0,0,0,0
2157,4/21/2018 21:35,4/21/2018,-1.0562575,37.0563485,1,0,0,0,0
2158,4/21/2018 22:08,4/21/2018,-1.255177,36.856082,1,0,0,0,0
2159,4/22/2018 7:55,4/22/2018,-1.528871,37.127105,1,0,0,1,0
2160,4/22/2018 8:24,4/22/2018,-1.309908,36.891274,1,0,0,0,0
2161,4/22/2018 10:57,4/22/2018,-1.2645525,36.7483925,1,0,0,0,0
2162,4/22/2018 14:33,4/22/2018,-1.326742,36.845503,1,0,0,0,0
2163,4/22/2018 15:12,4/22/2018,-1.248256,36.863703,1,0,0,0,0
2164,4/22/2018 15:27,4/22/2018,-1.2962695,36.863458,1,0,0,0,0
2165,4/23/2018 6:53,4/23/2018,-1.244784,36.8676315,1,0,0,1,0
2166,4/23/2018 7:52,4/23/2018,-1.325609,36.84833,1,0,0,0,0
2167,4/23/2018 12:33,4/23/2018,-1.460696,36.963388,1,0,0,0,0
2168,4/23/2018 15:07,4/23/2018,-1.244826,36.867825,1,0,0,0,0
2169,4/23/2018 15:28,4/23/2018,-1.259469,36.8453475,1,0,0,0,0
2170,4/23/2018 17:46,4/23/2018,-1.300899,36.88814,1,0,0,0,0
2171,4/23/2018 20:49,4/23/2018,-1.252294,36.860699,1,0,0,0,0
2172,4/24/2018 6:36,4/24/2018,-1.323424,36.798903,1,0,0,0,0
2173,4/24/2018 7:03,4/24/2018,-1.354392,36.906625,1,0,0,0,0
2174,4/24/2018 9:25,4/24/2018,-1.261731,36.803244,1,0,0,0,0
2175,4/24/2018 9:30,4/24/2018,-1.1956,36.924899,1,0,0,1,0
2176,4/24/2018 16:46,4/24/2018,-1.269336,36.8322475,1,0,0,0,0
2177,4/24/2018 22:17,4/24/2018,-1.203611,36.916902,1,0,0,0,0
2178,4/25/2018 6:52,4/25/2018,-1.299065,36.826678,1,0,0,0,0
2179,4/25/2018 10:14,4/25/2018,-1.2896455,36.8101945,1,0,0,0,0
2180,4/25/2018 12:06,4/25/2018,-1.2740005,36.812214,1,0,0,0,0
2181,4/25/2018 21:18,4/25/2018,-1.225818,36.884752,1,0,0,0,0
2182,4/26/2018 8:54,4/26/2018,-1.304827,36.826587,1,0,0,0,0
2183,4/26/2018 13:40,4/26/2018,-1.331624,36.783613,1,0,0,0,0
2184,4/26/2018 17:35,4/26/2018,-1.26106,36.768446,1,0,0,0,0
2185,4/26/2018 18:09,4/26/2018,-1.3409175,36.767954,1,0,0,0,0
2186,4/26/2018 21:01,4/26/2018,-1.255586,36.855654,1,0,0,0,0
2187,4/26/2018 21:15,4/26/2018,-1.2521665,36.859396,1,0,0,0,0
2188,4/27/2018 10:05,4/27/2018,-1.2325915,36.8751665,1,0,0,0,0
2189,4/27/2018 10:51,4/27/2018,-1.106895,37.015932,1,0,0,0,0
2190,4/27/2018 16:59,4/27/2018,-1.243782,36.867959,1,0,0,0,0
2191,4/27/2018 18:03,4/27/2018,-1.282288,36.7367825,1,0,1,1,0
2192,4/27/2018 18:22,4/27/2018,-1.3317535,36.8884575,1,0,0,0,0
2193,4/27/2018 18:32,4/27/2018,-1.107634,37.014837,1,0,0,0,0
2194,4/30/2018 6:12,4/30/2018,-1.259462,36.844841,1,0,0,0,0
2195,4/30/2018 15:40,4/30/2018,-1.343127,36.901525,1,0,0,0,0
2196,4/30/2018 15:50,4/30/2018,-1.3495415,36.9044765,1,0,0,0,0
2197,4/30/2018 20:09,4/30/2018,-1.3262295,36.847005,1,0,0,0,0
2198,4/30/2018 21:24,4/30/2018,-1.230559,36.99016,1,0,0,0,0
2199,4/30/2018 22:56,4/30/2018,-1.2579845,36.7015875,1,0,0,0,0
2200,5/1/2018 6:46,5/1/2018,-1.311672,36.925171,1,0,0,0,0
2201,5/1/2018 18:54,5/1/2018,-1.190003,36.83959,1,0,0,0,1
2202,5/1/2018 21:30,5/1/2018,-1.329727,36.855435,1,0,0,0,0
2203,5/1/2018 21:39,5/1/2018,-1.331041,36.862618,1,0,0,0,0
2204,5/2/2018 7:13,5/2/2018,-0.939316,37.125202,1,0,0,0,0
2205,5/2/2018 7:48,5/2/2018,-1.2478825,36.8155065,1,0,0,0,0
2206,5/2/2018 8:49,5/2/2018,-1.301873,36.81666,1,0,0,0,0
2207,5/2/2018 11:21,5/2/2018,-1.3168165,36.834097,1,0,0,0,0
2208,5/2/2018 11:53,5/2/2018,-1.315755,36.813814,1,0,0,0,0
2209,5/2/2018 11:54,5/2/2018,-1.183489,36.838462,1,0,0,0,1
2210,5/2/2018 16:01,5/2/2018,-1.024367,37.06727,1,0,0,0,0
2211,5/2/2018 17:45,5/2/2018,-1.2857255,36.8823335,1,0,0,0,0
2212,5/2/2018 17:46,5/2/2018,-1.298336,36.802103,1,0,0,0,0
2213,5/2/2018 18:33,5/2/2018,-1.2256105,36.8849465,1,0,0,0,0
2214,5/3/2018 8:37,5/3/2018,-1.3818805,36.770601,1,0,0,0,0
2215,5/3/2018 10:57,5/3/2018,-1.331562,36.888179,1,0,0,1,0
2216,5/3/2018 17:42,5/3/2018,-1.2810995,36.8225445,1,0,0,0,0
2217,5/3/2018 18:47,5/3/2018,-1.0242485,37.0670165,1,0,0,0,0
2218,5/3/2018 19:09,5/3/2018,-1.296187,36.861011,1,0,0,0,0
2219,5/3/2018 19:19,5/3/2018,-1.297202,36.8752705,1,0,0,0,0
2220,5/3/2018 19:23,5/3/2018,-1.2446395,36.8671316,1,0,0,0,0
2221,5/3/2018 19:38,5/3/2018,-1.2266657,36.88365505,1,0,0,0,0
2222,5/3/2018 19:46,5/3/2018,-1.221853,36.889219,1,0,0,0,0
2223,5/3/2018 21:17,5/3/2018,-1.286496,36.835055,1,0,0,0,0
2224,5/4/2018 6:15,5/4/2018,-1.244933,36.8675495,1,0,0,0,0
2225,5/4/2018 8:41,5/4/2018,-1.244234,36.768329,1,0,0,0,0
2226,5/4/2018 13:56,5/4/2018,-1.087766,37.036788,1,0,0,0,0
2227,5/4/2018 17:58,5/4/2018,-1.2921995,36.8420185,1,0,0,0,0
2228,5/4/2018 18:33,5/4/2018,-1.087766,37.036788,1,0,0,0,0
2229,5/4/2018 19:42,5/4/2018,-1.259436,36.7766815,1,0,0,0,0
2230,5/4/2018 20:14,5/4/2018,-1.2787545,36.967989,1,0,0,0,0
2231,5/5/2018 0:34,5/5/2018,-1.2340225,36.8724965,1,0,0,0,0
2232,5/5/2018 7:10,5/5/2018,-1.2053893,36.9154736,1,1,0,1,0
2233,5/5/2018 8:52,5/5/2018,-1.2752995,36.823017,1,0,0,0,0
2234,5/5/2018 9:15,5/5/2018,-1.2307315,36.877782,1,0,0,0,0
2235,5/5/2018 14:08,5/5/2018,-1.218345,36.892792,1,0,0,0,0
2236,5/6/2018 19:24,5/6/2018,-1.266845,36.834337,1,0,0,0,0
2237,5/7/2018 6:08,5/7/2018,-1.3194405,36.838222,1,0,0,0,0
2238,5/7/2018 6:33,5/7/2018,-1.2621755,36.87908,1,0,0,0,0
2239,5/7/2018 6:52,5/7/2018,-1.2104946,36.7895,1,0,0,0,0
2240,5/7/2018 7:07,5/7/2018,-1.273969,36.898657,1,0,0,0,0
2241,5/7/2018 7:55,5/7/2018,-1.298977,36.762755,1,0,0,0,0
2242,5/7/2018 9:10,5/7/2018,-1.285154,36.884024,1,0,0,0,0
2243,5/7/2018 9:30,5/7/2018,-1.3643565,36.9117825,1,0,0,0,0
2244,5/7/2018 15:15,5/7/2018,-1.270761,36.807176,1,0,0,0,0
2245,5/7/2018 15:28,5/7/2018,-1.329398,36.8708945,1,0,0,0,0
2246,5/7/2018 15:56,5/7/2018,-1.269274,36.8323415,1,0,0,0,0
2247,5/7/2018 16:17,5/7/2018,-1.264877,36.836224,1,0,0,0,0
2248,5/7/2018 16:51,5/7/2018,-1.112097,37.013013,1,0,0,0,0
2249,5/7/2018 19:50,5/7/2018,-1.25555,36.797538,1,0,0,0,0
2250,5/7/2018 21:24,5/7/2018,-1.31279,36.815837,1,0,0,0,1
2251,5/8/2018 6:58,5/8/2018,-1.3318088,36.78358505,1,0,0,0,0
2252,5/8/2018 9:17,5/8/2018,-1.29885815,36.88711895,1,0,0,0,0
2253,5/8/2018 9:28,5/8/2018,-1.33052,36.866298,1,0,0,0,0
2254,5/8/2018 18:17,5/8/2018,-1.255404,36.855952,1,0,0,0,0
2255,5/9/2018 0:11,5/9/2018,-1.2193635,36.891821,1,0,0,0,0
2256,5/9/2018 5:54,5/9/2018,-1.262347,36.7264045,1,0,0,0,0
2257,5/9/2018 6:29,5/9/2018,-1.329905,36.870669,1,1,0,0,0
2258,5/9/2018 8:14,5/9/2018,-1.2963355,36.761272,1,0,0,0,0
2259,5/9/2018 10:56,5/9/2018,-1.215286,36.85044,1,0,0,0,0
2260,5/9/2018 13:08,5/9/2018,-1.331713,36.888642,1,0,0,0,0
2261,5/9/2018 14:25,5/9/2018,-1.323823,36.799103,1,0,0,1,0
2262,5/9/2018 14:41,5/9/2018,-1.260815,36.71673,1,0,0,0,0
2263,5/10/2018 10:46,5/10/2018,-1.422998,36.955802,1,0,0,0,0
2264,5/10/2018 13:36,5/10/2018,-1.2594625,36.776659,1,0,0,1,0
2265,5/10/2018 15:49,5/10/2018,-1.443317,36.988859,1,0,0,0,0
2266,5/10/2018 16:02,5/10/2018,-1.1294739,36.9890355,1,0,0,0,0
2267,5/10/2018 16:09,5/10/2018,-1.435227,36.966443,1,0,0,0,0
2268,5/10/2018 18:25,5/10/2018,-1.2783295,36.821644,1,0,0,0,0
2269,5/10/2018 21:36,5/10/2018,-1.3018475,36.8879345,1,0,0,0,0
2270,5/10/2018 21:42,5/10/2018,-1.334742,36.7799345,1,0,0,0,0
2271,5/11/2018 6:13,5/11/2018,-1.329272,36.8555745,1,0,0,0,0
2272,5/11/2018 8:10,5/11/2018,-1.313305,36.806939,1,0,0,0,0
2273,5/11/2018 8:48,5/11/2018,-1.2451465,36.8663245,1,0,0,0,0
2274,5/11/2018 17:57,5/11/2018,-1.243128,36.792154,1,0,0,0,0
2275,5/11/2018 21:49,5/11/2018,-1.330175,36.8705935,1,0,0,0,0
2276,5/12/2018 9:47,5/12/2018,-1.1296645,36.988721,1,0,0,0,0
2277,5/12/2018 10:00,5/12/2018,-1.1330575,36.973908,1,0,0,0,0
2278,5/12/2018 19:36,5/12/2018,-1.779366,36.8227385,1,0,0,0,0
2279,5/13/2018 0:43,5/13/2018,-1.317361,36.8349615,1,0,0,0,0
2280,5/13/2018 14:30,5/13/2018,-1.3320595,36.8604535,1,0,0,0,0
2281,5/13/2018 16:01,5/13/2018,-1.2340735,36.8734185,1,0,0,0,0
2282,5/13/2018 21:36,5/13/2018,-1.235349,36.872522,1,0,0,0,0
2283,5/14/2018 7:09,5/14/2018,-1.2174368,36.8552136,1,0,0,0,0
2284,5/14/2018 8:34,5/14/2018,-1.0242565,37.067192,1,0,0,0,0
2285,5/14/2018 8:52,5/14/2018,-1.3157665,36.8138205,1,0,0,0,0
2286,5/14/2018 11:42,5/14/2018,-1.299963,36.781833,1,0,1,0,0
2287,5/14/2018 18:41,5/14/2018,-1.356921,36.761957,1,0,0,1,0
2288,5/15/2018 16:11,5/15/2018,-1.364719,36.911405,1,0,0,0,0
2289,5/15/2018 20:50,5/15/2018,-1.117856,37.008992,1,0,0,0,0
2290,5/16/2018 11:21,5/16/2018,-1.334893,36.7796745,1,0,0,0,0
2291,5/16/2018 12:58,5/16/2018,-1.170503,36.707835,1,0,0,0,0
2292,5/16/2018 13:42,5/16/2018,-1.298538,36.886425,1,0,0,0,0
2293,5/16/2018 15:10,5/16/2018,-1.275658,36.8230065,1,0,0,0,0
2294,5/16/2018 15:11,5/16/2018,-1.3230235,36.8999025,1,0,0,0,0
2295,5/16/2018 18:19,5/16/2018,-1.220197,36.8891455,1,0,0,0,0
2296,5/17/2018 6:47,5/17/2018,-1.298538,36.886425,1,0,0,0,0
2297,5/17/2018 7:04,5/17/2018,-1.393512,36.764927,1,0,0,1,0
2298,5/17/2018 7:28,5/17/2018,-1.258084,36.701765,1,0,0,0,0
2299,5/17/2018 12:04,5/17/2018,-1.2594795,36.7766165,1,0,0,0,0
2300,5/17/2018 21:41,5/17/2018,-1.259688,36.767516,1,0,0,0,0
2301,5/17/2018 21:48,5/17/2018,-1.483805,37.048448,1,0,0,0,0
2302,5/17/2018 23:44,5/17/2018,-1.241273,36.813523,1,0,0,0,0
2303,5/18/2018 6:18,5/18/2018,-0.4330345,35.972662,1,0,0,0,0
2304,5/18/2018 6:28,5/18/2018,-1.26403,36.7542435,1,0,0,0,0
2305,5/18/2018 8:26,5/18/2018,-1.326761,36.8455975,1,0,0,0,0
2306,5/18/2018 17:55,5/18/2018,-1.286123,36.826727,1,0,0,0,0
2307,5/18/2018 19:33,5/18/2018,-1.125042,37.002965,1,0,0,0,0
2308,5/18/2018 20:37,5/18/2018,-1.181747,36.937396,1,0,0,0,0
2309,5/18/2018 20:43,5/18/2018,-1.293221,36.943775,1,1,0,0,1
2310,5/18/2018 22:04,5/18/2018,-1.268505,36.820928,1,0,0,1,0
2311,5/19/2018 1:00,5/19/2018,-1.2592245,36.789415,1,0,0,0,0
2312,5/19/2018 7:33,5/19/2018,-1.266046,36.83483,1,0,0,0,0
2313,5/19/2018 9:00,5/19/2018,-1.317817,36.835042,1,0,0,0,0
2314,5/19/2018 10:54,5/19/2018,-1.304878,36.8263635,1,0,0,0,0
2315,5/19/2018 11:29,5/19/2018,-1.099692,37.023466,1,0,0,0,0
2316,5/19/2018 13:56,5/19/2018,-1.254829,36.6926665,1,0,0,0,0
2317,5/19/2018 17:25,5/19/2018,-1.307425,36.889886,1,0,0,0,0
2318,5/20/2018 0:21,5/20/2018,-1.352301,36.762878,1,0,0,0,0
2319,5/20/2018 0:22,5/20/2018,-1.365748,36.7666595,1,0,0,0,0
2320,5/20/2018 4:58,5/20/2018,-1.299682,36.7872335,1,1,0,0,0
2321,5/20/2018 10:13,5/20/2018,-4.0306665,39.6399445,1,0,0,0,0
2322,5/20/2018 23:41,5/20/2018,-1.282115,36.815266,1,0,0,0,0
2323,5/21/2018 6:36,5/21/2018,-1.298863,36.8927995,1,0,0,0,0
2324,5/21/2018 7:19,5/21/2018,-1.2810975,36.822497,1,0,0,0,0
2325,5/21/2018 7:34,5/21/2018,-1.2696,36.806995,1,0,0,0,0
2326,5/21/2018 12:48,5/21/2018,-1.211085,36.874236,1,0,0,0,0
2327,5/21/2018 19:47,5/21/2018,-1.221144,36.89023,1,0,0,0,0
2328,5/21/2018 21:39,5/21/2018,-1.196024,36.925287,1,0,0,0,0
2329,5/21/2018 21:40,5/21/2018,-1.2040309,36.9168058,1,0,0,0,0
2330,5/22/2018 6:42,5/22/2018,-1.35951,36.907839,1,0,1,0,0
2331,5/22/2018 7:08,5/22/2018,-1.2658575,36.802406,1,0,0,0,0
2332,5/22/2018 7:12,5/22/2018,-1.2106075,36.789571,1,0,0,0,0
2333,5/22/2018 9:52,5/22/2018,-1.2996565,36.787266,1,0,0,0,0
2334,5/22/2018 12:37,5/22/2018,-1.290739,36.947409,1,0,0,0,0
2335,5/22/2018 15:04,5/22/2018,-1.2622625,36.8789525,1,0,0,0,0
2336,5/22/2018 19:04,5/22/2018,-1.309716,36.805007,1,0,0,0,1
2337,5/22/2018 21:27,5/22/2018,-1.316739,36.833961,1,0,0,0,0
2338,5/22/2018 23:20,5/22/2018,-1.2976315,36.8696935,1,0,0,0,0
2339,5/23/2018 6:26,5/23/2018,-1.260647,36.841915,1,0,0,0,0
2340,5/23/2018 7:12,5/23/2018,-1.42741,36.95951,1,0,0,0,0
2341,5/23/2018 7:16,5/23/2018,-1.410445,36.948864,1,0,0,0,0
2342,5/23/2018 7:25,5/23/2018,-1.419949,36.954017,1,0,0,0,0
2343,5/23/2018 14:35,5/23/2018,-1.170503,36.707835,1,0,0,0,0
2344,5/23/2018 15:07,5/23/2018,-1.3003837,36.7690742,1,0,0,0,0
2345,5/23/2018 16:16,5/23/2018,-1.3520385,36.762872,1,0,0,0,0
2346,5/23/2018 17:28,5/23/2018,-1.328492,36.881012,1,0,0,0,0
2347,5/23/2018 18:11,5/23/2018,-1.2807625,36.8219925,1,0,0,0,0
2348,5/23/2018 20:25,5/23/2018,-1.331418,36.88816455,1,0,0,0,0
2349,5/24/2018 6:16,5/24/2018,-1.29748,36.885739,1,0,0,0,0
2350,5/24/2018 12:26,5/24/2018,-1.2654405,36.802761,1,0,1,0,0
2351,5/24/2018 13:38,5/24/2018,-1.284668,36.8250785,1,0,0,0,0
2352,5/24/2018 17:31,5/24/2018,-1.269872,36.836251,1,0,0,0,0
2353,5/24/2018 18:25,5/24/2018,-1.255121,36.856045,1,0,0,0,0
2354,5/24/2018 18:49,5/24/2018,-1.2341045,36.873421,1,0,0,0,0
2355,5/24/2018 19:28,5/24/2018,-1.262843,36.764477,1,0,0,0,0
2356,5/25/2018 6:02,5/25/2018,-1.352205,36.762873,1,0,0,0,0
2357,5/25/2018 6:32,5/25/2018,-1.2918355,36.805642,1,0,0,0,0
2358,5/25/2018 8:33,5/25/2018,-1.260786,36.716693,1,0,0,0,0
2359,5/25/2018 8:41,5/25/2018,-1.0681025,37.050875,1,0,0,0,0
2360,5/25/2018 11:16,5/25/2018,-1.2551185,36.856014,1,0,0,0,0
2361,6/8/2018 5:26,6/8/2018,-1.528807,37.1267235,4,0,0,1,0
2362,6/15/2018 13:30,6/15/2018,-1.29236975,36.84304025,2,0,0,0,0
2363,7/4/2018 7:19,7/4/2018,-2.079735,37.4729565,3,1,0,0,0
2364,5/27/2018 17:48,5/27/2018,-1.264186,36.731611,3,0,0,0,0
2365,5/28/2018 19:35,5/28/2018,-1.2641145,36.811623,2,0,0,0,0
2366,5/31/2018 9:05,5/31/2018,-1.314641,36.8942375,2,0,1,0,0
2367,5/31/2018 20:11,5/31/2018,-1.131297,36.982169,3,0,0,1,0
2368,5/31/2018 21:16,5/31/2018,-1.12957395,36.98866,4,0,0,0,0
2369,6/1/2018 10:45,6/1/2018,-1.2601895,36.770802,2,0,0,0,0
2370,6/2/2018 8:50,6/2/2018,-1.3227795,36.8990905,4,0,0,1,0
2371,6/2/2018 10:47,6/2/2018,-1.296297,36.774477,2,0,0,0,0
2372,6/3/2018 18:07,6/3/2018,-1.26084225,36.79574475,2,0,0,1,0
2373,6/5/2018 11:33,6/5/2018,-1.164525345,36.95722745,3,0,0,0,0
2374,6/6/2018 8:26,6/6/2018,-1.3384985,36.7699315,2,0,0,0,0
2375,6/7/2018 21:49,6/7/2018,-1.316698,36.8339595,2,0,0,0,0
2376,6/10/2018 13:46,6/10/2018,-1.124903,37.003405,2,0,0,0,0
2377,6/10/2018 13:49,6/10/2018,-1.12955795,36.98887425,8,0,0,0,0
2378,6/12/2018 7:15,6/12/2018,-1.298511,36.762132,2,0,0,0,0
2379,6/12/2018 7:20,6/12/2018,-1.26307275,36.80231575,2,0,0,0,0
2380,6/12/2018 8:01,6/12/2018,-1.195495,36.9246875,2,0,0,1,0
2381,6/13/2018 7:27,6/13/2018,-1.2646,36.738673,2,0,0,0,0
2382,6/13/2018 10:31,6/13/2018,-2.014975,37.372785,4,1,0,0,0
2383,6/13/2018 17:50,6/13/2018,-1.129642,36.988713,4,0,0,0,0
2384,6/13/2018 19:41,6/13/2018,-1.266839,36.834049,3,0,0,0,0
2385,6/14/2018 8:05,6/14/2018,-1.291594455,36.8222174,4,0,0,1,0
2386,6/14/2018 21:34,6/14/2018,-1.25692025,36.85478325,2,0,0,0,1
2387,6/16/2018 18:27,6/16/2018,-1.32948575,36.87121875,2,0,0,0,0
2388,6/21/2018 10:00,6/21/2018,-1.3596845,36.907341,2,0,0,0,0
2389,6/22/2018 5:47,6/22/2018,-1.344114,36.902572,3,0,0,0,1
2390,6/25/2018 9:50,6/25/2018,-1.2981625,36.8018855,2,1,0,0,0
2391,6/26/2018 6:15,6/26/2018,-1.204517,36.916251,2,0,0,0,0
2392,6/26/2018 8:04,6/26/2018,-1.3302695,36.889576,2,0,0,0,0
2393,6/27/2018 6:31,6/27/2018,-1.2700295,36.8268965,3,0,0,0,0
2394,6/27/2018 16:38,6/27/2018,-1.284868,36.820474,2,0,0,0,0
2395,6/30/2018 7:20,6/30/2018,-1.20462382,36.91617059,15,0,0,0,0
2396,6/30/2018 7:52,6/30/2018,-1.211147691,36.90657324,4,0,0,0,0
2397,7/1/2018 19:07,7/1/2018,-1.2319215,36.878174,3,0,0,0,0
2398,7/3/2018 6:25,7/3/2018,-1.3432145,36.7666795,2,0,0,1,0
2399,7/4/2018 7:26,7/4/2018,-2.019608,37.377723,2,1,0,0,0
2400,7/5/2018 7:46,7/5/2018,-1.26414054,36.75601916,4,0,0,0,0
2401,7/6/2018 7:32,7/6/2018,-1.325388597,36.84872686,7,1,1,0,0
2402,7/7/2018 15:28,7/7/2018,-1.4089685,36.9476855,3,0,0,1,0
2403,7/7/2018 16:00,7/7/2018,-1.320155,36.8395355,3,0,1,0,0
2404,7/8/2018 9:57,7/8/2018,-1.3208305,36.8084,2,0,0,0,0
2405,7/9/2018 11:23,7/9/2018,-1.143242,36.9664115,2,0,0,0,0
2406,7/10/2018 7:25,7/10/2018,-1.240019903,36.67550564,12,1,0,1,0
2407,7/10/2018 8:16,7/10/2018,-1.227806,36.66455,2,0,0,0,0
2408,7/11/2018 6:07,7/11/2018,-1.346106243,36.90258728,10,0,0,0,0
2409,7/13/2018 17:24,7/13/2018,-1.25628572,36.85527114,2,0,0,0,0
2410,7/14/2018 7:58,7/14/2018,-1.2737405,36.813137,2,0,0,0,0
2411,7/15/2018 11:33,7/15/2018,-1.050403,37.058077,3,0,0,1,0
2412,7/16/2018 8:10,7/16/2018,-1.325446,36.848511,2,0,0,0,0
2413,7/17/2018 6:25,7/17/2018,-1.26051814,36.84258859,2,0,0,0,0
2414,7/17/2018 11:04,7/17/2018,-1.3236809,36.8443572,2,0,0,0,0
2415,7/18/2018 18:09,7/18/2018,-1.182253335,36.93728017,2,0,0,0,1
2416,7/19/2018 9:11,7/19/2018,-1.28089129,36.81678868,3,0,0,0,1
2417,7/19/2018 13:26,7/19/2018,-1.27013784,36.8071035,4,0,0,0,0
2418,7/19/2018 17:44,7/19/2018,-1.273351,36.813615,2,0,0,0,0
2419,7/20/2018 6:15,7/20/2018,-1.2310229,36.8783239,3,0,0,0,0
2420,7/20/2018 12:24,7/20/2018,-1.260259925,36.77113503,3,0,0,0,0
2421,7/21/2018 14:58,7/21/2018,-1.25628572,36.85527114,2,0,0,0,0
2422,7/24/2018 13:05,7/24/2018,-1.330512853,36.86594675,49,1,0,0,0
2423,7/24/2018 13:24,7/24/2018,-1.329132,36.877385,4,0,0,0,0
2424,7/24/2018 15:25,7/24/2018,-1.328961,36.883844,2,0,0,0,0
2425,7/24/2018 19:28,7/24/2018,-1.2563527,36.8552737,2,0,0,0,1
2426,7/25/2018 8:50,7/25/2018,-1.3196244,36.8383712,2,0,0,0,0
2427,7/26/2018 6:48,7/26/2018,-1.418857,36.9533395,3,0,0,0,0
2428,7/26/2018 8:03,7/26/2018,-1.329803,36.8556445,2,0,0,0,0
2429,7/26/2018 21:12,7/26/2018,-1.169529,36.969956,2,0,0,0,0
2430,7/27/2018 10:24,7/27/2018,-1.3648865,36.911607,2,1,0,0,0
2431,7/27/2018 17:12,7/27/2018,-1.203625,36.91691148,3,1,1,0,0
2432,7/27/2018 20:18,7/27/2018,-1.33239295,36.7826791,2,0,0,0,0
2433,7/28/2018 9:19,7/28/2018,-1.259476,36.774409,2,0,0,0,0
2434,12/30/2017 19:16,12/30/2017,-1.2196018,36.891219,2,0,0,0,0
2435,12/29/2017 17:49,12/29/2017,-1.212943,36.659981,2,0,0,0,0
2436,12/27/2017 13:01,12/27/2017,-1.297097,36.875643,2,0,0,0,0
2437,3/8/2018 10:26,3/8/2018,-1.3287405,36.7996985,3,0,0,0,0
2438,3/8/2018 3:12,3/8/2018,-1.329384,36.79988325,4,0,0,0,0
2439,3/6/2018 9:29,3/6/2018,-1.3440685,36.902356,2,1,0,0,0
2440,3/6/2018 4:28,3/6/2018,-1.343441717,36.90155477,3,1,0,0,0
2441,3/5/2018 3:20,3/5/2018,-1.297309272,36.88605308,11,0,0,1,0
2442,3/5/2018 6:09,3/5/2018,-1.25936,36.7691215,3,0,0,0,0
2443,3/5/2018 6:16,3/5/2018,-1.20439575,36.91646725,2,0,0,0,0
2444,3/4/2018 21:25,3/4/2018,-1.234812116,36.87302461,3,1,0,0,0
2445,3/4/2018 21:39,3/4/2018,-1.181749,36.937413,3,0,0,0,0
2446,3/4/2018 20:45,3/4/2018,-0.805787,36.5328905,3,0,0,0,0
2447,3/3/2018 14:55,3/3/2018,-1.244914475,36.86689433,3,0,0,0,0
2448,3/9/2018 20:12,3/9/2018,-1.328073,36.892506,2,0,0,0,0
2449,1/1/2018 0:25,1/1/2018,-1.18872225,36.9314745,2,0,0,0,0
2450,1/1/2018 2:02,1/1/2018,-0.671004,37.2039285,3,0,0,0,0
2451,1/2/2018 7:23,1/2/2018,-1.2641245,36.7459925,5,0,0,1,0
2452,1/2/2018 7:37,1/2/2018,-1.2640605,36.75428025,4,0,0,0,0
2453,1/2/2018 12:54,1/2/2018,-1.328538039,36.880776,8,0,1,0,0
2454,1/2/2018 13:08,1/2/2018,-1.33004845,36.86930725,2,1,1,0,0
2455,1/3/2018 1:05,1/3/2018,-1.284994425,36.82015008,9,0,0,0,0
2456,1/3/2018 3:13,1/3/2018,-1.3167865,36.83380875,2,0,0,0,0
2457,1/3/2018 5:06,1/3/2018,-1.328453083,36.88061276,8,0,0,0,0
2458,1/3/2018 8:24,1/3/2018,-1.2039545,36.916767,2,0,0,0,0
2459,1/5/2018 7:09,1/5/2018,-1.23225175,36.87598,6,0,0,1,0
2460,1/6/2018 17:36,1/6/2018,-1.31678975,36.83380675,2,0,0,0,0
2461,1/7/2018 2:25,1/7/2018,-1.32347355,36.84469453,3,1,0,0,0
2462,1/7/2018 9:38,1/7/2018,-1.262866544,36.76474102,14,0,0,0,0
2463,1/8/2018 2:49,1/8/2018,-1.260268541,36.84336081,6,1,1,0,0
2464,1/8/2018 5:10,1/8/2018,-1.289635178,36.76159164,5,0,0,1,0
2465,1/8/2018 10:11,1/8/2018,-1.233480252,36.87477535,7,0,0,0,0
2466,1/8/2018 10:26,1/8/2018,-1.2448625,36.86691,3,0,0,0,0
2467,1/9/2018 3:41,1/9/2018,-3.09128004,38.49272812,5,1,0,0,0
2468,1/10/2018 0:42,1/10/2018,-1.264316,36.740057,2,0,0,1,0
2469,1/11/2018 14:29,1/11/2018,-1.2568653,36.85500857,2,0,0,1,0
2470,1/11/2018 14:53,1/11/2018,-1.260772,36.842033,2,0,0,0,0
2471,1/12/2018 1:14,1/12/2018,-1.256693,36.854704,2,0,0,0,0
2472,1/12/2018 1:38,1/12/2018,-1.260772,36.842033,2,0,0,0,0
2473,1/12/2018 7:08,1/12/2018,-1.289615106,36.76104187,5,0,0,0,0
2474,1/13/2018 5:56,1/13/2018,-1.259966,36.843747,2,1,0,1,0
2475,1/13/2018 11:32,1/13/2018,-2.07953172,37.47247616,5,1,0,0,0
2476,1/14/2018 6:50,1/14/2018,-1.2050055,36.9158445,4,0,0,0,0
2477,1/14/2018 15:42,1/14/2018,-1.218893,36.892208,2,0,0,0,0
2478,1/14/2018 15:45,1/14/2018,-1.260286,36.77105,6,0,0,0,0
2479,1/15/2018 12:05,1/15/2018,-1.331725,36.888135,2,0,0,0,0
2480,1/16/2018 1:38,1/16/2018,-1.366112,36.91328,2,0,0,0,0
2481,1/17/2018 7:03,1/17/2018,-1.317658,36.776336,3,0,0,0,0
2482,1/20/2018 2:55,1/20/2018,-1.285867,36.818659,2,0,0,0,0
2483,1/20/2018 4:52,1/20/2018,-0.063141,34.647299,2,0,0,0,0
2484,1/22/2018 2:48,1/22/2018,-1.2399125,36.8120525,6,0,0,0,0
2485,1/22/2018 9:07,1/22/2018,-1.1194915,37.0091085,2,1,0,0,0
2486,1/23/2018 1:01,1/23/2018,-1.379238,36.927857,2,0,0,0,0
2487,1/23/2018 1:13,1/23/2018,-1.142708289,36.96683521,5,1,0,1,0
2488,1/23/2018 15:40,1/23/2018,-0.108522252,34.77005937,3,1,0,0,0
2489,1/24/2018 2:15,1/24/2018,-1.182002,36.937491,3,0,0,1,0
2490,1/24/2018 3:29,1/24/2018,-1.2674389,36.84364343,2,0,0,0,0
2491,1/24/2018 11:41,1/24/2018,-1.278539,36.88257,3,0,0,0,0
2492,1/25/2018 1:10,1/25/2018,-1.182002,36.937491,20,0,0,1,0
2493,1/25/2018 9:43,1/25/2018,-1.236614201,36.87178343,3,0,0,0,0
2495,1/25/2018 12:13,1/25/2018,-1.364631264,36.91132973,4,1,0,0,1
2496,1/25/2018 12:38,1/25/2018,-1.35951,36.907839,3,1,0,0,1
2497,1/25/2018 16:08,1/25/2018,-1.263867,36.758596,2,0,0,1,0
2498,1/26/2018 1:48,1/26/2018,-1.23867,36.81054,2,0,0,0,0
2504,1/27/2018 9:07,1/27/2018,-1.205178,36.915715,2,0,0,0,0
2505,1/28/2018 7:22,1/28/2018,-1.149233,36.962258,4,1,0,0,0
2506,1/28/2018 7:24,1/28/2018,-1.162393759,36.95802319,3,0,0,0,0
2509,1/29/2018 0:22,1/29/2018,-1.323109725,36.8022356,14,0,0,0,0
2510,1/29/2018 1:03,1/29/2018,-1.329883,36.870701,2,0,0,0,0
2512,1/30/2018 1:35,1/30/2018,-1.264153,36.748832,2,0,0,0,0
2514,1/30/2018 3:05,1/30/2018,-0.413843,36.955327,2,0,0,1,0
2519,1/31/2018 8:18,1/31/2018,-1.2218574,36.8360209,2,0,0,0,0
2520,1/31/2018 13:24,1/31/2018,-0.7764085,34.9456325,2,0,0,0,0
2523,2/1/2018 1:55,2/1/2018,-1.263383,36.862411,4,0,0,0,0
2524,2/1/2018 12:01,2/1/2018,-1.3650765,36.9114945,2,0,0,0,0
2526,2/3/2018 2:28,2/3/2018,-1.372432258,36.92027613,8,1,0,0,0
2528,2/3/2018 4:45,2/3/2018,-1.248073983,36.86358152,4,0,0,0,0
2529,2/4/2018 15:45,2/4/2018,-1.329622,36.87286,2,0,0,0,0
2530,2/5/2018 1:23,2/5/2018,-1.216706,36.89436,2,0,0,0,0
2534,2/6/2018 3:02,2/6/2018,-1.3307655,36.858272,2,0,0,0,0
2535,2/7/2018 1:41,2/7/2018,-1.278182,36.8213395,2,0,0,0,0
2539,2/8/2018 2:09,2/8/2018,-1.2331115,36.875108,2,0,0,0,0
2543,2/12/2018 1:37,2/12/2018,-1.2037545,36.7725965,2,0,0,0,0
2546,2/12/2018 15:05,2/12/2018,-1.36515025,36.911473,4,0,1,1,1
2547,2/13/2018 2:52,2/13/2018,-0.1084685,34.77008725,3,1,0,0,1
2548,2/13/2018 7:09,2/13/2018,-1.328045,36.7886185,2,0,0,0,0
2554,2/16/2018 0:05,2/16/2018,-1.3258105,36.793914,2,0,0,0,0
2557,2/17/2018 3:35,2/17/2018,-1.255763,36.695119,2,0,0,0,0
2561,2/19/2018 17:48,2/19/2018,-0.474461,36.29151,5,1,0,1,0
2562,2/20/2018 0:55,2/20/2018,-1.250117,36.8210865,2,0,0,0,0
2563,2/20/2018 1:01,2/20/2018,-1.205178,36.915715,9,0,0,0,0
2564,2/20/2018 9:21,2/20/2018,-1.271568141,36.80796545,7,0,0,0,0
2565,2/21/2018 1:29,2/21/2018,-1.3299315,36.87061,2,0,0,0,0
2567,2/21/2018 7:34,2/21/2018,-1.381678,36.770532,2,0,0,0,1
2568,2/21/2018 10:44,2/21/2018,-1.259588,36.785738,2,0,0,0,0
2569,2/21/2018 11:29,2/21/2018,-1.260297,36.77127,2,0,0,0,0
2570,2/22/2018 3:34,2/22/2018,-1.269197935,36.83241608,2,1,0,0,0
2572,2/23/2018 1:54,2/23/2018,-1.3251675,36.847711,2,0,1,0,1
2573,2/24/2018 11:56,2/24/2018,-1.297821,36.869973,2,0,0,0,0
2575,2/24/2018 14:52,2/24/2018,-1.067908,37.050887,2,0,0,0,0
2577,2/26/2018 10:41,2/26/2018,-1.333656727,36.89035581,3,0,0,1,1
2579,2/27/2018 5:18,2/27/2018,-1.343753,36.902161,2,1,0,1,0
2582,2/28/2018 12:47,2/28/2018,-1.2923355,36.805283,5,0,0,0,0
2583,3/1/2018 1:14,3/1/2018,-1.3314475,36.8884765,5,0,0,0,0
2584,3/1/2018 2:37,3/1/2018,-1.263897,36.759321,2,0,0,0,0
2585,3/1/2018 4:33,3/1/2018,-1.1889446,36.9311382,2,0,0,0,1
2586,3/1/2018 7:28,3/1/2018,-1.31928505,36.8381258,2,0,0,0,0
2587,3/1/2018 10:40,3/1/2018,-1.2975883,36.8726707,2,0,0,1,0
2588,3/1/2018 13:29,3/1/2018,-1.024056,37.0668035,2,0,0,0,0
2589,3/2/2018 2:28,3/2/2018,-1.313517,36.813062,2,0,0,0,0
2590,3/2/2018 8:04,3/2/2018,-0.74211,35.1868285,2,1,0,1,0
2597,3/3/2018 9:55,3/3/2018,-1.2449585,36.86688518,2,0,0,0,0
2602,3/4/2018 6:01,3/4/2018,-0.712994,36.4409465,2,1,0,0,0
2604,3/4/2018 11:25,3/4/2018,-1.489688,37.055915,2,0,0,0,0
2605,3/4/2018 12:36,3/4/2018,-0.804893,36.532016,6,0,0,0,0
2607,3/4/2018 16:25,3/4/2018,-1.23329535,36.8745434,3,1,0,0,0
2608,3/4/2018 16:39,3/4/2018,-1.182002,36.937491,3,0,0,0,0
2609,3/5/2018 1:08,3/5/2018,-1.260295036,36.77081021,4,0,0,0,0
2610,3/5/2018 1:15,3/5/2018,-1.204611,36.91626,2,0,0,0,0
2611,3/5/2018 1:18,3/5/2018,-1.218893,36.892208,2,0,0,0,0
2612,3/5/2018 2:06,3/5/2018,-1.2450735,36.866734,2,0,0,0,0
2613,3/5/2018 2:52,3/5/2018,-1.2564765,36.854973,2,1,0,0,1
2629,3/8/2018 4:05,3/8/2018,-1.133141,36.974054,2,0,0,0,0
2633,3/9/2018 15:11,3/9/2018,-1.325497,36.897189,2,0,0,0,0
2640,3/12/2018 19:33,3/12/2018,-2.690902,38.16362,2,1,0,0,0
2641,3/13/2018 2:14,3/13/2018,-2.4110595,37.9500385,5,0,0,0,0
2734,7/1/2017 5:41,7/1/2017,-1.328812858,36.88256955,4,0,0,0,0
2735,7/2/2017 14:23,7/2/2017,-1.259876,36.844007,2,0,0,0,0
2736,7/3/2017 19:31,7/3/2017,-1.252287,36.859729,3,0,0,0,0
2737,7/3/2017 22:45,7/3/2017,-1.231734942,36.87707697,6,0,0,0,0
2738,7/4/2017 20:32,7/4/2017,-1.203387,36.91736,3,1,0,0,0
2739,7/5/2017 6:31,7/5/2017,-1.264350983,36.74345142,6,0,0,0,0
2740,7/6/2017 21:04,7/6/2017,-1.26026,36.771135,2,0,0,1,0
2741,7/7/2017 7:21,7/7/2017,-1.267198,36.804368,2,0,0,0,0
2742,7/8/2017 7:15,7/8/2017,-1.32347878,36.80038537,5,0,0,1,0
2743,7/8/2017 18:45,7/8/2017,-1.266482,36.8347195,3,0,0,0,0
2744,7/11/2017 5:52,7/11/2017,-1.292483915,36.80499497,4,1,1,0,0
2745,7/11/2017 6:46,7/11/2017,-1.2520115,36.859948,2,0,0,0,0
2746,7/11/2017 7:06,7/11/2017,-1.297266,36.8865975,2,0,0,1,0
2747,7/11/2017 7:54,7/11/2017,-1.364719,36.911405,2,0,0,1,0
2748,7/12/2017 7:56,7/12/2017,-1.3176435,36.91867,2,0,0,1,0
2749,7/12/2017 18:10,7/12/2017,-1.226239,36.884136,2,0,0,0,0
2750,7/12/2017 18:12,7/12/2017,-1.219860411,36.89125887,10,0,0,0,0
2751,7/12/2017 18:34,7/12/2017,-1.211019,36.9070975,4,0,0,0,0
2752,7/13/2017 6:17,7/13/2017,-1.228668925,36.80435533,3,0,0,0,0
2753,7/13/2017 7:17,7/13/2017,-1.319344,36.8380535,2,0,0,0,0
2754,7/14/2017 6:01,7/14/2017,-1.364800646,36.91148242,3,0,0,0,0
2755,7/15/2017 5:21,7/15/2017,-1.3712205,36.9188695,2,0,0,0,0
2756,7/17/2017 7:09,7/17/2017,-1.244991,36.86694635,3,1,0,0,0
2757,7/17/2017 19:42,7/17/2017,-1.244706003,36.86709733,7,0,0,0,0
2758,7/17/2017 19:52,7/17/2017,-1.23117101,36.87752817,5,0,0,0,0
2759,7/17/2017 19:57,7/17/2017,-1.211499,36.905582,2,0,0,0,0
2760,7/18/2017 5:58,7/18/2017,-1.204583964,36.91630021,3,0,0,0,0
2761,7/19/2017 14:28,7/19/2017,-1.462818,37.012267,3,0,0,0,0
2762,7/19/2017 16:51,7/19/2017,-1.182002,36.937491,6,0,0,0,0
2763,7/19/2017 17:05,7/19/2017,-1.260327,36.718453,2,0,0,0,0
2764,7/21/2017 6:06,7/21/2017,-1.2045975,36.9161875,3,0,0,0,0
2765,7/21/2017 6:32,7/21/2017,-1.2858205,36.8187885,8,0,0,0,0
2766,7/21/2017 20:52,7/21/2017,-1.218893,36.892208,2,0,0,0,0
2767,7/23/2017 14:14,7/23/2017,-1.2628965,36.764919,2,0,0,0,0
2768,7/24/2017 7:01,7/24/2017,-1.260286,36.77105,3,0,0,0,0
2769,7/24/2017 17:56,7/24/2017,-1.29769,36.871121,2,0,0,0,0
2770,7/25/2017 5:14,7/25/2017,-1.285867,36.818659,2,0,0,0,0
2771,7/25/2017 19:27,7/25/2017,-1.379238,36.927857,2,0,0,0,0
2772,7/26/2017 13:12,7/26/2017,-1.331105864,36.86148413,5,0,1,1,0
2773,7/27/2017 6:24,7/27/2017,-1.267997,36.833427,2,0,0,1,0
2774,7/27/2017 7:23,7/27/2017,-1.322163,36.707041,2,0,0,0,0
2775,7/27/2017 7:57,7/27/2017,-1.325571,36.794551,3,0,0,0,0
2776,7/27/2017 17:07,7/27/2017,-1.274509,36.81225,2,1,0,0,1
2777,7/27/2017 17:24,7/27/2017,-1.130569,36.98228,2,0,0,0,0
2778,7/28/2017 7:36,7/28/2017,-1.205178,36.915715,2,0,0,0,0
2779,7/28/2017 7:40,7/28/2017,-1.508392,37.095374,2,0,0,0,0
2780,7/28/2017 15:22,7/28/2017,-1.330284497,36.86754699,7,0,0,0,0
2781,7/28/2017 20:28,7/28/2017,-1.260175413,36.8428305,3,0,0,0,0
2782,8/1/2017 7:03,8/1/2017,-1.379238,36.927857,4,0,0,0,0
2783,8/1/2017 10:10,8/1/2017,-1.2341507,36.8729868,4,0,0,1,0
2784,8/1/2017 10:20,8/1/2017,-1.244900558,36.86692878,7,0,0,0,0
2785,8/1/2017 11:44,8/1/2017,-1.261394,36.798591,2,0,0,0,0
2786,8/1/2017 18:07,8/1/2017,-1.2415755,36.6762995,2,0,0,0,0
2787,8/2/2017 0:14,8/2/2017,-1.301653329,36.80266678,4,1,0,0,0
2788,8/2/2017 19:11,8/2/2017,-1.2471454,36.81572135,3,0,0,0,0
2789,8/3/2017 7:38,8/3/2017,-1.3299045,36.870701,2,0,0,0,0
2790,8/4/2017 7:30,8/4/2017,-1.26306225,36.7649247,3,0,0,0,0
2791,8/4/2017 16:18,8/4/2017,-1.182002,36.937491,3,0,0,1,0
2792,8/4/2017 20:25,8/4/2017,-1.32856015,36.880783,2,0,0,0,0
2793,8/4/2017 20:33,8/4/2017,-1.233390594,36.87481354,5,0,0,0,0
2794,8/4/2017 21:57,8/4/2017,-1.3296185,36.872863,2,0,0,0,0
2795,8/7/2017 5:57,8/7/2017,-1.323364529,36.84436569,8,0,1,0,0
2796,8/7/2017 9:51,8/7/2017,-1.319292,36.837924,5,0,0,0,0
2797,8/8/2017 16:33,8/8/2017,-1.329731,36.871967,5,1,0,0,0
2798,8/8/2017 17:22,8/8/2017,-1.302099812,36.82528428,6,0,0,1,0
2799,8/9/2017 10:38,8/9/2017,-1.2154835,36.835102,2,1,0,0,0
2800,8/10/2017 9:00,8/10/2017,-1.532603,37.132015,2,0,0,0,0
2801,8/13/2017 10:51,8/13/2017,-1.3242185,36.797472,2,1,1,0,0
2802,8/13/2017 12:41,8/13/2017,-1.2045935,36.9162725,2,0,0,0,0
2803,8/14/2017 17:46,8/14/2017,-1.3312035,36.8601515,2,0,0,0,0
2804,8/15/2017 6:35,8/15/2017,-1.260067,36.843404,2,0,0,0,0
2805,8/16/2017 18:30,8/16/2017,-1.2118245,36.904905,3,0,0,0,0
2806,8/17/2017 6:44,8/17/2017,-1.271046852,36.80739582,4,0,0,0,0
2807,8/18/2017 7:28,8/18/2017,-1.310192125,36.89143125,3,0,0,0,0
2808,8/18/2017 7:35,8/18/2017,-1.258971,36.7792135,3,0,0,0,0
2809,8/19/2017 19:19,8/19/2017,-1.267944158,36.83539978,4,1,0,1,0
2810,5/9/2018 6:50,5/9/2018,-1.3314415,36.88873,4,1,0,0,0
2811,8/22/2017 19:30,8/22/2017,-1.345364525,36.90260361,6,1,0,0,0
2812,8/23/2017 5:25,8/23/2017,-1.259055477,36.7785192,12,0,0,0,0
2813,8/24/2017 7:30,8/24/2017,-1.25247225,36.859501,2,0,0,0,0
2814,8/25/2017 6:57,8/25/2017,-1.263905207,36.75798493,9,1,0,0,1
2815,8/25/2017 7:15,8/25/2017,-1.260275,36.77083,2,1,0,0,0
2816,8/25/2017 7:33,8/25/2017,-1.25946,36.77551,2,1,0,0,0
2817,8/26/2017 19:49,8/26/2017,-1.255945265,36.69554907,10,0,0,0,0
2818,8/27/2017 15:18,8/27/2017,-1.211206,36.906606,2,0,0,0,0
2819,8/27/2017 20:04,8/27/2017,-1.2713755,36.997015,2,0,0,0,0
2820,8/28/2017 16:49,8/28/2017,-1.266038797,36.83512877,4,0,0,1,1
2821,8/28/2017 17:29,8/28/2017,-1.260772,36.842033,2,0,0,1,1
2822,8/29/2017 6:12,8/29/2017,-1.3792635,36.9278805,2,1,0,0,0
2823,8/29/2017 6:19,8/29/2017,-1.2627803,36.76434337,2,0,0,0,0
2824,8/29/2017 6:26,8/29/2017,-1.2601155,36.843431,11,0,0,0,0
2825,8/29/2017 6:31,8/29/2017,-1.256751977,36.85479708,10,0,0,0,0
2826,8/29/2017 13:36,8/29/2017,-1.323534,36.7995,7,0,0,1,0
2827,8/29/2017 20:49,8/29/2017,-1.260772,36.842033,3,0,0,1,0
2828,8/31/2017 17:39,8/31/2017,-1.324376161,36.89874925,5,0,0,0,0
2829,9/1/2017 10:53,9/1/2017,-1.2047445,36.916139,2,0,0,0,0
2830,9/1/2017 18:00,9/1/2017,-1.233559483,36.87298564,3,0,0,0,0
2831,9/3/2017 9:20,9/3/2017,-1.258697108,36.84263438,3,0,0,0,0
2832,9/3/2017 15:31,9/3/2017,-1.3293285,36.855178,2,0,0,0,0
2833,9/4/2017 6:08,9/4/2017,-1.260772,36.842033,3,0,0,0,0
2834,9/4/2017 6:38,9/4/2017,-1.299233,36.763282,2,0,0,0,0
2835,9/5/2017 18:35,9/5/2017,-1.443407,36.989655,2,0,0,0,0
2836,9/6/2017 15:16,9/6/2017,-1.234605842,36.87393577,67,1,0,1,0
2837,9/6/2017 15:29,9/6/2017,-1.244803384,36.86700141,14,1,0,0,0
2838,9/6/2017 15:35,9/6/2017,-1.2491535,36.862716,3,1,0,0,0
2839,9/6/2017 15:45,9/6/2017,-1.2045935,36.9162725,5,1,0,0,0
2840,9/6/2017 20:03,9/6/2017,-1.274886,36.818007,6,0,0,1,0
2841,9/7/2017 6:03,9/7/2017,-1.2131508,36.9015692,2,0,0,0,0
2842,9/8/2017 6:20,9/8/2017,-1.149233,36.962258,3,0,0,0,0
2843,9/8/2017 6:42,9/8/2017,-1.229704,36.804086,2,0,0,0,0
2844,9/8/2017 22:34,9/8/2017,-1.328526075,36.8808975,4,1,1,0,0
2845,9/9/2017 5:44,9/9/2017,-1.273748899,36.82533053,5,1,1,0,0
2846,9/11/2017 17:07,9/11/2017,-1.364553,36.911256,2,0,0,0,0
2847,9/12/2017 7:20,9/12/2017,-1.274509,36.81225,2,0,0,1,0
2848,9/12/2017 19:13,9/12/2017,-1.44941,36.968283,2,0,0,0,0
2849,9/12/2017 20:01,9/12/2017,-1.35951,36.907839,2,0,0,0,0
2850,9/13/2017 7:51,9/13/2017,-1.255880265,36.69553807,2,0,0,0,0
2851,9/14/2017 13:35,9/14/2017,-0.982614,36.585946,2,0,0,0,0
2852,9/15/2017 6:48,9/15/2017,-1.244895,36.86697118,3,0,0,1,0
2853,9/16/2017 8:01,9/16/2017,-1.42008,36.953915,4,1,0,0,0
2854,9/18/2017 7:18,9/18/2017,-1.304150401,36.85599762,3,0,0,0,0
2855,9/18/2017 11:18,9/18/2017,-1.226156,36.884367,2,0,0,0,0
2856,9/18/2017 15:20,9/18/2017,-1.304764,36.856111,2,0,0,0,0
2857,9/18/2017 16:45,9/18/2017,-1.1503885,36.66795,3,0,0,0,0
2858,9/19/2017 10:12,9/19/2017,-1.244961868,36.86690041,3,1,1,0,1
2859,9/19/2017 12:08,9/19/2017,-1.379238,36.927857,3,0,0,0,0
2860,9/21/2017 7:38,9/21/2017,-1.344302,36.90205075,2,0,0,0,0
2861,9/21/2017 7:45,9/21/2017,-1.1657735,36.6406665,2,0,0,0,0
2862,9/21/2017 19:05,9/21/2017,-1.260757281,36.841947,4,0,0,0,1
2863,9/22/2017 6:21,9/22/2017,-1.2608235,36.841961,3,0,0,0,0
2864,9/22/2017 6:48,9/22/2017,-1.304699,36.826291,2,0,0,0,0
2865,9/22/2017 7:56,9/22/2017,-1.256578,36.854809,2,0,0,0,0
2866,9/22/2017 11:17,9/22/2017,-1.260709,36.716662,2,0,0,1,0
2867,9/22/2017 20:04,9/22/2017,-1.317724,36.918491,2,0,0,0,0
2868,9/23/2017 6:41,9/23/2017,-1.44941,36.968283,2,0,0,0,0
2869,9/25/2017 16:44,9/25/2017,-1.227806,36.66455,4,0,0,0,0
2870,9/26/2017 15:35,9/26/2017,-1.205178,36.915715,2,0,0,0,0
2871,9/27/2017 6:19,9/27/2017,-1.27477928,36.82380596,2,0,0,1,0
2872,9/27/2017 7:46,9/27/2017,-1.26979834,36.82041772,2,0,0,1,0
2873,9/30/2017 11:17,9/30/2017,-1.309324,36.856695,2,0,0,0,0
2874,10/1/2017 19:28,10/1/2017,-1.218893,36.892208,2,0,0,0,0
2875,10/1/2017 19:29,10/1/2017,-1.205292,36.915615,3,0,0,0,0
2876,10/2/2017 21:33,10/2/2017,-1.204017,36.916781,2,1,0,0,0
2877,10/3/2017 6:08,10/3/2017,-1.24479,36.866975,2,0,0,0,0
2878,10/3/2017 6:16,10/3/2017,-1.2341507,36.8729868,3,0,0,0,0
2879,10/3/2017 8:08,10/3/2017,-1.256155,36.855219,3,0,0,0,0
2880,10/4/2017 6:20,10/4/2017,-1.205376908,36.78408236,4,0,0,0,0
2881,10/4/2017 15:05,10/4/2017,-1.327561,36.852158,2,0,0,0,0
2882,10/5/2017 6:31,10/5/2017,-1.329867,36.8707925,2,1,0,0,0
2883,10/5/2017 15:02,10/5/2017,-1.204107,36.916781,2,0,0,0,0
2884,10/5/2017 16:03,10/5/2017,-1.263632,36.8013385,2,0,0,0,0
2885,10/5/2017 19:03,10/5/2017,-1.235208185,36.87338542,15,0,0,0,0
2886,10/5/2017 19:15,10/5/2017,-1.244735,36.866984,2,0,0,0,0
2887,10/5/2017 20:04,10/5/2017,-1.2597595,36.8439435,2,0,0,0,0
2888,10/5/2017 20:41,10/5/2017,-1.325898663,36.84729829,4,0,0,0,0
2889,10/6/2017 16:42,10/6/2017,-1.272106,36.8276655,2,0,0,0,0
2890,10/7/2017 7:36,10/7/2017,-1.4434185,36.9895455,3,0,0,0,0
2891,10/7/2017 10:18,10/7/2017,-1.330879,36.858597,2,0,0,0,0
2892,10/7/2017 10:35,10/7/2017,-1.2370915,36.8714125,3,1,0,0,0
2893,10/7/2017 17:35,10/7/2017,-1.249840685,36.86196296,6,0,0,0,0
2894,10/8/2017 5:56,10/8/2017,-1.304699,36.826291,2,0,0,0,0
2895,10/9/2017 5:52,10/9/2017,-1.3324765,36.7822985,6,0,0,0,0
2896,10/9/2017 11:58,10/9/2017,-1.285867,36.818659,2,0,0,0,0
2897,10/9/2017 17:58,10/9/2017,-1.204461429,36.91637909,9,0,0,0,0
2898,10/9/2017 18:13,10/9/2017,-1.210992,36.9069185,3,0,0,0,0
2899,10/9/2017 21:01,10/9/2017,-1.206530985,36.78315454,2,0,1,0,0
2900,10/10/2017 6:02,10/10/2017,-1.3657209,36.76645335,2,0,0,0,0
2901,10/10/2017 8:15,10/10/2017,-1.2285955,36.79852,2,0,0,0,0
2902,10/12/2017 6:10,10/12/2017,-1.280731,36.964065,2,0,0,0,0
2903,10/12/2017 10:24,10/12/2017,-1.365051,36.911713,2,0,0,1,0
2904,10/12/2017 17:14,10/12/2017,-1.256693,36.854704,2,0,0,0,0
2905,10/13/2017 6:59,10/13/2017,-1.274990821,36.82374002,9,0,1,0,0
2906,10/14/2017 12:27,10/14/2017,-1.266714,36.834694,4,0,0,0,0
2907,10/14/2017 20:42,10/14/2017,-1.149805,36.962075,3,0,0,0,0
2908,10/15/2017 16:23,10/15/2017,-1.093941,37.0303095,2,1,0,0,0
2909,10/17/2017 6:20,10/17/2017,-1.270912,36.80736713,3,0,0,0,0
2910,10/18/2017 17:57,10/18/2017,-1.262686,36.800498,2,0,0,0,1
2911,10/19/2017 7:37,10/19/2017,-1.462711,37.012074,3,0,0,0,0
2912,10/20/2017 8:00,10/20/2017,-1.26935175,36.806341,2,0,0,0,0
2913,10/21/2017 14:43,10/21/2017,-1.316605375,36.83387525,2,0,0,0,0
2914,10/22/2017 18:50,10/22/2017,-1.204107,36.916781,2,0,0,0,0
2915,10/22/2017 21:43,10/22/2017,-1.36511875,36.91155204,2,1,0,0,0
2916,10/23/2017 4:02,10/23/2017,-1.261688,36.725195,2,0,0,0,0
2917,10/23/2017 17:18,10/23/2017,-1.21675105,36.894364,2,0,0,1,0
2918,10/24/2017 15:27,10/24/2017,-1.024290125,37.06712638,2,0,0,0,0
2919,10/26/2017 20:58,10/26/2017,-1.260385,36.718111,3,0,0,0,0
2920,10/30/2017 6:29,10/30/2017,-1.34474027,36.90224185,4,1,0,0,0
2921,10/30/2017 7:26,10/30/2017,-1.172443,36.850868,2,0,0,1,0
2922,10/30/2017 7:37,10/30/2017,-1.230958276,36.84228654,3,0,0,0,0
2923,10/30/2017 15:46,10/30/2017,-1.329371175,36.8557592,2,0,0,0,0
2924,10/31/2017 7:46,10/31/2017,-1.260283448,36.8429225,3,0,0,0,0
2925,10/31/2017 7:47,10/31/2017,-1.25638619,36.85500725,4,0,0,0,0
2926,11/2/2017 16:50,11/2/2017,-1.2971575,36.802535,2,0,0,0,0
2927,11/2/2017 20:35,11/2/2017,-1.277201,36.7722265,3,1,0,0,0
2928,11/3/2017 20:17,11/3/2017,-1.188671,36.931044,2,0,0,0,0
2929,11/4/2017 5:28,11/4/2017,-1.30005925,36.7739165,2,0,0,0,0
2930,11/4/2017 7:22,11/4/2017,-1.320762861,36.80874104,3,0,0,0,0
2931,11/6/2017 10:26,11/6/2017,-1.3315585,36.86152975,3,0,0,0,0
2932,11/7/2017 20:27,11/7/2017,-1.32015,36.8373345,2,0,0,0,0
2933,11/9/2017 7:37,11/9/2017,-1.479943,37.043182,2,1,0,0,0
2934,11/10/2017 7:57,11/10/2017,-1.26336,36.838923,2,0,0,0,0
2935,11/10/2017 7:59,11/10/2017,-1.25000275,36.820415,2,0,0,0,0
2936,11/10/2017 20:18,11/10/2017,-1.1808665,36.9385855,2,0,0,0,0
2937,11/11/2017 7:55,11/11/2017,-1.306627976,36.73831029,6,0,0,0,0
2938,11/13/2017 7:52,11/13/2017,-1.259459,36.844829,2,0,0,0,0
2939,11/13/2017 15:53,11/13/2017,-1.274114176,36.81262292,4,0,0,0,0
2940,11/14/2017 7:09,11/14/2017,-1.1815315,36.9378855,7,0,0,0,0
2941,11/15/2017 16:40,11/15/2017,-1.0244045,37.0671155,2,0,0,0,0
2942,11/16/2017 6:21,11/16/2017,-1.461848,37.0126695,2,0,0,0,0
2943,11/16/2017 6:35,11/16/2017,-1.266897875,36.81190563,2,1,0,0,0
2944,11/16/2017 6:59,11/16/2017,-1.292399626,36.78773774,6,0,1,0,0
2945,11/16/2017 19:46,11/16/2017,-1.23112425,36.87774325,2,0,0,0,0
2946,11/16/2017 19:48,11/16/2017,-1.234281754,36.87300667,3,0,0,0,0
2947,11/17/2017 7:50,11/17/2017,-1.328658003,36.87917515,8,0,0,1,0
2948,11/19/2017 14:00,11/19/2017,-1.192766,36.747427,2,0,0,0,0
2949,11/21/2017 16:00,11/21/2017,-1.226137526,36.88410884,9,1,0,0,0
2950,11/23/2017 11:46,11/23/2017,-1.318903,36.913314,2,0,0,0,0
2951,11/24/2017 20:09,11/24/2017,-1.21911,36.801787,3,0,0,0,0
2952,11/24/2017 20:17,11/24/2017,-1.228292,36.8048075,2,0,0,0,0
2953,11/25/2017 6:46,11/25/2017,-1.264142,36.749415,2,0,0,0,0
2954,11/25/2017 14:17,11/25/2017,-1.333396,36.890702,2,0,0,0,0
2955,11/26/2017 7:24,11/26/2017,-1.31471975,36.80722775,2,0,0,0,0
2956,11/26/2017 11:18,11/26/2017,-1.242395,36.868585,2,0,0,0,0
2957,11/29/2017 19:38,11/29/2017,-1.364255,36.76560275,3,0,0,0,0
2958,11/30/2017 6:18,11/30/2017,-1.324464,36.898624,2,0,0,0,0
2959,11/30/2017 12:16,11/30/2017,-1.34322,36.765021,2,0,0,0,0
2960,11/30/2017 12:35,11/30/2017,-1.3378135,36.7733045,2,0,0,0,0
2961,12/1/2017 14:56,12/1/2017,-1.337841,36.669442,2,0,0,0,0
2962,12/1/2017 19:55,12/1/2017,-1.237318,36.843874,2,0,0,0,0
2963,12/2/2017 22:43,12/2/2017,-1.316124,36.813738,4,0,0,0,0
2964,12/3/2017 6:10,12/3/2017,-1.319316,36.837946,2,0,0,0,0
2965,12/3/2017 16:55,12/3/2017,-1.226377,36.883288,2,0,0,0,0
2966,12/4/2017 5:42,12/4/2017,-1.250000092,36.82102558,5,0,0,0,0
2967,12/4/2017 6:52,12/4/2017,-1.261422,36.839124,2,0,0,0,0
2968,12/5/2017 5:24,12/5/2017,-1.300091,36.780362,2,0,0,1,0
2969,12/5/2017 6:36,12/5/2017,-1.330419901,36.86750149,35,0,0,1,0
2970,12/6/2017 4:14,12/6/2017,-1.231445439,36.87795195,18,0,0,0,0
2971,12/6/2017 6:50,12/6/2017,-1.245125465,36.86688616,5,0,0,0,0
2972,12/6/2017 14:58,12/6/2017,-1.26359125,36.75934125,2,0,0,1,0
2973,12/6/2017 16:48,12/6/2017,-1.02449175,37.06718925,16,0,0,0,0
2974,12/7/2017 8:26,12/7/2017,-1.2595755,36.7854535,2,0,0,0,0
2975,12/8/2017 22:02,12/8/2017,-1.294576,36.853294,2,0,0,0,0
2976,12/8/2017 22:03,12/8/2017,-1.329352,36.799189,2,0,0,0,0
2977,12/9/2017 6:22,12/9/2017,-1.33146725,36.88820275,2,1,0,0,0
2978,12/11/2017 16:32,12/11/2017,-1.356244,36.762113,2,0,0,0,0
2979,12/11/2017 21:33,12/11/2017,-1.33166996,36.8883105,3,1,0,0,0
2980,12/12/2017 13:03,12/12/2017,-1.205178,36.915715,3,0,0,0,0
2981,12/13/2017 5:18,12/13/2017,-1.218893,36.892208,2,0,0,0,0
2982,12/13/2017 13:03,12/13/2017,-1.2311165,36.877668,3,0,0,0,0
2983,12/13/2017 13:27,12/13/2017,-1.1303825,36.982137,3,0,0,0,0
2984,12/13/2017 17:05,12/13/2017,-1.15104725,36.96168273,3,0,0,0,0
2985,12/15/2017 17:46,12/15/2017,-1.219204126,36.89185208,9,0,0,0,0
2986,12/15/2017 18:36,12/15/2017,-1.2109395,36.9073315,3,0,0,0,0
2987,12/17/2017 16:50,12/17/2017,-1.329701,36.8722835,2,0,0,0,1
2988,12/22/2017 20:37,12/22/2017,-1.3212845,36.84128025,2,0,0,0,0
2989,12/24/2017 21:42,12/24/2017,-1.1813435,36.937971,2,0,0,1,0
2990,3/14/2018 6:37,3/14/2018,-1.319083,36.9070425,2,0,0,0,0
2991,3/15/2018 7:56,3/15/2018,-1.283922,36.82294375,2,0,0,0,0
2992,3/16/2018 6:38,3/16/2018,-1.258821,36.77946825,3,0,0,0,0
2993,3/17/2018 10:03,3/17/2018,-1.323624,36.844773,4,0,0,0,0
2994,3/18/2018 8:26,3/18/2018,-1.3313545,36.8885805,2,1,0,0,0
2995,3/19/2018 6:27,3/19/2018,-1.331684674,36.7833913,5,1,0,0,0
2996,3/19/2018 12:10,3/19/2018,-1.21925875,36.89145875,2,0,0,0,0
2997,3/21/2018 10:33,3/21/2018,-1.460663,37.013251,2,0,0,0,0
2998,3/22/2018 7:02,3/22/2018,-1.284087,36.8193435,2,0,0,0,0
2999,3/23/2018 17:16,3/23/2018,-1.0242005,37.0671575,3,0,0,0,0
3000,3/24/2018 1:29,3/24/2018,-1.331891092,36.8888481,3,1,0,0,0
3001,3/24/2018 6:24,3/24/2018,-1.33007425,36.87073575,2,0,0,1,0
3002,3/24/2018 9:24,3/24/2018,-1.2939825,36.851174,2,0,0,1,0
3003,3/25/2018 17:15,3/25/2018,-1.31024275,36.8179825,2,0,0,0,0
3004,3/26/2018 6:43,3/26/2018,-1.255458,36.694003,2,0,0,0,0
3005,3/27/2018 7:35,3/27/2018,-1.2960755,36.860385,2,0,0,0,0
3006,3/27/2018 8:51,3/27/2018,-1.29422675,36.852293,2,0,0,0,0
3007,3/27/2018 11:50,3/27/2018,-1.2609115,36.795766,2,0,0,0,1
3008,3/29/2018 10:16,3/29/2018,-1.024104,37.0669645,2,0,0,0,0
3009,3/29/2018 19:26,3/29/2018,-1.346559,36.902353,2,1,0,0,0
3010,3/30/2018 6:24,3/30/2018,-1.2450775,36.8668835,2,0,0,0,0
3011,3/31/2018 9:05,3/31/2018,-1.265669059,36.83520978,5,0,0,0,0
3012,3/31/2018 10:10,3/31/2018,-1.319401093,36.83811386,4,0,1,0,0
3013,4/2/2018 12:20,4/2/2018,-1.1819075,36.9373865,4,0,0,1,0
3014,4/4/2018 5:06,4/4/2018,-1.342945,36.7644435,2,0,0,0,0
3015,4/8/2018 22:18,4/8/2018,-1.318552,36.811371,2,1,1,0,0
3016,4/9/2018 2:56,4/9/2018,-1.304861,36.8263315,2,0,0,0,0
3017,4/9/2018 15:29,4/9/2018,-1.262684087,36.76524344,3,0,0,1,0
3018,4/10/2018 5:53,4/10/2018,-1.2684235,36.835507,2,0,0,0,0
3019,4/11/2018 7:23,4/11/2018,-1.232453,36.9899415,3,0,0,0,0
3020,4/13/2018 6:01,4/13/2018,-1.233347663,36.87454495,4,0,0,0,0
3021,4/13/2018 17:22,4/13/2018,-1.26091125,36.8419375,2,0,0,0,0
3022,4/14/2018 20:21,4/14/2018,-1.364719,36.911405,2,0,0,0,0
3023,4/14/2018 20:36,4/14/2018,-1.283606,37.10071,2,0,0,0,0
3024,4/14/2018 21:01,4/14/2018,-1.27700575,36.81367825,2,0,0,0,0
3025,4/15/2018 16:57,4/15/2018,-1.068176,37.050495,2,0,0,0,0
3026,4/15/2018 17:41,4/15/2018,-1.32293703,36.84372649,4,0,0,0,0
3027,4/16/2018 17:46,4/16/2018,-1.2620285,36.840156,2,0,0,0,0
3028,4/17/2018 7:41,4/17/2018,-1.171223,36.9726725,2,0,0,0,0
3029,4/17/2018 18:29,4/17/2018,-1.274458235,36.79992315,3,0,0,1,0
3030,4/18/2018 2:30,4/18/2018,-1.105573,37.017074,2,0,0,0,0
3031,4/18/2018 17:56,4/18/2018,-1.302214,36.83822725,2,0,0,1,0
3032,4/20/2018 9:03,4/20/2018,-1.324947609,36.8480689,4,0,0,0,0
3033,4/20/2018 17:00,4/20/2018,-1.305187087,36.82487495,3,0,1,0,0
3034,4/21/2018 12:31,4/21/2018,-1.130197,36.983968,2,0,0,0,0
3035,4/21/2018 13:24,4/21/2018,-1.2593075,36.7687665,2,0,0,0,0
3036,4/21/2018 22:04,4/21/2018,-1.29697275,36.87563025,5,0,0,1,0
3037,4/21/2018 22:28,4/21/2018,-1.283412,36.823595,3,0,0,1,0
3038,4/22/2018 14:13,4/22/2018,-1.397105,36.941707,13,1,0,0,0
3039,4/22/2018 14:58,4/22/2018,-1.2997835,36.824071,2,0,0,1,0
3040,4/23/2018 5:26,4/23/2018,-1.22475625,36.88510725,2,0,0,0,0
3041,4/24/2018 5:21,4/24/2018,-1.344000713,36.90118374,9,0,0,0,0
3042,4/24/2018 5:50,4/24/2018,-1.331217851,36.88808339,9,0,0,0,0
3043,4/24/2018 5:59,4/24/2018,-1.328164035,36.85333593,5,0,0,0,0
3044,4/24/2018 6:35,4/24/2018,-1.259318,36.76871875,2,0,0,0,0
3045,4/24/2018 6:51,4/24/2018,-1.232026,36.87558125,2,0,0,0,0
3046,4/24/2018 10:48,4/24/2018,-1.370335,36.917657,2,0,0,0,0
3047,4/24/2018 21:36,4/24/2018,-1.2183675,36.891856,3,1,0,0,0
3048,4/25/2018 6:01,4/25/2018,-1.1960435,36.9017305,2,0,0,0,0
3049,4/25/2018 6:10,4/25/2018,-1.203611,36.916902,2,0,0,0,0
3050,4/25/2018 9:41,4/25/2018,-3.726119,39.036457,2,0,0,0,0
3051,4/25/2018 12:37,4/25/2018,-1.323317,36.84409925,2,0,1,0,0
3052,4/26/2018 6:01,4/26/2018,-1.256335,36.855314,4,0,0,0,0
3053,4/26/2018 11:18,4/26/2018,-1.219341637,36.89136817,3,0,0,0,0
3054,4/27/2018 6:25,4/27/2018,-1.24529375,36.86691225,3,0,0,0,0
3055,4/30/2018 22:57,4/30/2018,-1.090305,37.034528,2,1,0,0,0
3056,5/1/2018 7:49,5/1/2018,-1.323555,36.8444135,2,1,1,0,0
3057,5/2/2018 6:50,5/2/2018,-1.35228825,36.762855,4,0,0,1,0
3058,5/2/2018 7:44,5/2/2018,-1.285539187,36.8827053,5,0,0,0,0
3059,5/2/2018 20:39,5/2/2018,-1.289989,36.770248,2,0,0,0,0
3060,5/2/2018 22:11,5/2/2018,-1.244652375,36.8672554,5,0,0,0,0
3061,5/3/2018 5:58,5/3/2018,-1.331576,36.888195,3,0,0,0,0
3062,5/3/2018 11:01,5/3/2018,-1.3456695,36.90219325,2,0,0,0,0
3063,5/3/2018 17:35,5/3/2018,-1.093007,37.031652,2,0,0,0,0
3064,5/3/2018 20:16,5/3/2018,-1.10662635,37.01601545,5,0,0,0,0
3065,5/5/2018 12:28,5/5/2018,-1.3380625,36.7704455,2,0,0,0,1
3066,5/7/2018 7:35,5/7/2018,-1.311046,36.729608,2,0,0,0,0
3067,5/7/2018 8:11,5/7/2018,-1.26294525,36.7642709,3,0,0,0,0
3068,5/7/2018 15:50,5/7/2018,-1.18128125,36.9379065,4,0,0,0,0
3069,5/8/2018 5:51,5/8/2018,-1.2266657,36.88365505,2,0,0,0,0
3070,5/8/2018 17:58,5/8/2018,-1.328049,36.7885965,2,0,0,0,0
3071,5/8/2018 18:56,5/8/2018,-1.30435995,36.74663435,2,0,0,0,0
3072,5/8/2018 20:47,5/8/2018,-1.266150175,36.8349072,2,0,0,0,0
3073,5/8/2018 21:06,5/8/2018,-1.259313,36.70461075,2,0,0,0,0
3074,5/8/2018 21:18,5/8/2018,-1.26079975,36.71674675,2,0,0,0,0
3075,5/9/2018 5:14,5/9/2018,-1.260553852,36.71759964,42,1,0,1,0
3076,5/9/2018 10:08,5/9/2018,-1.296461,36.884119,2,0,0,1,0
3077,5/9/2018 14:41,5/9/2018,-1.3255805,36.794436,4,0,0,0,0
3078,5/9/2018 16:16,5/9/2018,-1.325976651,36.84924279,4,0,0,0,0
3079,5/9/2018 21:13,5/9/2018,-1.225694,36.9161785,2,0,0,0,0
3080,5/10/2018 8:12,5/10/2018,-1.432643939,36.96467646,5,0,0,0,0
3081,5/10/2018 16:43,5/10/2018,-1.342427,36.767526,2,0,0,0,0
3082,5/10/2018 19:30,5/10/2018,-1.2040745,36.916738,2,0,0,0,0
3083,5/11/2018 16:43,5/11/2018,-1.2029425,36.9177285,3,0,0,0,0
3084,5/11/2018 19:55,5/11/2018,-1.3439975,36.902548,2,0,0,1,0
3085,5/12/2018 9:05,5/12/2018,-1.131089078,36.98206481,10,0,0,0,0
3086,5/13/2018 4:59,5/13/2018,-1.226183554,36.88405191,6,0,0,0,0
3087,5/14/2018 6:46,5/14/2018,-1.260152,36.72198,2,0,0,1,0
3088,5/15/2018 20:11,5/15/2018,-0.940628,36.620609,2,0,0,0,0
3089,5/16/2018 7:05,5/16/2018,-1.32546805,36.84869045,2,0,0,0,0
3090,5/16/2018 8:47,5/16/2018,-1.26981425,36.83166475,3,0,0,1,0
3091,5/16/2018 19:34,5/16/2018,-1.352021,36.7628505,2,0,0,0,0
3092,5/17/2018 7:24,5/17/2018,-1.255421661,36.69425239,14,0,0,1,0
3093,5/17/2018 9:17,5/17/2018,-1.317558,36.8338515,2,0,0,0,1
3094,5/17/2018 15:19,5/17/2018,-1.364719,36.911405,2,0,0,0,0
3095,5/17/2018 16:33,5/17/2018,-1.02427375,37.06698075,4,0,0,0,0
3096,5/18/2018 7:27,5/18/2018,-1.2600735,36.7720205,3,0,0,0,0
3097,5/18/2018 15:46,5/18/2018,-1.2708615,36.8290975,2,0,0,1,0
3098,5/18/2018 15:47,5/18/2018,-1.266783,36.834315,2,0,0,0,0
3099,5/18/2018 19:12,5/18/2018,-1.118068153,37.00956344,8,0,0,0,0
3100,5/18/2018 19:55,5/18/2018,-1.3115235,36.9256125,2,0,0,0,0
3101,5/19/2018 11:17,5/19/2018,-1.299802,36.824145,2,0,0,0,0
3102,5/20/2018 7:44,5/20/2018,-1.3299895,36.8710825,2,0,0,0,0
3103,5/20/2018 11:06,5/20/2018,-1.3291865,36.85559325,4,0,0,1,0
3104,5/20/2018 17:34,5/20/2018,-1.3266175,36.7950765,2,1,0,0,0
3105,5/20/2018 23:06,5/20/2018,-1.3167295,36.83394975,3,0,0,0,0
3106,5/21/2018 6:47,5/21/2018,-1.236054,36.890589,3,0,0,0,0
3107,5/21/2018 19:54,5/21/2018,-1.2265776,36.88353678,3,0,0,0,0
3108,5/22/2018 4:54,5/22/2018,-1.288828,36.950339,2,0,0,0,0
3109,5/22/2018 6:21,5/22/2018,-1.365036,36.911689,2,1,0,0,0
3110,5/22/2018 12:05,5/22/2018,-1.170112,36.70204,3,0,0,0,0
3111,5/23/2018 7:23,5/23/2018,-1.434152912,36.96554552,4,0,0,1,0
3112,5/23/2018 14:38,5/23/2018,-1.329873813,36.86956075,3,0,0,0,0
3113,5/24/2018 7:45,5/24/2018,-1.26993525,36.7926215,18,1,0,1,0
3114,5/24/2018 8:12,5/24/2018,-1.325156,36.848661,2,0,0,0,0
3115,5/25/2018 14:47,5/25/2018,-1.2640555,36.749398,2,0,0,0,0
